domain,source_order,source_journal_name,impact_factor,jcr_value,cass_value,issn_l,print_issn,eissn,all_issns,crossref_publisher,resolution_status,pubmed_supported,pubmed_record_count,pubmed_checked_at,source_url,verification_status
medicine,1,CA-A Cancer Journal for Clinicians,232.4,肿瘤学-1区,1区,,,,[],,unresolved,unknown,0,,https://mp.weixin.qq.com/s/h_3PwOTE-7CNowwthUzEzg,pending_clarivate_verification
medicine,2,Nature Reviews Drug Discovery,101.8,"生物工程与应用微生物-1区
药学-1区",1区,,1474-1776,1474-1784,"[""1474-1776"",""1474-1784""]",Springer Science and Business Media LLC,resolved,unknown,0,,https://mp.weixin.qq.com/s/h_3PwOTE-7CNowwthUzEzg,pending_clarivate_verification
medicine,3,Kidney International Supplements,89.6,泌尿学与肾脏学-1区,2区,,2157-1724,2157-1716,"[""2157-1716"",""2157-1724""]",Elsevier,resolved,unknown,0,,https://mp.weixin.qq.com/s/h_3PwOTE-7CNowwthUzEzg,pending_clarivate_verification
medicine,4,Lancet,88.5,医学：内科-1区,1区,,,,[],,unresolved,unknown,0,,https://mp.weixin.qq.com/s/h_3PwOTE-7CNowwthUzEzg,pending_clarivate_verification
medicine,5,Nature Reviews Clinical Oncology,82.2,肿瘤学-1区,1区,,1759-4774,1759-4782,"[""1759-4774"",""1759-4782""]",Springer Science and Business Media LLC,resolved,unknown,0,,https://mp.weixin.qq.com/s/h_3PwOTE-7CNowwthUzEzg,pending_clarivate_verification
medicine,6,New England Journal of Medicine,78.5,医学：内科-1区,1区,,0028-4793,1533-4406,"[""0028-4793"",""1533-4406""]",New England Journal of Medicine,resolved,unknown,0,,https://mp.weixin.qq.com/s/h_3PwOTE-7CNowwthUzEzg,pending_clarivate_verification
medicine,7,Nature Reviews Cancer,66.8,肿瘤学-1区,1区,,1474-175X,1474-1768,"[""1474-175X"",""1474-1768""]",Springer Science and Business Media LLC,resolved,unknown,0,,https://mp.weixin.qq.com/s/h_3PwOTE-7CNowwthUzEzg,pending_clarivate_verification
medicine,8,World Psychiatry,65.8,精神病学-1区,1区,,1723-8617,2051-5545,"[""1723-8617"",""2051-5545""]",Wiley (John Wiley & Sons),resolved,unknown,0,,https://mp.weixin.qq.com/s/h_3PwOTE-7CNowwthUzEzg,pending_clarivate_verification
medicine,9,Annals of Oncology,65.4,肿瘤学-1区,1区,,0923-7534,1569-8041,"[""0923-7534"",""1569-8041""]",Elsevier,resolved,unknown,0,,https://mp.weixin.qq.com/s/h_3PwOTE-7CNowwthUzEzg,pending_clarivate_verification
medicine,10,Nature Reviews Immunology,60.9,免疫学-1区,1区,,1474-1741,1474-1741,"[""1474-1733"",""1474-1741""]",Springer Science and Business Media LLC,resolved,unknown,0,,https://mp.weixin.qq.com/s/h_3PwOTE-7CNowwthUzEzg,pending_clarivate_verification
medicine,11,Nature Reviews Disease Primers,60.6,医学：内科-1区,1区,,,2056-676X,"[""2056-676X""]",Springer Science and Business Media LLC,resolved,unknown,0,,https://mp.weixin.qq.com/s/h_3PwOTE-7CNowwthUzEzg,pending_clarivate_verification
medicine,12,Mmwr Recommendations and Reports,60.1,公共卫生、环境卫生与职业卫生-1区,1区,,1057-5987,1545-8601,"[""1057-5987"",""1545-8601""]",Centers for Disease Control MMWR Office,resolved,unknown,0,,https://mp.weixin.qq.com/s/h_3PwOTE-7CNowwthUzEzg,pending_clarivate_verification
medicine,13,JAMA-Journal of the American Medical Association,55.0,医学：内科-1区,1区,,,,[],,unresolved,unknown,0,,https://mp.weixin.qq.com/s/h_3PwOTE-7CNowwthUzEzg,pending_clarivate_verification
medicine,14,Signal Transduction and Targeted Therapy,52.7,"生化与分子生物学-1区
细胞生物学-1区",1区,,,2059-3635,"[""2059-3635""]",Springer Science and Business Media LLC,resolved,unknown,0,,https://mp.weixin.qq.com/s/h_3PwOTE-7CNowwthUzEzg,pending_clarivate_verification
medicine,15,Nature Reviews Gastroenterology & Hepatology,51.0,胃肠肝病学-1区,1区,,1759-5045,1759-5053,"[""1759-5045"",""1759-5053""]",Springer Science and Business Media LLC,resolved,unknown,0,,https://mp.weixin.qq.com/s/h_3PwOTE-7CNowwthUzEzg,pending_clarivate_verification
medicine,16,Nature Medicine,50.0,"生化与分子生物学-1区
细胞生物学-1区
医学：研究与实验-1区",1区,,1078-8956,1546-170X,"[""1078-8956"",""1546-170X""]",Springer Science and Business Media LLC,resolved,unknown,0,,https://mp.weixin.qq.com/s/h_3PwOTE-7CNowwthUzEzg,pending_clarivate_verification
medicine,17,Mmwr Surveillance Summaries,49.8,公共卫生、环境卫生与职业卫生-1区,1区,,1546-0738,1545-8636,"[""1545-8636"",""1546-0738""]",Centers for Disease Control MMWR Office,resolved,unknown,0,,https://mp.weixin.qq.com/s/h_3PwOTE-7CNowwthUzEzg,pending_clarivate_verification
medicine,18,Lancet Neurology,45.5,临床神经病学-1区,1区,,,,[],,unresolved,unknown,0,,https://mp.weixin.qq.com/s/h_3PwOTE-7CNowwthUzEzg,pending_clarivate_verification
medicine,19,Cancer Cell,44.5,"细胞生物学-1区
肿瘤学-1区",1区,,1535-6108,,"[""1535-6108""]",Elsevier,resolved,unknown,0,,https://mp.weixin.qq.com/s/h_3PwOTE-7CNowwthUzEzg,pending_clarivate_verification
medicine,20,Nature Reviews Cardiology,44.2,心脏和心血管系统-1区,1区,,1759-5002,1759-5010,"[""1759-5002"",""1759-5010""]",Springer Science and Business Media LLC,resolved,unknown,0,,https://mp.weixin.qq.com/s/h_3PwOTE-7CNowwthUzEzg,pending_clarivate_verification
medicine,21,BMJ-British Medical Journal,42.7,医学：内科-1区,1区,,,,[],,unresolved,unknown,0,,https://mp.weixin.qq.com/s/h_3PwOTE-7CNowwthUzEzg,pending_clarivate_verification
medicine,22,Journal of Clinical Oncology,41.9,肿瘤学-1区,1区,,0732-183X,1527-7755,"[""0732-183X"",""1527-7755""]",American Society of Clinical Oncology,resolved,unknown,0,,https://mp.weixin.qq.com/s/h_3PwOTE-7CNowwthUzEzg,pending_clarivate_verification
medicine,23,Lancet Diabetes & Endocrinology,41.8,内分泌学与代谢-1区,1区,,,,[],,unresolved,unknown,0,,https://mp.weixin.qq.com/s/h_3PwOTE-7CNowwthUzEzg,pending_clarivate_verification
medicine,24,Journal of Hematology & Oncology,40.4,"血液学-1区
肿瘤学-1区",1区,,1756-8722,1756-8722,"[""1756-8722""]",Springer (Biomed Central Ltd.),resolved,unknown,0,,https://mp.weixin.qq.com/s/h_3PwOTE-7CNowwthUzEzg,pending_clarivate_verification
medicine,25,Nature Reviews Endocrinology,40.0,内分泌学与代谢-1区,1区,,1759-5029,1759-5037,"[""1759-5029"",""1759-5037""]",Springer Science and Business Media LLC,resolved,unknown,0,,https://mp.weixin.qq.com/s/h_3PwOTE-7CNowwthUzEzg,pending_clarivate_verification
medicine,26,Nature Reviews Nephrology,39.8,泌尿学与肾脏学-1区,1区,,1759-5061,1759-507X,"[""1759-5061"",""1759-507X""]",Springer Science and Business Media LLC,resolved,unknown,0,,https://mp.weixin.qq.com/s/h_3PwOTE-7CNowwthUzEzg,pending_clarivate_verification
medicine,27,Lancet Gastroenterology & Hepatology,38.6,胃肠肝病学-1区,1区,,,,[],,unresolved,unknown,0,,https://mp.weixin.qq.com/s/h_3PwOTE-7CNowwthUzEzg,pending_clarivate_verification
medicine,28,Circulation,38.6,"心脏和心血管系统-1区
外周血管病-1区",1区,,0009-7322,1524-4539,"[""0009-7322"",""1524-4539""]",Ovid Technologies (Wolters Kluwer) - American Heart Association,resolved,unknown,0,,https://mp.weixin.qq.com/s/h_3PwOTE-7CNowwthUzEzg,pending_clarivate_verification
medicine,29,Lancet Oncology,35.9,肿瘤学-1区,1区,,,,[],,unresolved,unknown,0,,https://mp.weixin.qq.com/s/h_3PwOTE-7CNowwthUzEzg,pending_clarivate_verification
medicine,30,European Heart Journal,35.6,心脏和心血管系统-1区,1区,,0195-668X,1522-9645,"[""0195-668X"",""1522-9645""]",Oxford University Press,resolved,unknown,0,,https://mp.weixin.qq.com/s/h_3PwOTE-7CNowwthUzEzg,pending_clarivate_verification
medicine,31,Annual Review of Pathology-Mechanisms of Disease,34.5,病理学-1区,1区,,,,[],,unresolved,unknown,0,,https://mp.weixin.qq.com/s/h_3PwOTE-7CNowwthUzEzg,pending_clarivate_verification
medicine,32,Molecular Cancer,33.9,"生化与分子生物学-1区
肿瘤学-1区",1区,,1476-4598,1476-4598,"[""1476-4598""]",Springer (Biomed Central Ltd.),resolved,unknown,0,,https://mp.weixin.qq.com/s/h_3PwOTE-7CNowwthUzEzg,pending_clarivate_verification
medicine,33,Annual Review of Immunology,33.3,免疫学-1区,1区,,0732-0582,1545-3278,"[""0732-0582"",""1545-3278""]",Annual Reviews,resolved,unknown,0,,https://mp.weixin.qq.com/s/h_3PwOTE-7CNowwthUzEzg,pending_clarivate_verification
medicine,34,Cancer Discovery,33.3,肿瘤学-1区,1区,,2159-8274,2159-8290,"[""2159-8274"",""2159-8290""]",American Association for Cancer Research,resolved,unknown,0,,https://mp.weixin.qq.com/s/h_3PwOTE-7CNowwthUzEzg,pending_clarivate_verification
medicine,35,Nature Reviews Neurology,33.1,临床神经病学-1区,1区,,1759-4758,1759-4766,"[""1759-4758"",""1759-4766""]",Springer Science and Business Media LLC,resolved,unknown,0,,https://mp.weixin.qq.com/s/h_3PwOTE-7CNowwthUzEzg,pending_clarivate_verification
medicine,36,Journal of Hepatology,33.0,胃肠肝病学-1区,1区,,0168-8278,0168-8278,"[""0168-8278""]",Elsevier,resolved,unknown,0,,https://mp.weixin.qq.com/s/h_3PwOTE-7CNowwthUzEzg,pending_clarivate_verification
medicine,37,Lancet Respiratory Medicine,32.8,"危重病医学-1区
呼吸系统-1区",1区,,,,[],,unresolved,unknown,0,,https://mp.weixin.qq.com/s/h_3PwOTE-7CNowwthUzEzg,pending_clarivate_verification
medicine,38,Nature Reviews Rheumatology,32.7,风湿病学-1区,1区,,1759-4790,1759-4804,"[""1759-4790"",""1759-4804""]",Springer Science and Business Media LLC,resolved,unknown,0,,https://mp.weixin.qq.com/s/h_3PwOTE-7CNowwthUzEzg,pending_clarivate_verification
medicine,39,Lancet Infectious Diseases,31.0,传染病学-1区,1区,,,,[],,unresolved,unknown,0,,https://mp.weixin.qq.com/s/h_3PwOTE-7CNowwthUzEzg,pending_clarivate_verification
medicine,40,Physiological Reviews,28.7,生理学-1区,1区,,0031-9333,1522-1210,"[""0031-9333"",""1522-1210""]",American Physiological Society,resolved,unknown,0,,https://mp.weixin.qq.com/s/h_3PwOTE-7CNowwthUzEzg,pending_clarivate_verification
medicine,41,Nature Cancer,28.5,肿瘤学-1区,1区,,,2662-1347,"[""2662-1347""]",Springer Science and Business Media LLC,resolved,unknown,0,,https://mp.weixin.qq.com/s/h_3PwOTE-7CNowwthUzEzg,pending_clarivate_verification
medicine,42,Nature Immunology,27.6,免疫学-1区,1区,,1529-2908,1529-2916,"[""1529-2908"",""1529-2916""]",Springer Science and Business Media LLC,resolved,unknown,0,,https://mp.weixin.qq.com/s/h_3PwOTE-7CNowwthUzEzg,pending_clarivate_verification
medicine,43,Nature Reviews Neuroscience,26.7,神经科学-1区,1区,,1471-0048,1471-0048,"[""1471-003X"",""1471-0048""]",Springer Science and Business Media LLC,resolved,unknown,0,,https://mp.weixin.qq.com/s/h_3PwOTE-7CNowwthUzEzg,pending_clarivate_verification
medicine,44,Nature Biomedical Engineering,26.6,工程：生物医学-1区,1区,,,2157-846X,"[""2157-846X""]",Springer Science and Business Media LLC,resolved,unknown,0,,https://mp.weixin.qq.com/s/h_3PwOTE-7CNowwthUzEzg,pending_clarivate_verification
medicine,45,Immunity,26.3,免疫学-1区,1区,,1074-7613,,"[""1074-7613""]",Elsevier,resolved,unknown,0,,https://mp.weixin.qq.com/s/h_3PwOTE-7CNowwthUzEzg,pending_clarivate_verification
medicine,46,Gut,25.8,胃肠肝病学-1区,1区,,0017-5749,1468-3288,"[""0017-5749"",""1468-3288""]",BMJ,resolved,unknown,0,,https://mp.weixin.qq.com/s/h_3PwOTE-7CNowwthUzEzg,pending_clarivate_verification
medicine,47,Lancet Public Health,25.2,公共卫生、环境卫生与职业卫生-1区,1区,,,,[],,unresolved,unknown,0,,https://mp.weixin.qq.com/s/h_3PwOTE-7CNowwthUzEzg,pending_clarivate_verification
medicine,48,European Urology,25.2,泌尿学与肾脏学-1区,1区,,0302-2838,1421-993X,"[""0302-2838"",""1421-993X"",""1873-7560""]",Elsevier,resolved,unknown,0,,https://mp.weixin.qq.com/s/h_3PwOTE-7CNowwthUzEzg,pending_clarivate_verification
medicine,49,Gastroenterology,25.1,胃肠肝病学-1区,1区,,,,[],,ambiguous,unknown,0,,https://mp.weixin.qq.com/s/h_3PwOTE-7CNowwthUzEzg,pending_clarivate_verification
medicine,50,Cancer Communications,24.9,肿瘤学-1区,1区,,,,[],,ambiguous,unknown,0,,https://mp.weixin.qq.com/s/h_3PwOTE-7CNowwthUzEzg,pending_clarivate_verification
medicine,51,Lancet Psychiatry,24.8,精神病学-1区,1区,,,,[],,unresolved,unknown,0,,https://mp.weixin.qq.com/s/h_3PwOTE-7CNowwthUzEzg,pending_clarivate_verification
medicine,52,Lancet Digital Health,24.1,"医学：信息-1区
医学：内科-1区",1区,,,,[],,unresolved,unknown,0,,https://mp.weixin.qq.com/s/h_3PwOTE-7CNowwthUzEzg,pending_clarivate_verification
medicine,53,JAMA Internal Medicine,23.3,医学：内科-1区,1区,,2168-6106,,"[""2168-6106""]",American Medical Association,resolved,unknown,0,,https://mp.weixin.qq.com/s/h_3PwOTE-7CNowwthUzEzg,pending_clarivate_verification
medicine,54,Blood,23.1,血液学-1区,1区,,0006-4971,1528-0020,"[""0006-4971"",""1528-0020""]",American Society of Hematology,resolved,unknown,0,,https://mp.weixin.qq.com/s/h_3PwOTE-7CNowwthUzEzg,pending_clarivate_verification
medicine,55,Military Medical Research,22.9,医学：内科-1区,1区,,2095-7467,2054-9369,"[""2054-9369"",""2095-7467""]",Elsevier,resolved,unknown,0,,https://mp.weixin.qq.com/s/h_3PwOTE-7CNowwthUzEzg,pending_clarivate_verification
medicine,56,Journal of the American College of Cardiology,22.3,心脏和心血管系统-1区,1区,,0735-1097,,"[""0735-1097""]",Elsevier,resolved,unknown,0,,https://mp.weixin.qq.com/s/h_3PwOTE-7CNowwthUzEzg,pending_clarivate_verification
medicine,57,Annual Review of Medicine,22.1,医学：研究与实验-1区,1区,,0066-4219,1545-326X,"[""0066-4219"",""1545-326X""]",Annual Reviews,resolved,unknown,0,,https://mp.weixin.qq.com/s/h_3PwOTE-7CNowwthUzEzg,pending_clarivate_verification
medicine,58,Endocrine Reviews,22.0,内分泌学与代谢-1区,1区,,0163-769X,1945-7189,"[""0163-769X"",""1945-7189""]",The Endocrine Society,resolved,unknown,0,,https://mp.weixin.qq.com/s/h_3PwOTE-7CNowwthUzEzg,pending_clarivate_verification
medicine,59,Drug Resistance Updates,21.7,药学-1区,1区,,1368-7646,,"[""1368-7646""]",Elsevier,resolved,unknown,0,,https://mp.weixin.qq.com/s/h_3PwOTE-7CNowwthUzEzg,pending_clarivate_verification
medicine,60,Lancet Planetary Health,21.6,"环境科学-1区
公共卫生、环境卫生与职业卫生-1区",1区,,,,[],,unresolved,unknown,0,,https://mp.weixin.qq.com/s/h_3PwOTE-7CNowwthUzEzg,pending_clarivate_verification
medicine,61,JAMA Neurology,21.3,临床神经病学-1区,1区,,2168-6149,,"[""2168-6149""]",American Medical Association,resolved,unknown,0,,https://mp.weixin.qq.com/s/h_3PwOTE-7CNowwthUzEzg,pending_clarivate_verification
medicine,62,Intensive Care Medicine,21.2,危重病医学-1区,1区,,0342-4642,1432-1238,"[""0342-4642"",""1432-1238""]",Springer-Verlag,resolved,unknown,0,,https://mp.weixin.qq.com/s/h_3PwOTE-7CNowwthUzEzg,pending_clarivate_verification
medicine,63,European Respiratory Journal,21.0,呼吸系统-1区,1区,,0903-1936,1399-3003,"[""0903-1936"",""1399-3003""]",European Respiratory Society,resolved,unknown,0,,https://mp.weixin.qq.com/s/h_3PwOTE-7CNowwthUzEzg,pending_clarivate_verification
medicine,64,Nature Metabolism,20.8,内分泌学与代谢-1区,1区,,,2522-5812,"[""2522-5812""]",Springer Science and Business Media LLC,resolved,unknown,0,,https://mp.weixin.qq.com/s/h_3PwOTE-7CNowwthUzEzg,pending_clarivate_verification
medicine,65,Journal of Thoracic Oncology,20.8,"肿瘤学-1区
呼吸系统-1区",1区,,1556-0864,,"[""1556-0864""]",Elsevier,resolved,unknown,0,,https://mp.weixin.qq.com/s/h_3PwOTE-7CNowwthUzEzg,pending_clarivate_verification
medicine,66,Annual Review of Public Health,20.7,公共卫生、环境卫生与职业卫生-1区,1区,,0163-7525,1545-2093,"[""0163-7525"",""1545-2093""]",Annual Reviews,resolved,unknown,0,,https://mp.weixin.qq.com/s/h_3PwOTE-7CNowwthUzEzg,pending_clarivate_verification
medicine,67,Annals of the Rheumatic Diseases,20.6,风湿病学-1区,1区,,0003-4967,1468-2060,"[""0003-4967"",""1468-2060""]",Elsevier,resolved,unknown,0,,https://mp.weixin.qq.com/s/h_3PwOTE-7CNowwthUzEzg,pending_clarivate_verification
medicine,68,Cell Stem Cell,20.4,"细胞与组织工程-1区
细胞生物学-1区",1区,,1934-5909,,"[""1934-5909""]",Elsevier,resolved,unknown,0,,https://mp.weixin.qq.com/s/h_3PwOTE-7CNowwthUzEzg,pending_clarivate_verification
medicine,69,Bioactive Materials,20.3,"工程：生物医学-1区
材料科学：生物材料-1区",1区,,2097-1192,2452-199X,"[""2097-1192"",""2452-199X""]",Elsevier,resolved,unknown,0,,https://mp.weixin.qq.com/s/h_3PwOTE-7CNowwthUzEzg,pending_clarivate_verification
medicine,70,JAMA Oncology,20.1,肿瘤学-1区,1区,,2374-2437,,"[""2374-2437""]",American Medical Association,resolved,unknown,0,,https://mp.weixin.qq.com/s/h_3PwOTE-7CNowwthUzEzg,pending_clarivate_verification
medicine,71,Nature Neuroscience,20.0,神经科学-1区,1区,,1097-6256,1546-1726,"[""1097-6256"",""1546-1726""]",Springer Science and Business Media LLC,resolved,unknown,0,,https://mp.weixin.qq.com/s/h_3PwOTE-7CNowwthUzEzg,pending_clarivate_verification
medicine,72,Trends in Pharmacological Sciences,19.9,药学-1区,1区,,0165-6147,,"[""0165-6147""]",Elsevier,resolved,unknown,0,,https://mp.weixin.qq.com/s/h_3PwOTE-7CNowwthUzEzg,pending_clarivate_verification
medicine,73,Cellular & Molecular Immunology,19.8,免疫学-1区,1区,,,,[],,unresolved,unknown,0,,https://mp.weixin.qq.com/s/h_3PwOTE-7CNowwthUzEzg,pending_clarivate_verification
medicine,74,Nature Aging,19.4,"细胞生物学-1区
老年医学-1区
神经科学-1区",1区,,,2662-8465,"[""2662-8465""]",Springer Science and Business Media LLC,resolved,unknown,0,,https://mp.weixin.qq.com/s/h_3PwOTE-7CNowwthUzEzg,pending_clarivate_verification
medicine,75,American Journal of Respiratory and Critical Care Medicine,19.4,"危重病医学-1区
呼吸系统-1区",1区,,1073-449X,1535-4970,"[""0003-0805"",""1073-449X"",""1535-4970""]",Oxford University Press,resolved,unknown,0,,https://mp.weixin.qq.com/s/h_3PwOTE-7CNowwthUzEzg,pending_clarivate_verification
medicine,76,Clinical Microbiology Reviews,19.3,微生物学-1区,1区,,0893-8512,1098-6618,"[""0893-8512"",""1098-6618""]",American Society for Microbiology,resolved,unknown,0,,https://mp.weixin.qq.com/s/h_3PwOTE-7CNowwthUzEzg,pending_clarivate_verification
medicine,77,Annual Review of Physiology,19.1,生理学-1区,1区,,0066-4278,1545-1585,"[""0066-4278"",""1545-1585""]",Annual Reviews,resolved,unknown,0,,https://mp.weixin.qq.com/s/h_3PwOTE-7CNowwthUzEzg,pending_clarivate_verification
medicine,78,Cell Host & Microbe,18.7,"微生物学-1区
寄生虫学-1区
病毒学-1区",1区,,1931-3128,,"[""1931-3128""]",Elsevier,resolved,unknown,0,,https://mp.weixin.qq.com/s/h_3PwOTE-7CNowwthUzEzg,pending_clarivate_verification
medicine,79,JAMA Pediatrics,18.0,儿科-1区,1区,,2168-6203,,"[""2168-6203""]",American Medical Association,resolved,unknown,0,,https://mp.weixin.qq.com/s/h_3PwOTE-7CNowwthUzEzg,pending_clarivate_verification
medicine,80,Lancet Global Health,18.0,公共卫生、环境卫生与职业卫生-1区,1区,,,,[],,unresolved,unknown,0,,https://mp.weixin.qq.com/s/h_3PwOTE-7CNowwthUzEzg,pending_clarivate_verification
medicine,81,Lancet Haematology,17.7,血液学-1区,1区,,,,[],,unresolved,unknown,0,,https://mp.weixin.qq.com/s/h_3PwOTE-7CNowwthUzEzg,pending_clarivate_verification
medicine,82,Advanced Drug Delivery Reviews,17.6,药学-1区,1区,,0169-409X,,"[""0169-409X""]",Elsevier,resolved,unknown,0,,https://mp.weixin.qq.com/s/h_3PwOTE-7CNowwthUzEzg,pending_clarivate_verification
medicine,83,Trends in Cancer,17.5,肿瘤学-1区,1区,,2405-8033,,"[""2405-8033""]",Elsevier,resolved,unknown,0,,https://mp.weixin.qq.com/s/h_3PwOTE-7CNowwthUzEzg,pending_clarivate_verification
medicine,84,Molecular Neurodegeneration,17.5,神经科学-1区,1区,,1750-1326,1750-1326,"[""1750-1326""]",Springer (Biomed Central Ltd.),resolved,unknown,0,,https://mp.weixin.qq.com/s/h_3PwOTE-7CNowwthUzEzg,pending_clarivate_verification
medicine,85,Psychotherapy and Psychosomatics,17.4,"精神病学-1区
心理学-1区",1区,,0033-3190,1423-0348,"[""0033-3190"",""1423-0348""]",S. Karger AG,resolved,unknown,0,,https://mp.weixin.qq.com/s/h_3PwOTE-7CNowwthUzEzg,pending_clarivate_verification
medicine,86,Pharmacological Reviews,17.3,药学-1区,1区,,0031-6997,1521-0081,"[""0031-6997"",""1521-0081""]",Elsevier,resolved,unknown,0,,https://mp.weixin.qq.com/s/h_3PwOTE-7CNowwthUzEzg,pending_clarivate_verification
medicine,87,Mmwr-Morbidity and Mortality Weekly Report,17.3,公共卫生、环境卫生与职业卫生-1区,1区,,,,[],,unresolved,unknown,0,,https://mp.weixin.qq.com/s/h_3PwOTE-7CNowwthUzEzg,pending_clarivate_verification
medicine,88,JAMA Psychiatry,17.1,精神病学-1区,1区,,2168-622X,2168-6238,"[""2168-622X"",""2168-6238""]",American Medical Association,resolved,unknown,0,,https://mp.weixin.qq.com/s/h_3PwOTE-7CNowwthUzEzg,pending_clarivate_verification
medicine,89,Clinical and Molecular Hepatology,16.9,胃肠肝病学-1区,1区,,2287-2728,2287-285X,"[""2287-2728"",""2287-285X""]",The Korean Association for the Study of the Liver,resolved,unknown,0,,https://mp.weixin.qq.com/s/h_3PwOTE-7CNowwthUzEzg,pending_clarivate_verification
medicine,90,Cancer Research,16.6,肿瘤学-1区,1区,,0008-5472,1538-7445,"[""0008-5472"",""1538-7445""]",American Association for Cancer Research,resolved,unknown,0,,https://mp.weixin.qq.com/s/h_3PwOTE-7CNowwthUzEzg,pending_clarivate_verification
medicine,91,Diabetes Care,16.6,内分泌学与代谢-1区,1区,,0149-5992,0149-5992,"[""0149-5992"",""1935-5548""]",American Diabetes Association,resolved,unknown,0,,https://mp.weixin.qq.com/s/h_3PwOTE-7CNowwthUzEzg,pending_clarivate_verification
medicine,92,Lancet Rheumatology,16.4,风湿病学-1区,1区,,,,[],,unresolved,unknown,0,,https://mp.weixin.qq.com/s/h_3PwOTE-7CNowwthUzEzg,pending_clarivate_verification
medicine,93,Journal of the National Comprehensive Cancer Network,16.4,肿瘤学-1区,2区,,1540-1405,1540-1413,"[""1540-1405"",""1540-1413""]","Harborside Press, LLC",resolved,unknown,0,,https://mp.weixin.qq.com/s/h_3PwOTE-7CNowwthUzEzg,pending_clarivate_verification
medicine,94,Science Immunology,16.3,免疫学-1区,1区,,,2470-9468,"[""2470-9468""]",American Association for the Advancement of Science (AAAS),resolved,unknown,0,,https://mp.weixin.qq.com/s/h_3PwOTE-7CNowwthUzEzg,pending_clarivate_verification
medicine,95,British Journal of Sports Medicine,16.2,运动科学-1区,1区,,0306-3674,1473-0480,"[""0306-3674"",""1473-0480""]",BMJ,resolved,unknown,0,,https://mp.weixin.qq.com/s/h_3PwOTE-7CNowwthUzEzg,pending_clarivate_verification
medicine,96,Circulation Research,16.2,"心脏和心血管系统-1区
血液学-1区
外周血管病-1区",1区,,0009-7330,1524-4571,"[""0009-7330"",""1524-4571""]",Ovid Technologies (Wolters Kluwer) - American Heart Association,resolved,unknown,0,,https://mp.weixin.qq.com/s/h_3PwOTE-7CNowwthUzEzg,pending_clarivate_verification
medicine,97,Human Reproduction Update,16.1,"妇产科学-1区
生殖生物学-1区",1区,,1355-4786,1460-2369,"[""1355-4786"",""1460-2369""]",Oxford University Press,resolved,unknown,0,,https://mp.weixin.qq.com/s/h_3PwOTE-7CNowwthUzEzg,pending_clarivate_verification
medicine,98,Hepatology,15.8,胃肠肝病学-1区,1区,,0270-9139,1527-3350,"[""0270-9139"",""1527-3350""]",Ovid Technologies (Wolters Kluwer) - Lippincott Williams & Wilkins,resolved,unknown,0,,https://mp.weixin.qq.com/s/h_3PwOTE-7CNowwthUzEzg,pending_clarivate_verification
medicine,99,Periodontology 2000,15.7,牙科与口腔外科-1区,1区,,0906-6713,1600-0757,"[""0906-6713"",""1600-0757""]",Wiley (Blackwell Publishing),resolved,unknown,0,,https://mp.weixin.qq.com/s/h_3PwOTE-7CNowwthUzEzg,pending_clarivate_verification
medicine,100,Seminars in Cancer Biology,15.7,肿瘤学-1区,2区,,1044-579X,1096-3650,"[""1044-579X"",""1096-3650""]",Elsevier,resolved,unknown,0,,https://mp.weixin.qq.com/s/h_3PwOTE-7CNowwthUzEzg,pending_clarivate_verification
medicine,101,Lancet Child & Adolescent Health,15.5,儿科-1区,1区,,,,[],,unresolved,unknown,0,,https://mp.weixin.qq.com/s/h_3PwOTE-7CNowwthUzEzg,pending_clarivate_verification
medicine,102,Translational Neurodegeneration,15.2,神经科学-1区,1区,,2047-9158,2047-9158,"[""2047-9158""]",Springer (Biomed Central Ltd.),resolved,unknown,0,,https://mp.weixin.qq.com/s/h_3PwOTE-7CNowwthUzEzg,pending_clarivate_verification
medicine,103,Annals of Internal Medicine,15.2,医学：内科-1区,1区,,0003-4819,1539-3704,"[""0003-4819"",""1539-3704""]",American College of Physicians,resolved,unknown,0,,https://mp.weixin.qq.com/s/h_3PwOTE-7CNowwthUzEzg,pending_clarivate_verification
medicine,104,Radiology,15.2,核医学-1区,1区,,0033-8419,1527-1315,"[""0033-8419"",""1527-1315""]",Radiological Society of North America,resolved,unknown,0,,https://mp.weixin.qq.com/s/h_3PwOTE-7CNowwthUzEzg,pending_clarivate_verification
medicine,105,JACC-Cardiovascular Imaging,15.2,"心脏和心血管系统-1区
核医学-1区",1区,,,,[],,unresolved,unknown,0,,https://mp.weixin.qq.com/s/h_3PwOTE-7CNowwthUzEzg,pending_clarivate_verification
medicine,106,npj Digital Medicine,15.1,"卫生保健与服务-1区
医学：信息-1区",1区,,,2398-6352,"[""2398-6352""]",Springer Science and Business Media LLC,resolved,unknown,0,,https://mp.weixin.qq.com/s/h_3PwOTE-7CNowwthUzEzg,pending_clarivate_verification
medicine,107,Trends in Neurosciences,15.1,神经科学-1区,1区,,0166-2236,,"[""0166-2236""]",Elsevier,resolved,unknown,0,,https://mp.weixin.qq.com/s/h_3PwOTE-7CNowwthUzEzg,pending_clarivate_verification
medicine,108,Neuron,15.0,神经科学-1区,1区,,0896-6273,,"[""0896-6273""]",Elsevier,resolved,unknown,0,,https://mp.weixin.qq.com/s/h_3PwOTE-7CNowwthUzEzg,pending_clarivate_verification
medicine,109,Bone Research,15.0,细胞与组织工程-1区,1区,,2095-4700,2095-6231,"[""2095-4700"",""2095-6231""]",Springer Science and Business Media LLC,resolved,unknown,0,,https://mp.weixin.qq.com/s/h_3PwOTE-7CNowwthUzEzg,pending_clarivate_verification
medicine,110,Progress in Lipid Research,14.9,"生化与分子生物学-1区
营养学-1区",1区,,0163-7827,,"[""0163-7827""]",Elsevier,resolved,unknown,0,,https://mp.weixin.qq.com/s/h_3PwOTE-7CNowwthUzEzg,pending_clarivate_verification
medicine,111,JAMA Surgery,14.9,外科-1区,1区,,2168-6254,,"[""2168-6254""]",American Medical Association,resolved,unknown,0,,https://mp.weixin.qq.com/s/h_3PwOTE-7CNowwthUzEzg,pending_clarivate_verification
medicine,112,International Journal of Transgender Health,14.8,"心理学：临床-1区
公共卫生、环境卫生与职业卫生-1区
社会科学：生物医学-1区
社会科学：跨领域-1区",2区,,2689-5269,,"[""2689-5269""]",Informa UK (Taylor & Francis),resolved,unknown,0,,https://mp.weixin.qq.com/s/h_3PwOTE-7CNowwthUzEzg,pending_clarivate_verification
medicine,113,Endocrine Pathology,14.7,"内分泌学与代谢-1区
病理学-1区",1区,,1046-3976,1559-0097,"[""1046-3976"",""1559-0097""]",Springer-Verlag,resolved,unknown,0,,https://mp.weixin.qq.com/s/h_3PwOTE-7CNowwthUzEzg,pending_clarivate_verification
medicine,114,American Journal of Psychiatry,14.7,精神病学-1区,1区,,0002-953X,1535-7228,"[""0002-953X"",""1535-7228""]",American Psychiatric Association Publishing,resolved,unknown,0,,https://mp.weixin.qq.com/s/h_3PwOTE-7CNowwthUzEzg,pending_clarivate_verification
medicine,115,Progress in Retinal and Eye Research,14.7,眼科学-1区,1区,,1350-9462,,"[""1350-9462""]",Elsevier,resolved,unknown,0,,https://mp.weixin.qq.com/s/h_3PwOTE-7CNowwthUzEzg,pending_clarivate_verification
medicine,116,Acta Pharmaceutica Sinica B,14.6,药学-1区,1区,,2211-3835,,"[""2211-3835""]",Elsevier,resolved,unknown,0,,https://mp.weixin.qq.com/s/h_3PwOTE-7CNowwthUzEzg,pending_clarivate_verification
medicine,117,Lancet Healthy Longevity,14.6,老年医学-1区,1区,,,,[],,unresolved,unknown,0,,https://mp.weixin.qq.com/s/h_3PwOTE-7CNowwthUzEzg,pending_clarivate_verification
medicine,118,Nature Reviews Urology,14.6,泌尿学与肾脏学-1区,1区,,1759-4812,1759-4820,"[""1759-4812"",""1759-4820""]",Springer Science and Business Media LLC,resolved,unknown,0,,https://mp.weixin.qq.com/s/h_3PwOTE-7CNowwthUzEzg,pending_clarivate_verification
medicine,119,Science Translational Medicine,14.6,"细胞生物学-1区
医学：研究与实验-1区",1区,,1946-6234,1946-6242,"[""1946-6234"",""1946-6242""]",American Association for the Advancement of Science (AAAS),resolved,unknown,0,,https://mp.weixin.qq.com/s/h_3PwOTE-7CNowwthUzEzg,pending_clarivate_verification
medicine,120,Hemasphere,14.6,血液学-1区,3区,,2572-9241,2572-9241,"[""2572-9241""]",Wiley (John Wiley & Sons),resolved,unknown,0,,https://mp.weixin.qq.com/s/h_3PwOTE-7CNowwthUzEzg,pending_clarivate_verification
medicine,121,Journal of Extracellular Vesicles,14.5,细胞生物学-1区,1区,,2001-3078,2001-3078,"[""2001-3078""]",Wiley (John Wiley & Sons),resolved,unknown,0,,https://mp.weixin.qq.com/s/h_3PwOTE-7CNowwthUzEzg,pending_clarivate_verification
medicine,122,Drugs,14.4,"药学-1区
毒理学-1区",1区,,0012-6667,1179-1950,"[""0012-6667"",""1179-1950""]",Springer-Verlag,resolved,unknown,0,,https://mp.weixin.qq.com/s/h_3PwOTE-7CNowwthUzEzg,pending_clarivate_verification
medicine,123,JAMA Cardiology,14.1,心脏和心血管系统-1区,1区,,2380-6583,,"[""2380-6583""]",American Medical Association,resolved,unknown,0,,https://mp.weixin.qq.com/s/h_3PwOTE-7CNowwthUzEzg,pending_clarivate_verification
medicine,124,Trends in Immunology,13.9,免疫学-1区,2区,,1471-4906,,"[""1471-4906""]",Elsevier,resolved,unknown,0,,https://mp.weixin.qq.com/s/h_3PwOTE-7CNowwthUzEzg,pending_clarivate_verification
medicine,125,Trends in Molecular Medicine,13.8,"生化与分子生物学-1区
细胞生物学-1区
医学：研究与实验-1区",1区,,1471-4914,,"[""1471-4914""]",Elsevier,resolved,unknown,0,,https://mp.weixin.qq.com/s/h_3PwOTE-7CNowwthUzEzg,pending_clarivate_verification
medicine,126,Journal of Clinical Investigation,13.6,医学：研究与实验-1区,1区,,0021-9738,1558-8238,"[""0021-9738"",""1558-8238""]",American Society for Clinical Investigation,resolved,unknown,0,,https://mp.weixin.qq.com/s/h_3PwOTE-7CNowwthUzEzg,pending_clarivate_verification
medicine,127,Experimental Hematology & Oncology,13.5,"血液学-1区
肿瘤学-1区",2区,,,,[],,unresolved,unknown,0,,https://mp.weixin.qq.com/s/h_3PwOTE-7CNowwthUzEzg,pending_clarivate_verification
medicine,128,Implementation Science,13.4,"卫生保健与服务-1区
卫生政策与服务-1区",1区,,1748-5908,1748-5908,"[""1748-5908""]",Springer (Biomed Central Ltd.),resolved,unknown,0,,https://mp.weixin.qq.com/s/h_3PwOTE-7CNowwthUzEzg,pending_clarivate_verification
medicine,129,Leukemia,13.4,"血液学-1区
肿瘤学-1区",1区,,0887-6924,1476-5551,"[""0887-6924"",""1476-5551"",""2044-5210""]",Springer Science and Business Media LLC,resolved,unknown,0,,https://mp.weixin.qq.com/s/h_3PwOTE-7CNowwthUzEzg,pending_clarivate_verification
medicine,130,Neuro-Oncology,13.4,"临床神经病学-1区
肿瘤学-1区",1区,,1522-8517,1523-5866,"[""1522-8517"",""1523-5866""]",Oxford University Press,resolved,unknown,0,,https://mp.weixin.qq.com/s/h_3PwOTE-7CNowwthUzEzg,pending_clarivate_verification
medicine,131,Annual Review of Nutrition,13.4,营养学-1区,1区,,0199-9885,1545-4312,"[""0199-9885"",""1545-4312""]",Annual Reviews,resolved,unknown,0,,https://mp.weixin.qq.com/s/h_3PwOTE-7CNowwthUzEzg,pending_clarivate_verification
medicine,132,Cardiovascular Research,13.3,心脏和心血管系统-1区,1区,,0008-6363,1755-3245,"[""0008-6363"",""1755-3245""]",Oxford University Press,resolved,unknown,0,,https://mp.weixin.qq.com/s/h_3PwOTE-7CNowwthUzEzg,pending_clarivate_verification
medicine,133,Theranostics,13.3,医学：研究与实验-1区,1区,,1838-7640,,"[""1838-7640""]",Ivyspring International Publisher,resolved,unknown,0,,https://mp.weixin.qq.com/s/h_3PwOTE-7CNowwthUzEzg,pending_clarivate_verification
medicine,134,Radiology-Artificial Intelligence,13.2,"计算机：人工智能-1区
核医学-1区",1区,,,,[],,unresolved,unknown,0,,https://mp.weixin.qq.com/s/h_3PwOTE-7CNowwthUzEzg,pending_clarivate_verification
medicine,135,Annual Review of Neuroscience,13.2,神经科学-1区,1区,,0147-006X,1545-4126,"[""0147-006X"",""1545-4126""]",Annual Reviews,resolved,unknown,0,,https://mp.weixin.qq.com/s/h_3PwOTE-7CNowwthUzEzg,pending_clarivate_verification
medicine,136,Annual Review of Pharmacology and Toxicology,13.1,"药学-1区
毒理学-1区",1区,,,,[],,unresolved,unknown,0,,https://mp.weixin.qq.com/s/h_3PwOTE-7CNowwthUzEzg,pending_clarivate_verification
medicine,137,Lancet Regional Health-Europe,13.0,"卫生保健与服务-1区
公共卫生、环境卫生与职业卫生-1区",1区,,,,[],,unresolved,unknown,0,,https://mp.weixin.qq.com/s/h_3PwOTE-7CNowwthUzEzg,pending_clarivate_verification
medicine,138,Lancet HIV,13.0,"免疫学-1区
传染病学-1区",1区,,,,[],,unresolved,unknown,0,,https://mp.weixin.qq.com/s/h_3PwOTE-7CNowwthUzEzg,pending_clarivate_verification
medicine,139,Biomaterials,12.9,"工程：生物医学-1区
材料科学：生物材料-1区",1区,,0142-9612,,"[""0142-9612""]",Elsevier,resolved,unknown,0,,https://mp.weixin.qq.com/s/h_3PwOTE-7CNowwthUzEzg,pending_clarivate_verification
medicine,140,Experimental and Molecular Medicine,12.9,"生化与分子生物学-1区
医学：研究与实验-1区",1区,,,,[],,unresolved,unknown,0,,https://mp.weixin.qq.com/s/h_3PwOTE-7CNowwthUzEzg,pending_clarivate_verification
medicine,141,Jacc: Cardiooncology,12.8,"心脏和心血管系统-1区
肿瘤学-1区",1区,,,,[],,unresolved,unknown,0,,https://mp.weixin.qq.com/s/h_3PwOTE-7CNowwthUzEzg,pending_clarivate_verification
medicine,142,Endoscopy,12.8,"胃肠肝病学-1区
外科-1区",1区,,0013-726X,1438-8812,"[""0013-726X"",""1438-8812""]",Georg Thieme Verlag KG,resolved,unknown,0,,https://mp.weixin.qq.com/s/h_3PwOTE-7CNowwthUzEzg,pending_clarivate_verification
medicine,143,Journal of Experimental & Clinical Cancer Research,12.8,肿瘤学-1区,1区,,1756-9966,1756-9966,"[""1756-9966""]",Springer (Biomed Central Ltd.),resolved,unknown,0,,https://mp.weixin.qq.com/s/h_3PwOTE-7CNowwthUzEzg,pending_clarivate_verification
medicine,144,Kidney International,12.6,泌尿学与肾脏学-1区,1区,,0085-2538,1523-1755,"[""0085-2538"",""1523-1755""]",Elsevier,resolved,unknown,0,,https://mp.weixin.qq.com/s/h_3PwOTE-7CNowwthUzEzg,pending_clarivate_verification
medicine,145,Trends in Endocrinology and Metabolism,12.6,内分泌学与代谢-1区,1区,,1043-2760,,"[""1043-2760""]",Elsevier,resolved,unknown,0,,https://mp.weixin.qq.com/s/h_3PwOTE-7CNowwthUzEzg,pending_clarivate_verification
medicine,146,Pharmacology & Therapeutics,12.5,药学-1区,1区,,0163-7258,,"[""0163-7258""]",Elsevier,resolved,unknown,0,,https://mp.weixin.qq.com/s/h_3PwOTE-7CNowwthUzEzg,pending_clarivate_verification
medicine,147,Ageing Research Reviews,12.4,"细胞生物学-1区
老年医学-1区",1区,,1568-1637,,"[""1568-1637""]",Elsevier,resolved,unknown,0,,https://mp.weixin.qq.com/s/h_3PwOTE-7CNowwthUzEzg,pending_clarivate_verification
medicine,148,International Journal of Oral Science,12.2,牙科与口腔外科-1区,1区,,1674-2818,2049-3169,"[""1674-2818"",""2049-3169""]",Springer Science and Business Media LLC,resolved,unknown,0,,https://mp.weixin.qq.com/s/h_3PwOTE-7CNowwthUzEzg,pending_clarivate_verification
medicine,149,Journal of Biomedical Science,12.1,"细胞生物学-1区
医学：研究与实验-1区",1区,,1021-7770,1423-0127,"[""1021-7770"",""1423-0127""]",Springer (Biomed Central Ltd.),resolved,unknown,0,,https://mp.weixin.qq.com/s/h_3PwOTE-7CNowwthUzEzg,pending_clarivate_verification
medicine,150,Clinical Gastroenterology and Hepatology,12.0,胃肠肝病学-1区,1区,,1542-3565,,"[""1542-3565""]",Elsevier,resolved,unknown,0,,https://mp.weixin.qq.com/s/h_3PwOTE-7CNowwthUzEzg,pending_clarivate_verification
medicine,151,IEEE Reviews in Biomedical Engineering,12.0,工程：生物医学-1区,1区,,1937-3333,1941-1189,"[""1937-3333"",""1941-1189""]",Institute of Electrical and Electronics Engineers,resolved,unknown,0,,https://mp.weixin.qq.com/s/h_3PwOTE-7CNowwthUzEzg,pending_clarivate_verification
medicine,152,Allergy,12.0,"过敏-1区
免疫学-1区",1区,,0105-4538,1398-9995,"[""0105-4538"",""1398-9995""]",Wiley (Blackwell Publishing),resolved,unknown,0,,https://mp.weixin.qq.com/s/h_3PwOTE-7CNowwthUzEzg,pending_clarivate_verification
medicine,153,Molecular Therapy,12.0,"生物工程与应用微生物-1区
遗传学-1区
医学：研究与实验-1区",1区,,1525-0016,1525-0024,"[""1525-0016"",""1525-0024""]",Elsevier,resolved,unknown,0,,https://mp.weixin.qq.com/s/h_3PwOTE-7CNowwthUzEzg,pending_clarivate_verification
medicine,154,Asian Journal of Pharmaceutical Sciences,11.9,药学-1区,1区,,1818-0876,,"[""1818-0876""]",Elsevier,resolved,unknown,0,,https://mp.weixin.qq.com/s/h_3PwOTE-7CNowwthUzEzg,pending_clarivate_verification
medicine,155,Metabolism-Clinical and Experimental,11.9,内分泌学与代谢-1区,1区,,,,[],,unresolved,unknown,0,,https://mp.weixin.qq.com/s/h_3PwOTE-7CNowwthUzEzg,pending_clarivate_verification
medicine,156,Journal of Infection,11.9,传染病学-1区,2区,,0163-4453,,"[""0163-4453""]",Elsevier,resolved,unknown,0,,https://mp.weixin.qq.com/s/h_3PwOTE-7CNowwthUzEzg,pending_clarivate_verification
medicine,157,Med,11.8,医学：研究与实验-1区,1区,,2666-6340,,"[""2666-6340""]",Elsevier,resolved,unknown,0,,https://mp.weixin.qq.com/s/h_3PwOTE-7CNowwthUzEzg,pending_clarivate_verification
medicine,158,Journal of the American Academy of Dermatology,11.8,皮肤病学-1区,1区,,0190-9622,,"[""0190-9622""]",Elsevier,resolved,unknown,0,,https://mp.weixin.qq.com/s/h_3PwOTE-7CNowwthUzEzg,pending_clarivate_verification
medicine,159,Medical Image Analysis,11.8,"计算机：人工智能-1区
计算机：跨学科应用-1区
工程：生物医学-1区
核医学-1区",1区,,1361-8415,,"[""1361-8415""]",Elsevier,resolved,unknown,0,,https://mp.weixin.qq.com/s/h_3PwOTE-7CNowwthUzEzg,pending_clarivate_verification
medicine,160,JACC-Heart Failure,11.8,心脏和心血管系统-1区,1区,,,,[],,unresolved,unknown,0,,https://mp.weixin.qq.com/s/h_3PwOTE-7CNowwthUzEzg,pending_clarivate_verification
medicine,161,Cytokine & Growth Factor Reviews,11.8,"生化与分子生物学-1区
细胞生物学-1区",2区,,1359-6101,,"[""1359-6101""]",Elsevier,resolved,unknown,0,,https://mp.weixin.qq.com/s/h_3PwOTE-7CNowwthUzEzg,pending_clarivate_verification
medicine,162,Brain,11.7,"临床神经病学-1区
神经科学-1区",1区,,0006-8950,1460-2156,"[""0006-8950"",""1460-2156""]",Oxford University Press,resolved,unknown,0,,https://mp.weixin.qq.com/s/h_3PwOTE-7CNowwthUzEzg,pending_clarivate_verification
medicine,163,Medicinal Research Reviews,11.6,"药物化学-1区
药学-1区",1区,,0198-6325,1098-1128,"[""0198-6325"",""1098-1128""]",Wiley (John Wiley & Sons),resolved,unknown,0,,https://mp.weixin.qq.com/s/h_3PwOTE-7CNowwthUzEzg,pending_clarivate_verification
medicine,164,Blood Cancer Journal,11.6,"血液学-1区
肿瘤学-1区",1区,,,2044-5385,"[""2044-5385""]",Springer Science and Business Media LLC,resolved,unknown,0,,https://mp.weixin.qq.com/s/h_3PwOTE-7CNowwthUzEzg,pending_clarivate_verification
medicine,165,Blood Cancer Discovery,11.5,"血液学-1区
肿瘤学-1区",1区,,2643-3230,2643-3249,"[""2643-3230"",""2643-3249""]",American Association for Cancer Research,resolved,unknown,0,,https://mp.weixin.qq.com/s/h_3PwOTE-7CNowwthUzEzg,pending_clarivate_verification
medicine,166,Journal of Controlled Release,11.5,"化学：综合-1区
药学-1区",1区,,0168-3659,,"[""0168-3659""]",Elsevier,resolved,unknown,0,,https://mp.weixin.qq.com/s/h_3PwOTE-7CNowwthUzEzg,pending_clarivate_verification
medicine,167,Biomarker Research,11.5,"医学：研究与实验-1区
肿瘤学-1区",2区,,2050-7771,2050-7771,"[""2050-7771""]",Springer (Biomed Central Ltd.),resolved,unknown,0,,https://mp.weixin.qq.com/s/h_3PwOTE-7CNowwthUzEzg,pending_clarivate_verification
medicine,168,JACC-Cardiovascular Interventions,11.4,心脏和心血管系统-1区,1区,,,,[],,unresolved,unknown,0,,https://mp.weixin.qq.com/s/h_3PwOTE-7CNowwthUzEzg,pending_clarivate_verification
medicine,169,Evidence-Based Mental Health,11.4,精神病学-1区,2区,,1362-0347,1468-960X,"[""1362-0347"",""1468-960X""]",BMJ,resolved,unknown,0,,https://mp.weixin.qq.com/s/h_3PwOTE-7CNowwthUzEzg,pending_clarivate_verification
medicine,170,Canadian Medical Association Journal,11.3,医学：内科-1区,1区,,0820-3946,1488-2329,"[""0820-3946"",""1488-2329""]",CMA Impact Inc.,resolved,unknown,0,,https://mp.weixin.qq.com/s/h_3PwOTE-7CNowwthUzEzg,pending_clarivate_verification
medicine,171,Clinical Reviews in Allergy & Immunology,11.3,"过敏-1区
免疫学-1区",1区,,1080-0549,1559-0267,"[""1080-0549"",""1559-0267""]",Springer-Verlag,resolved,unknown,0,,https://mp.weixin.qq.com/s/h_3PwOTE-7CNowwthUzEzg,pending_clarivate_verification
medicine,172,JAMA Health Forum,11.3,"卫生保健与服务-1区
卫生政策与服务-1区
公共卫生、环境卫生与职业卫生-1区",1区,,,2689-0186,"[""2689-0186""]",American Medical Association,resolved,unknown,0,,https://mp.weixin.qq.com/s/h_3PwOTE-7CNowwthUzEzg,pending_clarivate_verification
medicine,173,Journal of Allergy and Clinical Immunology,11.2,"过敏-1区
免疫学-1区",1区,,0091-6749,,"[""0091-6749""]",Elsevier,resolved,unknown,0,,https://mp.weixin.qq.com/s/h_3PwOTE-7CNowwthUzEzg,pending_clarivate_verification
medicine,174,Alzheimers & Dementia,11.1,临床神经病学-1区,1区,,,,[],,unresolved,unknown,0,,https://mp.weixin.qq.com/s/h_3PwOTE-7CNowwthUzEzg,pending_clarivate_verification
medicine,175,Human Reproduction Open,11.1,"妇产科学-1区
生殖生物学-1区",2区,,,2399-3529,"[""2399-3529""]",Oxford University Press,resolved,unknown,0,,https://mp.weixin.qq.com/s/h_3PwOTE-7CNowwthUzEzg,pending_clarivate_verification
medicine,176,Gut Microbes,11.0,"胃肠肝病学-1区
微生物学-1区",1区,,1949-0976,1949-0984,"[""1949-0976"",""1949-0984""]",Landes Bioscience,resolved,unknown,0,,https://mp.weixin.qq.com/s/h_3PwOTE-7CNowwthUzEzg,pending_clarivate_verification
medicine,177,Current Obesity Reports,11.0,"内分泌学与代谢-1区
营养学-1区",1区,,,2162-4968,"[""2162-4968""]",Springer-Verlag,resolved,unknown,0,,https://mp.weixin.qq.com/s/h_3PwOTE-7CNowwthUzEzg,pending_clarivate_verification
medicine,178,JAMA Dermatology,11.0,皮肤病学-1区,1区,,2168-6068,,"[""2168-6068""]",American Medical Association,resolved,unknown,0,,https://mp.weixin.qq.com/s/h_3PwOTE-7CNowwthUzEzg,pending_clarivate_verification
medicine,179,Arthritis & Rheumatology,10.9,风湿病学-1区,1区,,2326-5191,2326-5205,"[""2326-5191"",""2326-5205""]",Wiley (John Wiley & Sons),resolved,unknown,0,,https://mp.weixin.qq.com/s/h_3PwOTE-7CNowwthUzEzg,pending_clarivate_verification
medicine,180,EBioMedicine,10.8,医学：研究与实验-1区,1区,,2352-3964,,"[""2352-3964""]",Elsevier,resolved,unknown,0,,https://mp.weixin.qq.com/s/h_3PwOTE-7CNowwthUzEzg,pending_clarivate_verification
medicine,181,European Journal of Heart Failure,10.8,心脏和心血管系统-1区,1区,,1388-9842,1879-0844,"[""1388-9842"",""1879-0844""]",Oxford University Press,resolved,unknown,0,,https://mp.weixin.qq.com/s/h_3PwOTE-7CNowwthUzEzg,pending_clarivate_verification
medicine,182,Nature Cardiovascular Research,10.8,心脏和心血管系统-1区,1区,,,2731-0590,"[""2731-0590""]",Springer Science and Business Media LLC,resolved,unknown,0,,https://mp.weixin.qq.com/s/h_3PwOTE-7CNowwthUzEzg,pending_clarivate_verification
medicine,183,Medcomm,10.7,医学：研究与实验-1区,1区,,2688-2663,2688-2663,"[""2688-2663""]",Wiley (John Wiley & Sons),resolved,unknown,0,,https://mp.weixin.qq.com/s/h_3PwOTE-7CNowwthUzEzg,pending_clarivate_verification
medicine,184,Cardiovascular Diabetology,10.6,"心脏和心血管系统-1区
内分泌学与代谢-1区",1区,,1475-2840,1475-2840,"[""1475-2840""]",Springer (Biomed Central Ltd.),resolved,unknown,0,,https://mp.weixin.qq.com/s/h_3PwOTE-7CNowwthUzEzg,pending_clarivate_verification
medicine,185,Cell Reports Medicine,10.6,"细胞生物学-1区
医学：研究与实验-1区",1区,,2666-3791,,"[""2666-3791""]",Elsevier,resolved,unknown,0,,https://mp.weixin.qq.com/s/h_3PwOTE-7CNowwthUzEzg,pending_clarivate_verification
medicine,186,Journal of Experimental Medicine,10.6,"免疫学-1区
医学：研究与实验-1区",1区,,0022-1007,1540-9538,"[""0022-1007"",""1540-9538""]",The Rockefeller University Press,resolved,unknown,0,,https://mp.weixin.qq.com/s/h_3PwOTE-7CNowwthUzEzg,pending_clarivate_verification
medicine,187,Journal for Immunotherapy of Cancer,10.6,"肿瘤学-1区
免疫学-1区",1区,,2051-1426,2051-1426,"[""2051-1426""]",BMJ,resolved,unknown,0,,https://mp.weixin.qq.com/s/h_3PwOTE-7CNowwthUzEzg,pending_clarivate_verification
medicine,188,Cancer Treatment Reviews,10.5,肿瘤学-1区,1区,,0305-7372,,"[""0305-7372""]",Elsevier,resolved,unknown,0,,https://mp.weixin.qq.com/s/h_3PwOTE-7CNowwthUzEzg,pending_clarivate_verification
medicine,189,Pharmacological Research,10.5,药学-1区,2区,,1043-6618,1096-1186,"[""1043-6618"",""1096-1186""]",Elsevier,resolved,unknown,0,,https://mp.weixin.qq.com/s/h_3PwOTE-7CNowwthUzEzg,pending_clarivate_verification
medicine,190,European Respiratory Review,10.4,呼吸系统-1区,1区,,0905-9180,1600-0617,"[""0905-9180"",""1600-0617""]",European Respiratory Society,resolved,unknown,0,,https://mp.weixin.qq.com/s/h_3PwOTE-7CNowwthUzEzg,pending_clarivate_verification
medicine,191,Journal of Sport and Health Science,10.3,"酒店、休闲、体育与旅游-1区
运动科学-1区",1区,,2095-2546,,"[""2095-2546""]",Elsevier,resolved,unknown,0,,https://mp.weixin.qq.com/s/h_3PwOTE-7CNowwthUzEzg,pending_clarivate_verification
medicine,192,Molecular Aspects of Medicine,10.3,"生化与分子生物学-1区
医学：研究与实验-1区",2区,,0098-2997,,"[""0098-2997""]",Elsevier,resolved,unknown,0,,https://mp.weixin.qq.com/s/h_3PwOTE-7CNowwthUzEzg,pending_clarivate_verification
medicine,193,Physiology,10.3,生理学-1区,2区,,1548-9213,1548-9221,"[""1548-9213"",""1548-9221""]",American Physiological Society,resolved,unknown,0,,https://mp.weixin.qq.com/s/h_3PwOTE-7CNowwthUzEzg,pending_clarivate_verification
medicine,194,Materials Today Bio,10.2,"工程：生物医学-1区
材料科学：生物材料-1区",1区,,2590-0064,,"[""2590-0064""]",Elsevier,resolved,unknown,0,,https://mp.weixin.qq.com/s/h_3PwOTE-7CNowwthUzEzg,pending_clarivate_verification
medicine,195,Clinical Cancer Research,10.2,肿瘤学-1区,1区,,1078-0432,1557-3265,"[""1078-0432"",""1557-3265""]",American Association for Cancer Research,resolved,unknown,0,,https://mp.weixin.qq.com/s/h_3PwOTE-7CNowwthUzEzg,pending_clarivate_verification
medicine,196,Diabetologia,10.2,内分泌学与代谢-1区,1区,,0012-186X,1432-0428,"[""0012-186X"",""1432-0428""]",Springer-Verlag,resolved,unknown,0,,https://mp.weixin.qq.com/s/h_3PwOTE-7CNowwthUzEzg,pending_clarivate_verification
medicine,197,Cancer Letters,10.1,肿瘤学-1区,1区,,0304-3835,,"[""0304-3835""]",Elsevier,resolved,unknown,0,,https://mp.weixin.qq.com/s/h_3PwOTE-7CNowwthUzEzg,pending_clarivate_verification
medicine,198,Journal of Neuroinflammation,10.1,"免疫学-1区
神经科学-1区",1区,,1742-2094,1742-2094,"[""1742-2094""]",Springer (Biomed Central Ltd.),resolved,unknown,0,,https://mp.weixin.qq.com/s/h_3PwOTE-7CNowwthUzEzg,pending_clarivate_verification
medicine,199,Molecular Psychiatry,10.1,"生化与分子生物学-1区
神经科学-1区
精神病学-1区",1区,,1359-4184,1359-4184,"[""1359-4184"",""1476-5578""]",Springer Science and Business Media LLC,resolved,unknown,0,,https://mp.weixin.qq.com/s/h_3PwOTE-7CNowwthUzEzg,pending_clarivate_verification
medicine,200,Molecular Biomedicine,10.1,"生化与分子生物学-1区
细胞生物学-1区
医学：研究与实验-1区",2区,,,2662-8651,"[""2662-8651""]",Springer (Biomed Central Ltd.),resolved,unknown,0,,https://mp.weixin.qq.com/s/h_3PwOTE-7CNowwthUzEzg,pending_clarivate_verification
medicine,201,International Journal of Surgery,10.1,外科-1区,2区,,,,[],,ambiguous,unknown,0,,https://mp.weixin.qq.com/s/h_3PwOTE-7CNowwthUzEzg,pending_clarivate_verification
medicine,202,Cold Spring Harbor Perspectives in Medicine,10.1,医学：研究与实验-1区,2区,,,2157-1422,"[""2157-1422""]",Cold Spring Harbor Laboratory,resolved,unknown,0,,https://mp.weixin.qq.com/s/h_3PwOTE-7CNowwthUzEzg,pending_clarivate_verification
medicine,203,Eclinicalmedicine,10.0,医学：内科-1区,1区,,2589-5370,,"[""2589-5370""]",Elsevier,resolved,unknown,0,,https://mp.weixin.qq.com/s/h_3PwOTE-7CNowwthUzEzg,pending_clarivate_verification
medicine,204,BMJ Medicine,10.0,医学：内科-1区,1区,,,2754-0413,"[""2754-0413""]",BMJ,resolved,unknown,0,,https://mp.weixin.qq.com/s/h_3PwOTE-7CNowwthUzEzg,pending_clarivate_verification
medicine,205,American Journal of Hematology,9.9,血液学-1区,1区,,0361-8609,1096-8652,"[""0361-8609"",""1096-8652""]",Wiley (John Wiley & Sons),resolved,unknown,0,,https://mp.weixin.qq.com/s/h_3PwOTE-7CNowwthUzEzg,pending_clarivate_verification
medicine,206,PLoS Medicine,9.9,医学：内科-1区,1区,,1549-1277,1549-1676,"[""1549-1277"",""1549-1676""]",Public Library of Science,resolved,unknown,0,,https://mp.weixin.qq.com/s/h_3PwOTE-7CNowwthUzEzg,pending_clarivate_verification
medicine,207,Circulation-Arrhythmia and Electrophysiology,9.8,心脏和心血管系统-1区,1区,,,,[],,unresolved,unknown,0,,https://mp.weixin.qq.com/s/h_3PwOTE-7CNowwthUzEzg,pending_clarivate_verification
medicine,208,IEEE Transactions on Medical Imaging,9.8,"计算机：跨学科应用-1区
工程：生物医学-1区
工程：电子与电气-1区
成像科学与照相技术-1区
核医学-1区",1区,,0278-0062,1558-254X,"[""0278-0062"",""1558-254X""]",Institute of Electrical and Electronics Engineers,resolved,unknown,0,,https://mp.weixin.qq.com/s/h_3PwOTE-7CNowwthUzEzg,pending_clarivate_verification
medicine,209,JAMA Network Open,9.7,医学：内科-1区,1区,,,2574-3805,"[""2574-3805""]",American Medical Association,resolved,unknown,0,,https://mp.weixin.qq.com/s/h_3PwOTE-7CNowwthUzEzg,pending_clarivate_verification
medicine,210,Sleep Medicine Reviews,9.7,"临床神经病学-1区
神经科学-1区",1区,,1087-0792,,"[""1087-0792""]",Elsevier,resolved,unknown,0,,https://mp.weixin.qq.com/s/h_3PwOTE-7CNowwthUzEzg,pending_clarivate_verification
medicine,211,British Journal of Dermatology,9.6,皮肤病学-1区,1区,,0007-0963,1365-2133,"[""0007-0963"",""1365-2133""]",Oxford University Press,resolved,unknown,0,,https://mp.weixin.qq.com/s/h_3PwOTE-7CNowwthUzEzg,pending_clarivate_verification
medicine,212,Acta Biomaterialia,9.6,"工程：生物医学-1区
材料科学：生物材料-1区",1区,,1742-7061,,"[""1742-7061""]",Elsevier,resolved,unknown,0,,https://mp.weixin.qq.com/s/h_3PwOTE-7CNowwthUzEzg,pending_clarivate_verification
medicine,213,Annual Review of Biomedical Engineering,9.6,工程：生物医学-1区,1区,,1523-9829,1545-4274,"[""1523-9829"",""1545-4274""]",Annual Reviews,resolved,unknown,0,,https://mp.weixin.qq.com/s/h_3PwOTE-7CNowwthUzEzg,pending_clarivate_verification
medicine,214,Burns & Trauma,9.6,"皮肤病学-1区
急救医学-1区
外科-1区",2区,,2321-3868,2321-3876,"[""2321-3868"",""2321-3876""]",Oxford University Press,resolved,unknown,0,,https://mp.weixin.qq.com/s/h_3PwOTE-7CNowwthUzEzg,pending_clarivate_verification
medicine,215,Biomaterials Research,9.6,"工程：生物医学-1区
材料科学：生物材料-1区",2区,,1226-4601,2055-7124,"[""1226-4601"",""2055-7124""]",American Association for the Advancement of Science (AAAS),resolved,unknown,0,,https://mp.weixin.qq.com/s/h_3PwOTE-7CNowwthUzEzg,pending_clarivate_verification
medicine,216,American Journal of Public Health,9.6,公共卫生、环境卫生与职业卫生-1区,2区,,0090-0036,1541-0048,"[""0090-0036"",""0271-4353"",""1541-0048""]",American Public Health Association,resolved,unknown,0,,https://mp.weixin.qq.com/s/h_3PwOTE-7CNowwthUzEzg,pending_clarivate_verification
medicine,217,Advanced Healthcare Materials,9.6,"工程：生物医学-1区
材料科学：生物材料-1区
纳米科技-1区",2区,,2192-2640,2192-2659,"[""2192-2640"",""2192-2659""]",Wiley (John Wiley & Sons),resolved,unknown,0,,https://mp.weixin.qq.com/s/h_3PwOTE-7CNowwthUzEzg,pending_clarivate_verification
medicine,218,Clinical Nuclear Medicine,9.6,核医学-1区,3区,,0363-9762,1536-0229,"[""0363-9762"",""1536-0229""]",Ovid Technologies (Wolters Kluwer) - Lippincott Williams & Wilkins,resolved,unknown,0,,https://mp.weixin.qq.com/s/h_3PwOTE-7CNowwthUzEzg,pending_clarivate_verification
medicine,219,Journal of the American Academy of Child and Adolescent Psychiatry,9.5,"儿科-1区
精神病学-1区
心理学：发育-1区",1区,,,,[],,unresolved,unknown,0,,https://mp.weixin.qq.com/s/h_3PwOTE-7CNowwthUzEzg,pending_clarivate_verification
medicine,220,Ophthalmology,9.5,眼科学-1区,1区,,,,[],,ambiguous,unknown,0,,https://mp.weixin.qq.com/s/h_3PwOTE-7CNowwthUzEzg,pending_clarivate_verification
medicine,221,Eurointervention,9.5,心脏和心血管系统-1区,1区,,1774-024X,1969-6213,"[""1774-024X"",""1969-6213""]",Europa Digital and Publishing,resolved,unknown,0,,https://mp.weixin.qq.com/s/h_3PwOTE-7CNowwthUzEzg,pending_clarivate_verification
medicine,222,Journal of the American Society of Nephrology,9.4,泌尿学与肾脏学-1区,1区,,1046-6673,1533-3450,"[""1046-6673"",""1533-3450""]",American Society of Nephrology,resolved,unknown,0,,https://mp.weixin.qq.com/s/h_3PwOTE-7CNowwthUzEzg,pending_clarivate_verification
medicine,223,Sports Medicine,9.4,运动科学-1区,1区,,0112-1642,1179-2035,"[""0112-1642"",""1179-2035""]",Springer-Verlag,resolved,unknown,0,,https://mp.weixin.qq.com/s/h_3PwOTE-7CNowwthUzEzg,pending_clarivate_verification
medicine,224,Journal of Physiotherapy,9.4,"骨科-1区
康复医学-1区",1区,,1836-9553,,"[""1836-9553""]",Elsevier,resolved,unknown,0,,https://mp.weixin.qq.com/s/h_3PwOTE-7CNowwthUzEzg,pending_clarivate_verification
medicine,225,Genes & Diseases,9.4,"生化与分子生物学-1区
遗传学-1区",2区,,2352-3042,,"[""2352-3042""]",Elsevier,resolved,unknown,0,,https://mp.weixin.qq.com/s/h_3PwOTE-7CNowwthUzEzg,pending_clarivate_verification
medicine,226,Cochrane Database of Systematic Reviews,9.4,医学：内科-1区,2区,,1469-493X,1465-1858,"[""1465-1858"",""1469-493X""]",Wiley (John Wiley & Sons),resolved,unknown,0,,https://mp.weixin.qq.com/s/h_3PwOTE-7CNowwthUzEzg,pending_clarivate_verification
medicine,227,Journal of the National Cancer Center,9.4,肿瘤学-1区,3区,,2667-0054,,"[""2667-0054""]",Elsevier,resolved,unknown,0,,https://mp.weixin.qq.com/s/h_3PwOTE-7CNowwthUzEzg,pending_clarivate_verification
medicine,228,European Urology Oncology,9.3,"肿瘤学-1区
泌尿学与肾脏学-1区",1区,,2588-9311,,"[""2588-9311""]",Elsevier,resolved,unknown,0,,https://mp.weixin.qq.com/s/h_3PwOTE-7CNowwthUzEzg,pending_clarivate_verification
medicine,229,Acta Neuropathologica,9.3,"临床神经病学-1区
神经科学-1区
病理学-1区",1区,,0001-6322,1432-0533,"[""0001-6322"",""1432-0533""]",Springer-Verlag,resolved,unknown,0,,https://mp.weixin.qq.com/s/h_3PwOTE-7CNowwthUzEzg,pending_clarivate_verification
medicine,230,Critical Care,9.3,危重病医学-1区,1区,,1364-8535,1875-7081,"[""1364-8535"",""1574-4280"",""1875-7081""]",Springer (Biomed Central Ltd.),resolved,unknown,0,,https://mp.weixin.qq.com/s/h_3PwOTE-7CNowwthUzEzg,pending_clarivate_verification
medicine,231,British Journal of Anaesthesia,9.2,麻醉学-1区,1区,,0007-0912,1471-6771,"[""0007-0912"",""1471-6771""]",Elsevier,resolved,unknown,0,,https://mp.weixin.qq.com/s/h_3PwOTE-7CNowwthUzEzg,pending_clarivate_verification
medicine,232,Journal of Internal Medicine,9.2,医学：内科-1区,1区,,0954-6820,1365-2796,"[""0954-6820"",""1365-2796""]",Wiley (Blackwell Publishing),resolved,unknown,0,,https://mp.weixin.qq.com/s/h_3PwOTE-7CNowwthUzEzg,pending_clarivate_verification
medicine,233,Angiogenesis,9.2,外周血管病-1区,1区,,0969-6970,1573-7209,"[""0969-6970"",""1573-7209""]",Springer-Verlag,resolved,unknown,0,,https://mp.weixin.qq.com/s/h_3PwOTE-7CNowwthUzEzg,pending_clarivate_verification
medicine,234,Seminars in Immunopathology,9.2,"免疫学-1区
病理学-1区",1区,,1863-2297,1863-2300,"[""1863-2297"",""1863-2300""]",Springer-Verlag,resolved,unknown,0,,https://mp.weixin.qq.com/s/h_3PwOTE-7CNowwthUzEzg,pending_clarivate_verification
medicine,235,JAMA Ophthalmology,9.2,眼科学-1区,1区,,2168-6165,2168-6173,"[""2168-6165"",""2168-6173""]",American Medical Association,resolved,unknown,0,,https://mp.weixin.qq.com/s/h_3PwOTE-7CNowwthUzEzg,pending_clarivate_verification
medicine,236,Advances in Nutrition,9.2,营养学-1区,2区,,2161-8313,2156-5376,"[""2156-5376"",""2161-8313""]",Elsevier,resolved,unknown,0,,https://mp.weixin.qq.com/s/h_3PwOTE-7CNowwthUzEzg,pending_clarivate_verification
medicine,237,Archivos de Bronconeumologia,9.2,呼吸系统-1区,3区,,,,[],,unresolved,unknown,0,,https://mp.weixin.qq.com/s/h_3PwOTE-7CNowwthUzEzg,pending_clarivate_verification
medicine,238,Journal of Nuclear Medicine,9.1,核医学-1区,1区,,0161-5505,2159-662X,"[""0161-5505"",""2159-662X""]",Society of Nuclear Medicine,resolved,unknown,0,,https://mp.weixin.qq.com/s/h_3PwOTE-7CNowwthUzEzg,pending_clarivate_verification
medicine,239,Anesthesiology,9.1,麻醉学-1区,1区,,0003-3022,1528-1175,"[""0003-3022"",""1528-1175""]",Ovid Technologies (Wolters Kluwer) - Lippincott Williams & Wilkins,resolved,unknown,0,,https://mp.weixin.qq.com/s/h_3PwOTE-7CNowwthUzEzg,pending_clarivate_verification
medicine,240,Journal of Cachexia Sarcopenia and Muscle,9.1,"老年医学-1区
医学：内科-1区",1区,,2190-5991,2190-6009,"[""2190-5991"",""2190-6009""]",Wiley (John Wiley & Sons),resolved,unknown,0,,https://mp.weixin.qq.com/s/h_3PwOTE-7CNowwthUzEzg,pending_clarivate_verification
medicine,241,Liver Cancer,9.1,"胃肠肝病学-1区
肿瘤学-1区",1区,,2235-1795,1664-5553,"[""1664-5553"",""2235-1795""]",S. Karger AG,resolved,unknown,0,,https://mp.weixin.qq.com/s/h_3PwOTE-7CNowwthUzEzg,pending_clarivate_verification
medicine,242,Current Environmental Health Reports,9.1,公共卫生、环境卫生与职业卫生-1区,2区,,,2196-5412,"[""2196-5412""]",Springer-Verlag,resolved,unknown,0,,https://mp.weixin.qq.com/s/h_3PwOTE-7CNowwthUzEzg,pending_clarivate_verification
medicine,243,Biological Psychiatry,9.0,"神经科学-1区
精神病学-1区",1区,,0006-3223,,"[""0006-3223""]",Elsevier,resolved,unknown,0,,https://mp.weixin.qq.com/s/h_3PwOTE-7CNowwthUzEzg,pending_clarivate_verification
medicine,244,Osteoarthritis and Cartilage,9.0,"骨科-1区
风湿病学-1区",1区,,1063-4584,1522-9653,"[""1063-4584"",""1522-9653""]",Elsevier,resolved,unknown,0,,https://mp.weixin.qq.com/s/h_3PwOTE-7CNowwthUzEzg,pending_clarivate_verification
medicine,245,Alcohol Research-Current Reviews,9.0,药物滥用-1区,2区,,,,[],,unresolved,unknown,0,,https://mp.weixin.qq.com/s/h_3PwOTE-7CNowwthUzEzg,pending_clarivate_verification
medicine,246,Trends in Cardiovascular Medicine,9.0,心脏和心血管系统-1区,2区,,1050-1738,,"[""1050-1738""]",Elsevier,resolved,unknown,0,,https://mp.weixin.qq.com/s/h_3PwOTE-7CNowwthUzEzg,pending_clarivate_verification
medicine,247,Journal of Pharmaceutical Analysis,8.9,药学-1区,1区,,2095-1779,,"[""2095-1779""]",Elsevier,resolved,unknown,0,,https://mp.weixin.qq.com/s/h_3PwOTE-7CNowwthUzEzg,pending_clarivate_verification
medicine,248,Stroke,8.9,"临床神经病学-1区
外周血管病-1区",1区,,0039-2499,1524-4628,"[""0039-2499"",""1524-4628""]",Ovid Technologies (Wolters Kluwer) - American Heart Association,resolved,unknown,0,,https://mp.weixin.qq.com/s/h_3PwOTE-7CNowwthUzEzg,pending_clarivate_verification
medicine,249,Chinese Herbal Medicines,8.9,药物化学-1区,2区,,1674-6384,,"[""1674-6384""]",Elsevier,resolved,unknown,0,,https://mp.weixin.qq.com/s/h_3PwOTE-7CNowwthUzEzg,pending_clarivate_verification
medicine,250,Dialogues in Clinical Neuroscience,8.9,神经科学-1区,2区,,1294-8322,2608-3477,"[""1294-8322"",""1958-5969"",""2608-3477""]",Informa UK (Taylor & Francis),resolved,unknown,0,,https://mp.weixin.qq.com/s/h_3PwOTE-7CNowwthUzEzg,pending_clarivate_verification
medicine,251,American Journal of Clinical Dermatology,8.8,皮肤病学-1区,1区,,1175-0561,1179-1888,"[""1175-0561"",""1179-1888""]",Springer-Verlag,resolved,unknown,0,,https://mp.weixin.qq.com/s/h_3PwOTE-7CNowwthUzEzg,pending_clarivate_verification
medicine,252,Cancer and Metastasis Reviews,8.7,肿瘤学-1区,2区,,0167-7659,1573-7233,"[""0167-7659"",""1573-7233""]",Springer-Verlag,resolved,unknown,0,,https://mp.weixin.qq.com/s/h_3PwOTE-7CNowwthUzEzg,pending_clarivate_verification
medicine,253,International Journal of Stroke,8.7,"临床神经病学-1区
外周血管病-1区",2区,,1747-4930,1747-4949,"[""1747-4930"",""1747-4949""]",SAGE Publications,resolved,unknown,0,,https://mp.weixin.qq.com/s/h_3PwOTE-7CNowwthUzEzg,pending_clarivate_verification
medicine,254,Journal of Crohns & Colitis,8.7,胃肠肝病学-1区,2区,,,,[],,unresolved,unknown,0,,https://mp.weixin.qq.com/s/h_3PwOTE-7CNowwthUzEzg,pending_clarivate_verification
medicine,255,Chest,8.6,"危重病医学-1区
呼吸系统-1区",1区,,,,[],,unresolved,unknown,0,,https://mp.weixin.qq.com/s/h_3PwOTE-7CNowwthUzEzg,pending_clarivate_verification
medicine,256,Journal of Stroke,8.6,"临床神经病学-1区
外周血管病-1区",1区,,2287-6391,2287-6405,"[""2287-6391"",""2287-6405""]",Korean Stroke Society,resolved,unknown,0,,https://mp.weixin.qq.com/s/h_3PwOTE-7CNowwthUzEzg,pending_clarivate_verification
medicine,257,Neurology,8.5,临床神经病学-1区,1区,,0028-3878,1526-632X,"[""0028-3878"",""1526-632X""]",Ovid Technologies (Wolters Kluwer) - American Academy of Neurology,resolved,unknown,0,,https://mp.weixin.qq.com/s/h_3PwOTE-7CNowwthUzEzg,pending_clarivate_verification
medicine,258,Diabetes & Metabolism Journal,8.5,内分泌学与代谢-1区,2区,,2233-6079,2233-6087,"[""2233-6079"",""2233-6087""]",Korean Diabetes Association,resolved,unknown,0,,https://mp.weixin.qq.com/s/h_3PwOTE-7CNowwthUzEzg,pending_clarivate_verification
medicine,259,Clinical Microbiology and Infection,8.5,"传染病学-1区
微生物学-1区",2区,,1198-743X,1469-0691,"[""1198-743X"",""1469-0691""]",Elsevier,resolved,unknown,0,,https://mp.weixin.qq.com/s/h_3PwOTE-7CNowwthUzEzg,pending_clarivate_verification
medicine,260,View,8.5,"材料科学：生物材料-1区
纳米科技-1区",3区,,,2688-268X,"[""2688-268X"",""2688-3988""]",Wiley (John Wiley & Sons),resolved,unknown,0,,https://mp.weixin.qq.com/s/h_3PwOTE-7CNowwthUzEzg,pending_clarivate_verification
medicine,261,Medical Journal of Australia,8.5,医学：内科-1区,3区,,,,[],,unresolved,unknown,0,,https://mp.weixin.qq.com/s/h_3PwOTE-7CNowwthUzEzg,pending_clarivate_verification
medicine,262,Brain Stimulation,8.4,"临床神经病学-1区
神经科学-1区",1区,,1935-861X,,"[""1935-861X""]",Elsevier,resolved,unknown,0,,https://mp.weixin.qq.com/s/h_3PwOTE-7CNowwthUzEzg,pending_clarivate_verification
medicine,263,Circulation-Heart Failure,8.4,心脏和心血管系统-1区,1区,,,,[],,unresolved,unknown,0,,https://mp.weixin.qq.com/s/h_3PwOTE-7CNowwthUzEzg,pending_clarivate_verification
medicine,264,American Journal of Obstetrics and Gynecology,8.4,妇产科学-1区,1区,,0002-9378,,"[""0002-9378""]",Elsevier,resolved,unknown,0,,https://mp.weixin.qq.com/s/h_3PwOTE-7CNowwthUzEzg,pending_clarivate_verification
medicine,265,Cancer Biology & Medicine,8.4,"医学：研究与实验-1区
肿瘤学-1区",2区,,,,[],,unresolved,unknown,0,,https://mp.weixin.qq.com/s/h_3PwOTE-7CNowwthUzEzg,pending_clarivate_verification
medicine,266,Acta Pharmacologica Sinica,8.4,"化学：综合-1区
药学-1区",2区,,1671-4083,1745-7254,"[""1671-4083"",""1745-7254""]",Springer Science and Business Media LLC,resolved,unknown,0,,https://mp.weixin.qq.com/s/h_3PwOTE-7CNowwthUzEzg,pending_clarivate_verification
medicine,267,Autoimmunity Reviews,8.3,免疫学-1区,1区,,1568-9972,,"[""1568-9972""]",Elsevier,resolved,unknown,0,,https://mp.weixin.qq.com/s/h_3PwOTE-7CNowwthUzEzg,pending_clarivate_verification
medicine,268,ESMO Open,8.3,肿瘤学-1区,1区,,2059-7029,2059-7029,"[""2059-7029""]",Elsevier,resolved,unknown,0,,https://mp.weixin.qq.com/s/h_3PwOTE-7CNowwthUzEzg,pending_clarivate_verification
medicine,269,BMC Medicine,8.3,医学：内科-1区,1区,,1741-7015,1741-7015,"[""1741-7015""]",Springer (Biomed Central Ltd.),resolved,unknown,0,,https://mp.weixin.qq.com/s/h_3PwOTE-7CNowwthUzEzg,pending_clarivate_verification
medicine,270,EMBO Molecular Medicine,8.3,医学：研究与实验-1区,1区,,1757-4676,1757-4684,"[""1757-4676"",""1757-4684""]",Springer Science and Business Media LLC,resolved,unknown,0,,https://mp.weixin.qq.com/s/h_3PwOTE-7CNowwthUzEzg,pending_clarivate_verification
medicine,271,Phytomedicine,8.3,"药物化学-1区
全科医学与补充医学-1区
药学-1区
植物科学-1区",1区,,0944-7113,,"[""0944-7113""]",Elsevier,resolved,unknown,0,,https://mp.weixin.qq.com/s/h_3PwOTE-7CNowwthUzEzg,pending_clarivate_verification
medicine,272,Annual Review of Virology,8.3,病毒学-1区,1区,,2327-056X,2327-0578,"[""2327-056X"",""2327-0578""]",Annual Reviews,resolved,unknown,0,,https://mp.weixin.qq.com/s/h_3PwOTE-7CNowwthUzEzg,pending_clarivate_verification
medicine,273,Biochimica et Biophysica Acta-Reviews on Cancer,8.3,"生化与分子生物学-1区
生物物理-1区
肿瘤学-1区",2区,,,,[],,unresolved,unknown,0,,https://mp.weixin.qq.com/s/h_3PwOTE-7CNowwthUzEzg,pending_clarivate_verification
medicine,274,Immunological Reviews,8.3,免疫学-1区,2区,,0105-2896,1600-065X,"[""0105-2896"",""1600-065X""]",Wiley (Blackwell Publishing),resolved,unknown,0,,https://mp.weixin.qq.com/s/h_3PwOTE-7CNowwthUzEzg,pending_clarivate_verification
medicine,275,npj Parkinsons Disease,8.2,神经科学-1区,1区,,,,[],,unresolved,unknown,0,,https://mp.weixin.qq.com/s/h_3PwOTE-7CNowwthUzEzg,pending_clarivate_verification
medicine,276,Hypertension,8.2,外周血管病-1区,1区,,,,[],,ambiguous,unknown,0,,https://mp.weixin.qq.com/s/h_3PwOTE-7CNowwthUzEzg,pending_clarivate_verification
medicine,277,American Journal of Kidney Diseases,8.2,泌尿学与肾脏学-1区,1区,,0272-6386,1523-6838,"[""0272-6386"",""1523-6838""]",Elsevier,resolved,unknown,0,,https://mp.weixin.qq.com/s/h_3PwOTE-7CNowwthUzEzg,pending_clarivate_verification
medicine,278,American Journal of Transplantation,8.2,"外科-1区
移植-1区",1区,,1600-6135,1600-6143,"[""1600-6135"",""1600-6143""]",Elsevier,resolved,unknown,0,,https://mp.weixin.qq.com/s/h_3PwOTE-7CNowwthUzEzg,pending_clarivate_verification
medicine,279,Particle and Fibre Toxicology,8.2,毒理学-1区,1区,,1743-8977,1743-8977,"[""1743-8977""]",Springer (Biomed Central Ltd.),resolved,unknown,0,,https://mp.weixin.qq.com/s/h_3PwOTE-7CNowwthUzEzg,pending_clarivate_verification
medicine,280,Cancer Immunology Research,8.2,"免疫学-1区
肿瘤学-1区",1区,,2326-6066,2326-6074,"[""2326-6066"",""2326-6074""]",American Association for Cancer Research,resolved,unknown,0,,https://mp.weixin.qq.com/s/h_3PwOTE-7CNowwthUzEzg,pending_clarivate_verification
medicine,281,Journal of Cardiac Failure,8.2,心脏和心血管系统-1区,2区,,1071-9164,,"[""1071-9164""]",Elsevier,resolved,unknown,0,,https://mp.weixin.qq.com/s/h_3PwOTE-7CNowwthUzEzg,pending_clarivate_verification
medicine,282,Wiley Interdisciplinary Reviews-Nanomedicine and Nanobiotechnology,8.2,"医学：研究与实验-1区
纳米科技-1区",2区,,,,[],,unresolved,unknown,0,,https://mp.weixin.qq.com/s/h_3PwOTE-7CNowwthUzEzg,pending_clarivate_verification
medicine,283,Health Affairs,8.1,"卫生保健与服务-1区
卫生政策与服务-1区",1区,,0278-2715,1544-5208,"[""0278-2715"",""1544-5208"",""2694-233X""]","Health Affairs Publishing, LLC",resolved,unknown,0,,https://mp.weixin.qq.com/s/h_3PwOTE-7CNowwthUzEzg,pending_clarivate_verification
medicine,284,Lancet Regional Health-Western Pacific,8.1,"卫生保健与服务-1区
公共卫生、环境卫生与职业卫生-1区",1区,,,,[],,unresolved,unknown,0,,https://mp.weixin.qq.com/s/h_3PwOTE-7CNowwthUzEzg,pending_clarivate_verification
medicine,285,Regenerative Biomaterials,8.1,材料科学：生物材料-1区,2区,,2056-3418,2056-3426,"[""2056-3418"",""2056-3426""]",Oxford University Press,resolved,unknown,0,,https://mp.weixin.qq.com/s/h_3PwOTE-7CNowwthUzEzg,pending_clarivate_verification
medicine,286,Drug Delivery,8.1,药学-1区,2区,,1071-7544,1521-0464,"[""1071-7544"",""1521-0464""]",Informa UK (Taylor & Francis),resolved,unknown,0,,https://mp.weixin.qq.com/s/h_3PwOTE-7CNowwthUzEzg,pending_clarivate_verification
medicine,287,Tumour Virus Research,8.1,病毒学-1区,2区,,2666-6790,,"[""2666-6790""]",Elsevier,resolved,unknown,0,,https://mp.weixin.qq.com/s/h_3PwOTE-7CNowwthUzEzg,pending_clarivate_verification
medicine,288,Journal of Toxicology and Environmental Health-Part B-Critical Reviews,8.1,"环境科学-1区
公共卫生、环境卫生与职业卫生-1区
毒理学-1区",2区,,,,[],,unresolved,unknown,0,,https://mp.weixin.qq.com/s/h_3PwOTE-7CNowwthUzEzg,pending_clarivate_verification
medicine,289,Diagnostic and Interventional Imaging,8.1,核医学-1区,2区,,2211-5684,,"[""2211-5684""]",Elsevier,resolved,unknown,0,,https://mp.weixin.qq.com/s/h_3PwOTE-7CNowwthUzEzg,pending_clarivate_verification
medicine,290,Basic Research in Cardiology,8.0,心脏和心血管系统-1区,1区,,0300-8428,1435-1803,"[""0300-8428"",""1435-1803""]",Springer-Verlag,resolved,unknown,0,,https://mp.weixin.qq.com/s/h_3PwOTE-7CNowwthUzEzg,pending_clarivate_verification
medicine,291,npj Precision Oncology,8.0,肿瘤学-1区,1区,,,2397-768X,"[""2397-768X""]",Springer Science and Business Media LLC,resolved,unknown,0,,https://mp.weixin.qq.com/s/h_3PwOTE-7CNowwthUzEzg,pending_clarivate_verification
medicine,292,Investigative Radiology,8.0,核医学-1区,1区,,0020-9996,1536-0210,"[""0020-9996"",""1536-0210""]",Ovid Technologies (Wolters Kluwer) - Lippincott Williams & Wilkins,resolved,unknown,0,,https://mp.weixin.qq.com/s/h_3PwOTE-7CNowwthUzEzg,pending_clarivate_verification
medicine,293,Journal of the European Academy of Dermatology and Venereology,8.0,皮肤病学-1区,2区,,0926-9959,1468-3083,"[""0926-9959"",""1468-3083""]",Wiley (Blackwell Publishing),resolved,unknown,0,,https://mp.weixin.qq.com/s/h_3PwOTE-7CNowwthUzEzg,pending_clarivate_verification
medicine,294,Reviews in Endocrine & Metabolic Disorders,8.0,内分泌学与代谢-1区,2区,,,,[],,unresolved,unknown,0,,https://mp.weixin.qq.com/s/h_3PwOTE-7CNowwthUzEzg,pending_clarivate_verification
medicine,295,Biofabrication,8.0,"工程：生物医学-1区
材料科学：生物材料-1区",2区,,1758-5082,1758-5090,"[""1758-5082"",""1758-5090""]",IOP Publishing,resolved,unknown,0,,https://mp.weixin.qq.com/s/h_3PwOTE-7CNowwthUzEzg,pending_clarivate_verification
medicine,296,Haematologica,7.9,血液学-1区,1区,,0390-6078,1592-8721,"[""0390-6078"",""1592-8721""]",Ferrata Storti Foundation,resolved,unknown,0,,https://mp.weixin.qq.com/s/h_3PwOTE-7CNowwthUzEzg,pending_clarivate_verification
medicine,297,Journal of Headache and Pain,7.9,"临床神经病学-1区
神经科学-1区",1区,,,,[],,unresolved,unknown,0,,https://mp.weixin.qq.com/s/h_3PwOTE-7CNowwthUzEzg,pending_clarivate_verification
medicine,298,Neuroscience and Biobehavioral Reviews,7.9,"行为科学-1区
神经科学-1区",1区,,,,[],,unresolved,unknown,0,,https://mp.weixin.qq.com/s/h_3PwOTE-7CNowwthUzEzg,pending_clarivate_verification
medicine,299,Breast,7.9,"妇产科学-1区
肿瘤学-1区",2区,,,,[],,unresolved,unknown,0,,https://mp.weixin.qq.com/s/h_3PwOTE-7CNowwthUzEzg,pending_clarivate_verification
medicine,300,Journal of Obesity & Metabolic Syndrome,7.9,内分泌学与代谢-1区,4区,,2508-6235,2508-7576,"[""2508-6235"",""2508-7576""]",Korean Society for the Study of Obesity,resolved,unknown,0,,https://mp.weixin.qq.com/s/h_3PwOTE-7CNowwthUzEzg,pending_clarivate_verification
medicine,301,Hepatobiliary Surgery and Nutrition,7.8,"胃肠肝病学-1区
营养学-1区
外科-1区",1区,,2304-3881,2304-389X,"[""2304-3881"",""2304-389X""]",AME Publishing Company,resolved,unknown,0,,https://mp.weixin.qq.com/s/h_3PwOTE-7CNowwthUzEzg,pending_clarivate_verification
medicine,302,Journal of Orthopaedic Translation,7.8,骨科-1区,1区,,2214-031X,,"[""2214-031X""]",Elsevier,resolved,unknown,0,,https://mp.weixin.qq.com/s/h_3PwOTE-7CNowwthUzEzg,pending_clarivate_verification
medicine,303,Eurosurveillance,7.8,传染病学-1区,2区,,1025-496X,1560-7917,"[""1025-496X"",""1560-7917""]",European Centre for Disease Control and Prevention (ECDC),resolved,unknown,0,,https://mp.weixin.qq.com/s/h_3PwOTE-7CNowwthUzEzg,pending_clarivate_verification
medicine,304,Seminars in Immunology,7.8,免疫学-1区,2区,,1044-5323,1096-3618,"[""1044-5323"",""1096-3618""]",Elsevier,resolved,unknown,0,,https://mp.weixin.qq.com/s/h_3PwOTE-7CNowwthUzEzg,pending_clarivate_verification
medicine,305,Jpad-Journal of Prevention of Alzheimers Disease,7.8,临床神经病学-1区,3区,,,,[],,unresolved,unknown,0,,https://mp.weixin.qq.com/s/h_3PwOTE-7CNowwthUzEzg,pending_clarivate_verification
medicine,306,JACC-Clinical Electrophysiology,7.7,心脏和心血管系统-1区,1区,,,,[],,unresolved,unknown,0,,https://mp.weixin.qq.com/s/h_3PwOTE-7CNowwthUzEzg,pending_clarivate_verification
medicine,307,Annals of Neurology,7.7,"临床神经病学-1区
神经科学-1区",1区,,0364-5134,1531-8249,"[""0364-5134"",""1531-8249""]",Wiley (John Wiley & Sons),resolved,unknown,0,,https://mp.weixin.qq.com/s/h_3PwOTE-7CNowwthUzEzg,pending_clarivate_verification
medicine,308,Thorax,7.7,呼吸系统-1区,1区,,0040-6376,1468-3296,"[""0040-6376"",""1468-3296""]",BMJ,resolved,unknown,0,,https://mp.weixin.qq.com/s/h_3PwOTE-7CNowwthUzEzg,pending_clarivate_verification
medicine,309,British Journal of Pharmacology,7.7,药学-1区,2区,,0007-1188,1476-5381,"[""0007-1188"",""1476-5381""]",Wiley (Blackwell Publishing),resolved,unknown,0,,https://mp.weixin.qq.com/s/h_3PwOTE-7CNowwthUzEzg,pending_clarivate_verification
medicine,310,Clinical Science,7.7,医学：研究与实验-1区,2区,,,,[],,ambiguous,unknown,0,,https://mp.weixin.qq.com/s/h_3PwOTE-7CNowwthUzEzg,pending_clarivate_verification
medicine,311,BME Frontiers,7.7,工程：生物医学-1区,2区,,,2765-8031,"[""2765-8031""]",American Association for the Advancement of Science (AAAS),resolved,unknown,0,,https://mp.weixin.qq.com/s/h_3PwOTE-7CNowwthUzEzg,pending_clarivate_verification
medicine,312,Neoplasia,7.7,肿瘤学-1区,2区,,1476-5586,,"[""1476-5586""]",Elsevier,resolved,unknown,0,,https://mp.weixin.qq.com/s/h_3PwOTE-7CNowwthUzEzg,pending_clarivate_verification
medicine,313,Progress in Biomedical Engineering,7.7,工程：生物医学-1区,3区,,,2516-1091,"[""2516-1091""]",IOP Publishing,resolved,unknown,0,,https://mp.weixin.qq.com/s/h_3PwOTE-7CNowwthUzEzg,pending_clarivate_verification
medicine,314,Bio-Design and Manufacturing,7.6,工程：生物医学-1区,1区,,2522-8544,2522-8552,"[""2096-5524"",""2522-8544"",""2522-8552""]",Zhejiang University Press,resolved,unknown,0,,https://mp.weixin.qq.com/s/h_3PwOTE-7CNowwthUzEzg,pending_clarivate_verification
medicine,315,Brain Behavior and Immunity,7.6,"免疫学-1区
神经科学-1区
精神病学-1区",1区,,0889-1591,1090-2139,"[""0889-1591"",""1090-2139""]",Elsevier,resolved,unknown,0,,https://mp.weixin.qq.com/s/h_3PwOTE-7CNowwthUzEzg,pending_clarivate_verification
medicine,316,British Journal of Psychiatry,7.6,精神病学-1区,1区,,,,[],,unresolved,unknown,0,,https://mp.weixin.qq.com/s/h_3PwOTE-7CNowwthUzEzg,pending_clarivate_verification
medicine,317,European Journal of Nuclear Medicine and Molecular Imaging,7.6,核医学-1区,1区,,1619-7070,1619-7089,"[""1619-7070"",""1619-7089""]",Springer-Verlag,resolved,unknown,0,,https://mp.weixin.qq.com/s/h_3PwOTE-7CNowwthUzEzg,pending_clarivate_verification
medicine,318,American Journal of Gastroenterology,7.6,胃肠肝病学-1区,1区,,,,[],,unresolved,unknown,0,,https://mp.weixin.qq.com/s/h_3PwOTE-7CNowwthUzEzg,pending_clarivate_verification
medicine,319,Movement Disorders,7.6,临床神经病学-1区,1区,,0885-3185,1531-8257,"[""0885-3185"",""1531-8257""]",Wiley (John Wiley & Sons),resolved,unknown,0,,https://mp.weixin.qq.com/s/h_3PwOTE-7CNowwthUzEzg,pending_clarivate_verification
medicine,320,Alzheimers Research & Therapy,7.6,"临床神经病学-1区
神经科学-1区",1区,,,,[],,unresolved,unknown,0,,https://mp.weixin.qq.com/s/h_3PwOTE-7CNowwthUzEzg,pending_clarivate_verification
medicine,321,npj Breast Cancer,7.6,肿瘤学-1区,2区,,,2374-4677,"[""2374-4677""]",Springer Science and Business Media LLC,resolved,unknown,0,,https://mp.weixin.qq.com/s/h_3PwOTE-7CNowwthUzEzg,pending_clarivate_verification
medicine,322,BMJ Evidence-Based Medicine,7.6,医学：内科-1区,2区,,2515-446X,2515-4478,"[""2515-446X"",""2515-4478""]",BMJ,resolved,unknown,0,,https://mp.weixin.qq.com/s/h_3PwOTE-7CNowwthUzEzg,pending_clarivate_verification
medicine,323,Lancet Regional Health-Americas,7.6,"卫生保健与服务-1区
公共卫生、环境卫生与职业卫生-1区",2区,,,,[],,unresolved,unknown,0,,https://mp.weixin.qq.com/s/h_3PwOTE-7CNowwthUzEzg,pending_clarivate_verification
medicine,324,Mucosal Immunology,7.6,免疫学-1区,2区,,1933-0219,1935-3456,"[""1933-0219"",""1935-3456""]",Elsevier,resolved,unknown,0,,https://mp.weixin.qq.com/s/h_3PwOTE-7CNowwthUzEzg,pending_clarivate_verification
medicine,325,Progress in Cardiovascular Diseases,7.6,心脏和心血管系统-1区,2区,,0033-0620,,"[""0033-0620""]",Elsevier,resolved,unknown,0,,https://mp.weixin.qq.com/s/h_3PwOTE-7CNowwthUzEzg,pending_clarivate_verification
medicine,326,Neurology-Neuroimmunology & Neuroinflammation,7.5,"临床神经病学-1区
神经科学-1区",1区,,,,[],,unresolved,unknown,0,,https://mp.weixin.qq.com/s/h_3PwOTE-7CNowwthUzEzg,pending_clarivate_verification
medicine,327,Gastrointestinal Endoscopy,7.5,胃肠肝病学-1区,1区,,0016-5107,,"[""0016-5107""]",Elsevier,resolved,unknown,0,,https://mp.weixin.qq.com/s/h_3PwOTE-7CNowwthUzEzg,pending_clarivate_verification
medicine,328,Jhep Reports,7.5,胃肠肝病学-1区,1区,,2589-5559,,"[""2589-5559""]",Elsevier,resolved,unknown,0,,https://mp.weixin.qq.com/s/h_3PwOTE-7CNowwthUzEzg,pending_clarivate_verification
medicine,329,Journal of Neurology Neurosurgery and Psychiatry,7.5,"临床神经病学-1区
精神病学-1区
外科-1区",1区,,,,[],,unresolved,unknown,0,,https://mp.weixin.qq.com/s/h_3PwOTE-7CNowwthUzEzg,pending_clarivate_verification
medicine,330,European Journal of Preventive Cardiology,7.5,心脏和心血管系统-1区,1区,,2047-4873,2047-4881,"[""2047-4873"",""2047-4881""]",Oxford University Press,resolved,unknown,0,,https://mp.weixin.qq.com/s/h_3PwOTE-7CNowwthUzEzg,pending_clarivate_verification
medicine,331,Emerging Microbes & Infections,7.5,"免疫学-1区
传染病学-1区
微生物学-1区",1区,,,2222-1751,"[""2222-1751""]",Informa UK (Taylor & Francis),resolved,unknown,0,,https://mp.weixin.qq.com/s/h_3PwOTE-7CNowwthUzEzg,pending_clarivate_verification
medicine,332,Biomedicine & Pharmacotherapy,7.5,"医学：研究与实验-1区
药学-1区",2区,,0753-3322,,"[""0753-3322""]",Elsevier,resolved,unknown,0,,https://mp.weixin.qq.com/s/h_3PwOTE-7CNowwthUzEzg,pending_clarivate_verification
medicine,333,Diabetes,7.5,内分泌学与代谢-1区,2区,,0012-1797,0012-1797,"[""0012-1797"",""1939-327X""]",American Diabetes Association,resolved,unknown,0,,https://mp.weixin.qq.com/s/h_3PwOTE-7CNowwthUzEzg,pending_clarivate_verification
medicine,334,Drug Discovery Today,7.5,药学-1区,2区,,1359-6446,,"[""1359-6446""]",Elsevier,resolved,unknown,0,,https://mp.weixin.qq.com/s/h_3PwOTE-7CNowwthUzEzg,pending_clarivate_verification
medicine,335,Journal of Translational Medicine,7.5,医学：研究与实验-1区,2区,,1479-5876,1479-5876,"[""1479-5876""]",Springer (Biomed Central Ltd.),resolved,unknown,0,,https://mp.weixin.qq.com/s/h_3PwOTE-7CNowwthUzEzg,pending_clarivate_verification
medicine,336,Archives of Pharmacal Research,7.5,"药物化学-1区
药学-1区",2区,,0253-6269,1976-3786,"[""0253-6269"",""1976-3786""]",Springer-Verlag,resolved,unknown,0,,https://mp.weixin.qq.com/s/h_3PwOTE-7CNowwthUzEzg,pending_clarivate_verification
medicine,337,Cellular and Molecular Gastroenterology and Hepatology,7.4,胃肠肝病学-1区,1区,,2352-345X,,"[""2352-345X""]",Elsevier,resolved,unknown,0,,https://mp.weixin.qq.com/s/h_3PwOTE-7CNowwthUzEzg,pending_clarivate_verification
medicine,338,Circulation-Cardiovascular Interventions,7.4,心脏和心血管系统-1区,1区,,,,[],,unresolved,unknown,0,,https://mp.weixin.qq.com/s/h_3PwOTE-7CNowwthUzEzg,pending_clarivate_verification
medicine,339,Clinical Nutrition,7.4,营养学-1区,1区,,0261-5614,,"[""0261-5614""]",Elsevier,resolved,unknown,0,,https://mp.weixin.qq.com/s/h_3PwOTE-7CNowwthUzEzg,pending_clarivate_verification
medicine,340,CNS Drugs,7.4,"临床神经病学-1区
药学-1区
精神病学-1区",1区,,1172-7047,1179-1934,"[""1172-7047"",""1179-1934""]",Springer-Verlag,resolved,unknown,0,,https://mp.weixin.qq.com/s/h_3PwOTE-7CNowwthUzEzg,pending_clarivate_verification
medicine,341,Europace,7.4,心脏和心血管系统-1区,1区,,,,[],,unresolved,unknown,0,,https://mp.weixin.qq.com/s/h_3PwOTE-7CNowwthUzEzg,pending_clarivate_verification
medicine,342,Arteriosclerosis Thrombosis and Vascular Biology,7.4,"血液学-1区
外周血管病-1区",1区,,1079-5642,1524-4636,"[""1079-5642"",""1524-4636""]",Ovid Technologies (Wolters Kluwer) - American Heart Association,resolved,unknown,0,,https://mp.weixin.qq.com/s/h_3PwOTE-7CNowwthUzEzg,pending_clarivate_verification
medicine,343,Journal of Translational Internal Medicine,7.4,医学：内科-1区,2区,,2224-4018,2224-4018,"[""2224-4018""]",Walter de Gruyter GmbH,resolved,unknown,0,,https://mp.weixin.qq.com/s/h_3PwOTE-7CNowwthUzEzg,pending_clarivate_verification
medicine,344,Amyloid-Journal of Protein Folding Disorders,7.4,"生化与分子生物学-1区
医学：内科-1区
医学：研究与实验-1区",2区,,,,[],,unresolved,unknown,0,,https://mp.weixin.qq.com/s/h_3PwOTE-7CNowwthUzEzg,pending_clarivate_verification
medicine,345,Obesity Reviews,7.4,内分泌学与代谢-1区,2区,,1467-7881,1467-789X,"[""1467-7881"",""1467-789X""]",Wiley (Blackwell Publishing),resolved,unknown,0,,https://mp.weixin.qq.com/s/h_3PwOTE-7CNowwthUzEzg,pending_clarivate_verification
medicine,346,Diabetes Research and Clinical Practice,7.4,内分泌学与代谢-1区,3区,,0168-8227,,"[""0168-8227""]",Elsevier,resolved,unknown,0,,https://mp.weixin.qq.com/s/h_3PwOTE-7CNowwthUzEzg,pending_clarivate_verification
medicine,347,Oncogene,7.3,"生化与分子生物学-1区
细胞生物学-1区
遗传学-1区
肿瘤学-1区",1区,,0950-9232,0950-9232,"[""0950-9232"",""1476-5594""]",Springer Science and Business Media LLC,resolved,unknown,0,,https://mp.weixin.qq.com/s/h_3PwOTE-7CNowwthUzEzg,pending_clarivate_verification
medicine,348,Chinese Medical Journal,7.3,医学：内科-1区,2区,,,,[],,ambiguous,unknown,0,,https://mp.weixin.qq.com/s/h_3PwOTE-7CNowwthUzEzg,pending_clarivate_verification
medicine,349,Clinical Infectious Diseases,7.3,"免疫学-1区
传染病学-1区
微生物学-1区",2区,,1058-4838,1537-6591,"[""1058-4838"",""1537-6591""]",Oxford University Press,resolved,unknown,0,,https://mp.weixin.qq.com/s/h_3PwOTE-7CNowwthUzEzg,pending_clarivate_verification
medicine,350,Mabs,7.3,医学：研究与实验-1区,2区,,1942-0862,1942-0870,"[""1942-0862"",""1942-0870""]",Landes Bioscience,resolved,unknown,0,,https://mp.weixin.qq.com/s/h_3PwOTE-7CNowwthUzEzg,pending_clarivate_verification
medicine,351,Stem Cell Research & Therapy,7.3,"细胞与组织工程-1区
细胞生物学-1区
医学：研究与实验-1区",2区,,1757-6512,1757-6512,"[""1757-6512""]",Springer (Biomed Central Ltd.),resolved,unknown,0,,https://mp.weixin.qq.com/s/h_3PwOTE-7CNowwthUzEzg,pending_clarivate_verification
medicine,352,Pulse,7.3,外周血管病-1区,4区,,,,[],,ambiguous,unknown,0,,https://mp.weixin.qq.com/s/h_3PwOTE-7CNowwthUzEzg,pending_clarivate_verification
medicine,353,JACC-Basic to Translational Science,7.2,心脏和心血管系统-1区,1区,,,,[],,unresolved,unknown,0,,https://mp.weixin.qq.com/s/h_3PwOTE-7CNowwthUzEzg,pending_clarivate_verification
medicine,354,JNCI-Journal of the National Cancer Institute,7.2,肿瘤学-1区,1区,,,,[],,unresolved,unknown,0,,https://mp.weixin.qq.com/s/h_3PwOTE-7CNowwthUzEzg,pending_clarivate_verification
medicine,355,Blood Advances,7.1,血液学-1区,1区,,2473-9529,2473-9537,"[""2473-9529"",""2473-9537""]",American Society of Hematology,resolved,unknown,0,,https://mp.weixin.qq.com/s/h_3PwOTE-7CNowwthUzEzg,pending_clarivate_verification
medicine,356,Clinical Journal of the American Society of Nephrology,7.1,泌尿学与肾脏学-1区,1区,,1555-9041,1555-905X,"[""1555-9041"",""1555-905X""]",American Society of Nephrology,resolved,unknown,0,,https://mp.weixin.qq.com/s/h_3PwOTE-7CNowwthUzEzg,pending_clarivate_verification
medicine,357,European Journal of Cancer,7.1,肿瘤学-1区,1区,,0959-8049,,"[""0959-8049""]",Elsevier,resolved,unknown,0,,https://mp.weixin.qq.com/s/h_3PwOTE-7CNowwthUzEzg,pending_clarivate_verification
medicine,358,Aging Cell,7.1,"细胞生物学-1区
老年医学-1区",1区,,1474-9718,,"[""1474-9718"",""1474-9726""]",Wiley (Blackwell Publishing),resolved,unknown,0,,https://mp.weixin.qq.com/s/h_3PwOTE-7CNowwthUzEzg,pending_clarivate_verification
medicine,359,International Endodontic Journal,7.1,牙科与口腔外科-1区,1区,,0143-2885,1365-2591,"[""0143-2885"",""1365-2591""]",Wiley (Blackwell Publishing),resolved,unknown,0,,https://mp.weixin.qq.com/s/h_3PwOTE-7CNowwthUzEzg,pending_clarivate_verification
medicine,360,International Journal of Nursing Studies,7.1,护理-1区,1区,,0020-7489,,"[""0020-7489""]",Elsevier,resolved,unknown,0,,https://mp.weixin.qq.com/s/h_3PwOTE-7CNowwthUzEzg,pending_clarivate_verification
medicine,361,Deutsches Arzteblatt International,7.1,医学：内科-1区,2区,,,,[],,unresolved,unknown,0,,https://mp.weixin.qq.com/s/h_3PwOTE-7CNowwthUzEzg,pending_clarivate_verification
medicine,362,Age and Ageing,7.1,老年医学-1区,2区,,0002-0729,1468-2834,"[""0002-0729"",""1468-2834""]",Oxford University Press,resolved,unknown,0,,https://mp.weixin.qq.com/s/h_3PwOTE-7CNowwthUzEzg,pending_clarivate_verification
medicine,363,Journal of the Royal Society of Medicine,7.1,医学：内科-1区,2区,,0141-0768,1758-1095,"[""0035-9157"",""0141-0768"",""0959-5287"",""1758-1095""]",SAGE Publications,resolved,unknown,0,,https://mp.weixin.qq.com/s/h_3PwOTE-7CNowwthUzEzg,pending_clarivate_verification
medicine,364,Neuropsychopharmacology,7.1,"神经科学-1区
药学-1区
精神病学-1区",2区,,0893-133X,1740-634X,"[""0893-133X"",""1740-634X""]",Springer Science and Business Media LLC,resolved,unknown,0,,https://mp.weixin.qq.com/s/h_3PwOTE-7CNowwthUzEzg,pending_clarivate_verification
medicine,365,Circulation-Cardiovascular Imaging,7.0,"心脏和心血管系统-1区
核医学-1区",1区,,,,[],,unresolved,unknown,0,,https://mp.weixin.qq.com/s/h_3PwOTE-7CNowwthUzEzg,pending_clarivate_verification
medicine,366,Fertility and Sterility,7.0,"妇产科学-1区
生殖生物学-1区",1区,,0015-0282,,"[""0015-0282""]",Elsevier,resolved,unknown,0,,https://mp.weixin.qq.com/s/h_3PwOTE-7CNowwthUzEzg,pending_clarivate_verification
medicine,367,Journal of Autoimmunity,7.0,免疫学-1区,1区,,0896-8411,1095-9157,"[""0896-8411"",""1095-9157""]",Elsevier,resolved,unknown,0,,https://mp.weixin.qq.com/s/h_3PwOTE-7CNowwthUzEzg,pending_clarivate_verification
medicine,368,Journal of Child Psychology and Psychiatry,7.0,"精神病学-1区
心理学-1区
心理学：发育-1区",1区,,0021-9630,1469-7610,"[""0021-9630"",""1469-7610""]",Wiley (Blackwell Publishing),resolved,unknown,0,,https://mp.weixin.qq.com/s/h_3PwOTE-7CNowwthUzEzg,pending_clarivate_verification
medicine,369,Journal of Tissue Engineering,7.0,细胞与组织工程-1区,2区,,2041-7314,2041-7314,"[""2041-7314""]",SAGE Publications,resolved,unknown,0,,https://mp.weixin.qq.com/s/h_3PwOTE-7CNowwthUzEzg,pending_clarivate_verification
medicine,370,American Journal of Clinical Nutrition,6.9,营养学-1区,1区,,0002-9165,1938-3207,"[""0002-9165"",""1938-3207""]",Elsevier,resolved,unknown,0,,https://mp.weixin.qq.com/s/h_3PwOTE-7CNowwthUzEzg,pending_clarivate_verification
medicine,371,Anaesthesia,6.9,麻醉学-1区,1区,,0003-2409,1365-2044,"[""0003-2409"",""1365-2044""]",Wiley (Blackwell Publishing),resolved,unknown,0,,https://mp.weixin.qq.com/s/h_3PwOTE-7CNowwthUzEzg,pending_clarivate_verification
medicine,372,Biodrugs,6.9,"免疫学-1区
肿瘤学-1区
药学-1区",2区,,1173-8804,1179-190X,"[""1173-8804"",""1179-190X""]",Springer-Verlag,resolved,unknown,0,,https://mp.weixin.qq.com/s/h_3PwOTE-7CNowwthUzEzg,pending_clarivate_verification
medicine,373,Neurotherapeutics,6.9,"临床神经病学-1区
神经科学-1区
药学-1区",2区,,1933-7213,1878-7479,"[""1878-7479"",""1933-7213""]",Elsevier,resolved,unknown,0,,https://mp.weixin.qq.com/s/h_3PwOTE-7CNowwthUzEzg,pending_clarivate_verification
medicine,374,Archives of Toxicology,6.9,毒理学-1区,2区,,0340-5761,1432-0738,"[""0340-5761"",""1432-0738""]",Springer-Verlag,resolved,unknown,0,,https://mp.weixin.qq.com/s/h_3PwOTE-7CNowwthUzEzg,pending_clarivate_verification
medicine,375,Aging and Disease,6.9,老年医学-1区,3区,,2152-5250,2152-5250,"[""2152-5250""]",Aging and Disease,resolved,unknown,0,,https://mp.weixin.qq.com/s/h_3PwOTE-7CNowwthUzEzg,pending_clarivate_verification
medicine,376,Chemical Biology Letters,6.9,"生化与分子生物学-1区
药物化学-1区",4区,,,2347-9825,"[""2347-9825""]",The ScienceIn Publishing,resolved,unknown,0,,https://mp.weixin.qq.com/s/h_3PwOTE-7CNowwthUzEzg,pending_clarivate_verification
medicine,377,Intelligent Medicine,6.9,"计算机：跨学科应用-1区
医学：信息-1区",4区,,2667-1026,,"[""2667-1026""]",Elsevier,resolved,unknown,0,,https://mp.weixin.qq.com/s/h_3PwOTE-7CNowwthUzEzg,pending_clarivate_verification
medicine,378,Photoacoustics,6.8,"工程：生物医学-1区
仪器仪表-1区
核医学-1区",1区,,2213-5979,,"[""2213-5979""]",Elsevier,resolved,unknown,0,,https://mp.weixin.qq.com/s/h_3PwOTE-7CNowwthUzEzg,pending_clarivate_verification
medicine,379,European Journal of Vascular and Endovascular Surgery,6.8,"外周血管病-1区
外科-1区",1区,,1078-5884,,"[""1078-5884""]",Elsevier,resolved,unknown,0,,https://mp.weixin.qq.com/s/h_3PwOTE-7CNowwthUzEzg,pending_clarivate_verification
medicine,380,Autism in Adulthood,6.8,"心理学：发育-1区
康复医学-1区",1区,,2573-9581,2573-959X,"[""2573-9581"",""2573-959X""]",SAGE Publications,resolved,unknown,0,,https://mp.weixin.qq.com/s/h_3PwOTE-7CNowwthUzEzg,pending_clarivate_verification
medicine,381,Journal of Clinical Periodontology,6.8,牙科与口腔外科-1区,1区,,0303-6979,1600-051X,"[""0303-6979"",""1600-051X""]",Wiley (Blackwell Publishing),resolved,unknown,0,,https://mp.weixin.qq.com/s/h_3PwOTE-7CNowwthUzEzg,pending_clarivate_verification
medicine,382,Journal of Medicinal Chemistry,6.8,药物化学-1区,1区,,0022-2623,1520-4804,"[""0022-2623"",""0095-9065"",""1520-4804""]",American Chemical Society,resolved,unknown,0,,https://mp.weixin.qq.com/s/h_3PwOTE-7CNowwthUzEzg,pending_clarivate_verification
medicine,383,Clinical and Translational Medicine,6.8,"医学：研究与实验-1区
肿瘤学-1区",2区,,2001-1326,2001-1326,"[""2001-1326""]",Wiley (John Wiley & Sons),resolved,unknown,0,,https://mp.weixin.qq.com/s/h_3PwOTE-7CNowwthUzEzg,pending_clarivate_verification
medicine,384,General Psychiatry,6.8,精神病学-1区,2区,,2096-5923,2517-729X,"[""2096-5923"",""2517-729X""]",Wiley (John Wiley & Sons),resolved,unknown,0,,https://mp.weixin.qq.com/s/h_3PwOTE-7CNowwthUzEzg,pending_clarivate_verification
medicine,385,British Journal of Cancer,6.8,肿瘤学-1区,2区,,0007-0920,1532-1827,"[""0007-0920"",""1532-1827""]",Springer Science and Business Media LLC,resolved,unknown,0,,https://mp.weixin.qq.com/s/h_3PwOTE-7CNowwthUzEzg,pending_clarivate_verification
medicine,386,European Journal of Anaesthesiology,6.8,麻醉学-1区,2区,,0265-0215,1365-2346,"[""0265-0215"",""1365-2346""]",Ovid Technologies (Wolters Kluwer) - Lippincott Williams & Wilkins,resolved,unknown,0,,https://mp.weixin.qq.com/s/h_3PwOTE-7CNowwthUzEzg,pending_clarivate_verification
medicine,387,Alzheimers & Dementia-Translational Research & Clinical Interventions,6.8,"临床神经病学-1区
神经科学-1区",2区,,,,[],,unresolved,unknown,0,,https://mp.weixin.qq.com/s/h_3PwOTE-7CNowwthUzEzg,pending_clarivate_verification
medicine,388,Journal of Urology,6.8,泌尿学与肾脏学-1区,2区,,,,[],,unresolved,unknown,0,,https://mp.weixin.qq.com/s/h_3PwOTE-7CNowwthUzEzg,pending_clarivate_verification
medicine,389,Rhinology,6.8,耳鼻喉科学-1区,2区,,,,[],,unresolved,unknown,0,,https://mp.weixin.qq.com/s/h_3PwOTE-7CNowwthUzEzg,pending_clarivate_verification
medicine,390,International Forum of Allergy & Rhinology,6.8,耳鼻喉科学-1区,2区,,2042-6976,2042-6984,"[""2042-6976"",""2042-6984""]",Wiley (John Wiley & Sons),resolved,unknown,0,,https://mp.weixin.qq.com/s/h_3PwOTE-7CNowwthUzEzg,pending_clarivate_verification
medicine,391,IEEE Journal of Biomedical and Health Informatics,6.8,"计算机：信息系统-1区
计算机：跨学科应用-1区
数学与计算生物学-1区
医学：信息-1区",2区,,2168-2194,2168-2208,"[""2168-2194"",""2168-2208""]",Institute of Electrical and Electronics Engineers,resolved,unknown,0,,https://mp.weixin.qq.com/s/h_3PwOTE-7CNowwthUzEzg,pending_clarivate_verification
medicine,392,Circulation-Cardiovascular Quality and Outcomes,6.7,心脏和心血管系统-1区,1区,,,,[],,unresolved,unknown,0,,https://mp.weixin.qq.com/s/h_3PwOTE-7CNowwthUzEzg,pending_clarivate_verification
medicine,393,Alimentary Pharmacology & Therapeutics,6.7,"胃肠肝病学-1区
药学-1区",1区,,0269-2813,1365-2036,"[""0269-2813"",""1365-2036""]",Wiley (Blackwell Publishing),resolved,unknown,0,,https://mp.weixin.qq.com/s/h_3PwOTE-7CNowwthUzEzg,pending_clarivate_verification
medicine,394,Thyroid,6.7,内分泌学与代谢-1区,1区,,1050-7256,1557-9077,"[""1050-7256"",""1557-9077""]",SAGE Publications,resolved,unknown,0,,https://mp.weixin.qq.com/s/h_3PwOTE-7CNowwthUzEzg,pending_clarivate_verification
medicine,395,European Neuropsychopharmacology,6.7,"临床神经病学-1区
神经科学-1区
药学-1区
精神病学-1区",2区,,0924-977X,,"[""0924-977X""]",Elsevier,resolved,unknown,0,,https://mp.weixin.qq.com/s/h_3PwOTE-7CNowwthUzEzg,pending_clarivate_verification
medicine,396,European Psychiatry,6.7,精神病学-1区,2区,,0924-9338,1778-3585,"[""0924-9338"",""1778-3585""]",Cambridge University Press,resolved,unknown,0,,https://mp.weixin.qq.com/s/h_3PwOTE-7CNowwthUzEzg,pending_clarivate_verification
medicine,397,Frontiers in Neuroendocrinology,6.7,"内分泌学与代谢-1区
神经科学-1区",2区,,0091-3022,1095-6808,"[""0091-3022"",""1095-6808""]",Elsevier,resolved,unknown,0,,https://mp.weixin.qq.com/s/h_3PwOTE-7CNowwthUzEzg,pending_clarivate_verification
medicine,398,Mayo Clinic Proceedings,6.7,医学：内科-1区,2区,,0025-6196,1942-5546,"[""0025-6196"",""1942-5546""]",Elsevier,resolved,unknown,0,,https://mp.weixin.qq.com/s/h_3PwOTE-7CNowwthUzEzg,pending_clarivate_verification
medicine,399,Neural Regeneration Research,6.7,"细胞生物学-1区
神经科学-1区",2区,,1673-5374,1876-7958,"[""1673-5374"",""1876-7958""]",Ovid Technologies (Wolters Kluwer) - Medknow Publications,resolved,unknown,0,,https://mp.weixin.qq.com/s/h_3PwOTE-7CNowwthUzEzg,pending_clarivate_verification
medicine,400,Current Psychiatry Reports,6.7,精神病学-1区,2区,,1523-3812,1535-1645,"[""1523-3812"",""1535-1645""]",Springer-Verlag,resolved,unknown,0,,https://mp.weixin.qq.com/s/h_3PwOTE-7CNowwthUzEzg,pending_clarivate_verification
medicine,401,Allergology International,6.7,"过敏-1区
免疫学-1区",2区,,1323-8930,1440-1592,"[""1323-8930"",""1440-1592""]",Elsevier,resolved,unknown,0,,https://mp.weixin.qq.com/s/h_3PwOTE-7CNowwthUzEzg,pending_clarivate_verification
medicine,402,United European Gastroenterology Journal,6.7,胃肠肝病学-1区,2区,,2050-6406,2050-6414,"[""2050-6406"",""2050-6414""]",Wiley (John Wiley & Sons),resolved,unknown,0,,https://mp.weixin.qq.com/s/h_3PwOTE-7CNowwthUzEzg,pending_clarivate_verification
medicine,403,Epilepsia,6.6,临床神经病学-1区,1区,,0013-9580,,"[""0013-9580"",""1528-1167""]",Wiley (Blackwell Publishing),resolved,unknown,0,,https://mp.weixin.qq.com/s/h_3PwOTE-7CNowwthUzEzg,pending_clarivate_verification
medicine,404,European Heart Journal-Cardiovascular Imaging,6.6,"心脏和心血管系统-1区
核医学-1区",1区,,,,[],,unresolved,unknown,0,,https://mp.weixin.qq.com/s/h_3PwOTE-7CNowwthUzEzg,pending_clarivate_verification
medicine,405,Journal of Allergy and Clinical Immunology-in Practice,6.6,"过敏-1区
免疫学-1区",1区,,,,[],,unresolved,unknown,0,,https://mp.weixin.qq.com/s/h_3PwOTE-7CNowwthUzEzg,pending_clarivate_verification
medicine,406,Antioxidants,6.6,"生化与分子生物学-1区
药物化学-1区
食品科技-1区",2区,,,2076-3921,"[""2076-3921""]",MDPI AG,resolved,unknown,0,,https://mp.weixin.qq.com/s/h_3PwOTE-7CNowwthUzEzg,pending_clarivate_verification
medicine,407,Japanese Dental Science Review,6.6,牙科与口腔外科-1区,2区,,1882-7616,,"[""1882-7616""]",Elsevier,resolved,unknown,0,,https://mp.weixin.qq.com/s/h_3PwOTE-7CNowwthUzEzg,pending_clarivate_verification
medicine,408,Biocybernetics and Biomedical Engineering,6.6,工程：生物医学-1区,2区,,,,[],,unresolved,unknown,0,,https://mp.weixin.qq.com/s/h_3PwOTE-7CNowwthUzEzg,pending_clarivate_verification
medicine,409,Emerging Infectious Diseases,6.6,"免疫学-1区
传染病学-1区",2区,,1080-6040,1080-6059,"[""1080-6040"",""1080-6059""]",Centers For Disease Control and Prevention,resolved,unknown,0,,https://mp.weixin.qq.com/s/h_3PwOTE-7CNowwthUzEzg,pending_clarivate_verification
medicine,410,Reviews in Medical Virology,6.6,病毒学-1区,2区,,1052-9276,1099-1654,"[""1052-9276"",""1099-1654""]",Wiley (John Wiley & Sons),resolved,unknown,0,,https://mp.weixin.qq.com/s/h_3PwOTE-7CNowwthUzEzg,pending_clarivate_verification
medicine,411,Trends in Parasitology,6.6,寄生虫学-1区,2区,,1471-4922,,"[""1471-4922""]",Elsevier,resolved,unknown,0,,https://mp.weixin.qq.com/s/h_3PwOTE-7CNowwthUzEzg,pending_clarivate_verification
medicine,412,Molecular Metabolism,6.6,内分泌学与代谢-1区,2区,,2212-8778,,"[""2212-8778""]",Elsevier,resolved,unknown,0,,https://mp.weixin.qq.com/s/h_3PwOTE-7CNowwthUzEzg,pending_clarivate_verification
medicine,413,Inflammation and Regeneration,6.6,"免疫学-1区
医学：研究与实验-1区",3区,,1880-9693,1880-8190,"[""1880-8190"",""1880-9693""]",Springer (Biomed Central Ltd.),resolved,unknown,0,,https://mp.weixin.qq.com/s/h_3PwOTE-7CNowwthUzEzg,pending_clarivate_verification
medicine,414,npj Regenerative Medicine,6.5,"细胞与组织工程-1区
工程：生物医学-1区",1区,,,2057-3995,"[""2057-3995""]",Springer Science and Business Media LLC,resolved,unknown,0,,https://mp.weixin.qq.com/s/h_3PwOTE-7CNowwthUzEzg,pending_clarivate_verification
medicine,415,International Journal of Radiation Oncology Biology Physics,6.5,"肿瘤学-1区
核医学-1区",1区,,,,[],,unresolved,unknown,0,,https://mp.weixin.qq.com/s/h_3PwOTE-7CNowwthUzEzg,pending_clarivate_verification
medicine,416,BMJ Quality & Safety,6.5,"卫生保健与服务-1区
卫生政策与服务-1区",1区,,,,[],,ambiguous,unknown,0,,https://mp.weixin.qq.com/s/h_3PwOTE-7CNowwthUzEzg,pending_clarivate_verification
medicine,417,npj Vaccines,6.5,"免疫学-1区
医学：研究与实验-1区",2区,,,2059-0105,"[""2059-0105""]",Springer Science and Business Media LLC,resolved,unknown,0,,https://mp.weixin.qq.com/s/h_3PwOTE-7CNowwthUzEzg,pending_clarivate_verification
medicine,418,International Journal of Nanomedicine,6.5,"药学-1区
纳米科技-2区",2区,,1176-9114,1178-2013,"[""1176-9114"",""1178-2013""]",Dove Medical Press,resolved,unknown,0,,https://mp.weixin.qq.com/s/h_3PwOTE-7CNowwthUzEzg,pending_clarivate_verification
medicine,419,Annals of Surgery,6.4,外科-1区,1区,,0003-4932,1528-1140,"[""0003-4932"",""1528-1140""]",Ovid Technologies (Wolters Kluwer) - Lippincott Williams & Wilkins,resolved,unknown,0,,https://mp.weixin.qq.com/s/h_3PwOTE-7CNowwthUzEzg,pending_clarivate_verification
medicine,420,Pulmonology,6.4,呼吸系统-1区,2区,,2531-0429,2531-0437,"[""2531-0429"",""2531-0437""]",Informa UK (Taylor & Francis),resolved,unknown,0,,https://mp.weixin.qq.com/s/h_3PwOTE-7CNowwthUzEzg,pending_clarivate_verification
medicine,421,Current Diabetes Reports,6.4,内分泌学与代谢-1区,2区,,1534-4827,1539-0829,"[""1534-4827"",""1539-0829""]",Springer-Verlag,resolved,unknown,0,,https://mp.weixin.qq.com/s/h_3PwOTE-7CNowwthUzEzg,pending_clarivate_verification
medicine,422,International Journal of Pharmaceutics-X,6.4,药学-1区,2区,,,,[],,unresolved,unknown,0,,https://mp.weixin.qq.com/s/h_3PwOTE-7CNowwthUzEzg,pending_clarivate_verification
medicine,423,Journal of Travel Medicine,6.4,"传染病学-1区
医学：内科-1区
公共卫生、环境卫生与职业卫生-1区",2区,,1195-1982,1708-8305,"[""1195-1982"",""1708-8305""]",Oxford University Press,resolved,unknown,0,,https://mp.weixin.qq.com/s/h_3PwOTE-7CNowwthUzEzg,pending_clarivate_verification
medicine,424,Molecular Medicine,6.4,"生化与分子生物学-1区
细胞生物学-1区
医学：研究与实验-1区",2区,,1076-1551,1528-3658,"[""1076-1551"",""1528-3658""]",Springer (Biomed Central Ltd.),resolved,unknown,0,,https://mp.weixin.qq.com/s/h_3PwOTE-7CNowwthUzEzg,pending_clarivate_verification
medicine,425,Pediatrics,6.4,儿科-1区,2区,,0031-4005,1098-4275,"[""0031-4005"",""1098-4275""]",American Academy of Pediatrics,resolved,unknown,0,,https://mp.weixin.qq.com/s/h_3PwOTE-7CNowwthUzEzg,pending_clarivate_verification
medicine,426,Oncogenesis,6.4,肿瘤学-1区,2区,,,2157-9024,"[""2157-9024""]",Springer Science and Business Media LLC,resolved,unknown,0,,https://mp.weixin.qq.com/s/h_3PwOTE-7CNowwthUzEzg,pending_clarivate_verification
medicine,427,QJM-An International Journal of Medicine,6.4,医学：内科-1区,3区,,,,[],,unresolved,unknown,0,,https://mp.weixin.qq.com/s/h_3PwOTE-7CNowwthUzEzg,pending_clarivate_verification
medicine,428,Dental Materials,6.3,"牙科与口腔外科-1区
材料科学：生物材料-1区",1区,,0109-5641,,"[""0109-5641""]",Elsevier,resolved,unknown,0,,https://mp.weixin.qq.com/s/h_3PwOTE-7CNowwthUzEzg,pending_clarivate_verification
medicine,429,Journal of Pineal Research,6.3,"内分泌学与代谢-1区
神经科学-1区
生理学-1区",1区,,0742-3098,1600-079X,"[""0742-3098"",""1600-079X""]",Wiley (Blackwell Publishing),resolved,unknown,0,,https://mp.weixin.qq.com/s/h_3PwOTE-7CNowwthUzEzg,pending_clarivate_verification
medicine,430,Ultrasound in Obstetrics & Gynecology,6.3,"声学-1区
妇产科学-1区
核医学-1区",1区,,,,[],,unresolved,unknown,0,,https://mp.weixin.qq.com/s/h_3PwOTE-7CNowwthUzEzg,pending_clarivate_verification
medicine,431,Chinese Journal of Cancer Research,6.3,肿瘤学-1区,2区,,1000-9604,1993-0631,"[""1000-9604"",""1993-0631""]",Chinese Journal of Cancer Research,resolved,unknown,0,,https://mp.weixin.qq.com/s/h_3PwOTE-7CNowwthUzEzg,pending_clarivate_verification
medicine,432,Clinical Chemistry,6.3,医学实验技术-1区,2区,,0009-9147,1530-8561,"[""0009-9147"",""1530-8561""]",Oxford University Press,resolved,unknown,0,,https://mp.weixin.qq.com/s/h_3PwOTE-7CNowwthUzEzg,pending_clarivate_verification
medicine,433,Computers in Biology and Medicine,6.3,"生物学-1区
计算机：跨学科应用-1区
工程：生物医学-1区
数学与计算生物学-1区",2区,,0010-4825,,"[""0010-4825""]",Elsevier,resolved,unknown,0,,https://mp.weixin.qq.com/s/h_3PwOTE-7CNowwthUzEzg,pending_clarivate_verification
medicine,434,Diabetes Technology & Therapeutics,6.3,内分泌学与代谢-1区,2区,,1520-9156,1557-8593,"[""1520-9156"",""1557-8593""]",SAGE Publications,resolved,unknown,0,,https://mp.weixin.qq.com/s/h_3PwOTE-7CNowwthUzEzg,pending_clarivate_verification
medicine,435,Radiology-Imaging Cancer,6.3,"肿瘤学-1区
核医学-1区",2区,,,,[],,unresolved,unknown,0,,https://mp.weixin.qq.com/s/h_3PwOTE-7CNowwthUzEzg,pending_clarivate_verification
medicine,436,Communications Medicine,6.3,医学：研究与实验-1区,2区,,,2730-664X,"[""2730-664X""]",Springer Science and Business Media LLC,resolved,unknown,0,,https://mp.weixin.qq.com/s/h_3PwOTE-7CNowwthUzEzg,pending_clarivate_verification
medicine,437,Phytotherapy Research,6.3,"药物化学-1区
药学-1区",2区,,0951-418X,1099-1573,"[""0951-418X"",""1099-1573""]",Wiley (John Wiley & Sons),resolved,unknown,0,,https://mp.weixin.qq.com/s/h_3PwOTE-7CNowwthUzEzg,pending_clarivate_verification
medicine,438,Respirology,6.3,呼吸系统-1区,2区,,1323-7799,1440-1843,"[""1323-7799"",""1440-1843""]",Wiley (Blackwell Publishing),resolved,unknown,0,,https://mp.weixin.qq.com/s/h_3PwOTE-7CNowwthUzEzg,pending_clarivate_verification
medicine,439,Emergencias,6.3,急救医学-1区,2区,,1137-6821,2386-5857,"[""1137-6821"",""2386-5857""]",SEMES (Sociedad Espanola de Medicina de Urgencias y Emergencias),resolved,unknown,0,,https://mp.weixin.qq.com/s/h_3PwOTE-7CNowwthUzEzg,pending_clarivate_verification
medicine,440,Oncoimmunology,6.3,"免疫学-1区
肿瘤学-1区",2区,,2162-4011,2162-402X,"[""2162-4011"",""2162-402X""]",Landes Bioscience,resolved,unknown,0,,https://mp.weixin.qq.com/s/h_3PwOTE-7CNowwthUzEzg,pending_clarivate_verification
medicine,441,Korean Journal of Anesthesiology,6.3,麻醉学-1区,3区,,0302-5780,2005-7563,"[""0302-5780"",""2005-6419"",""2005-7563""]",The Korean Society of Anesthesiologists,resolved,unknown,0,,https://mp.weixin.qq.com/s/h_3PwOTE-7CNowwthUzEzg,pending_clarivate_verification
medicine,442,Epilepsy Currents,6.3,临床神经病学-1区,3区,,1535-7597,1535-7597,"[""1535-7511"",""1535-7597""]",SAGE Publications,resolved,unknown,0,,https://mp.weixin.qq.com/s/h_3PwOTE-7CNowwthUzEzg,pending_clarivate_verification
medicine,443,Journal of Nursing Regulation,6.3,护理-1区,4区,,2155-8256,,"[""2155-8256""]",Elsevier,resolved,unknown,0,,https://mp.weixin.qq.com/s/h_3PwOTE-7CNowwthUzEzg,pending_clarivate_verification
medicine,444,Genetics in Medicine,6.2,遗传学-1区,1区,,1098-3600,1530-0366,"[""1098-3600"",""1530-0366""]",Elsevier,resolved,unknown,0,,https://mp.weixin.qq.com/s/h_3PwOTE-7CNowwthUzEzg,pending_clarivate_verification
medicine,445,Fluids and Barriers of the CNS,6.2,神经科学-1区,2区,,2045-8118,2045-8118,"[""2045-8118""]",Springer (Biomed Central Ltd.),resolved,unknown,0,,https://mp.weixin.qq.com/s/h_3PwOTE-7CNowwthUzEzg,pending_clarivate_verification
medicine,446,Brain Pathology,6.2,"临床神经病学-1区
神经科学-1区
病理学-1区",2区,,1015-6305,1750-3639,"[""1015-6305"",""1750-3639""]",Wiley (Blackwell Publishing),resolved,unknown,0,,https://mp.weixin.qq.com/s/h_3PwOTE-7CNowwthUzEzg,pending_clarivate_verification
medicine,447,Lancet Regional Health - Southeast Asia,6.2,"卫生保健与服务-1区
公共卫生、环境卫生与职业卫生-1区",2区,,,,[],,unresolved,unknown,0,,https://mp.weixin.qq.com/s/h_3PwOTE-7CNowwthUzEzg,pending_clarivate_verification
medicine,448,Psychiatry and Clinical Neurosciences,6.2,"临床神经病学-1区
神经科学-1区
精神病学-1区",2区,,1323-1316,1440-1819,"[""1323-1316"",""1440-1819""]",Wiley (Blackwell Publishing),resolved,unknown,0,,https://mp.weixin.qq.com/s/h_3PwOTE-7CNowwthUzEzg,pending_clarivate_verification
medicine,449,Artificial Intelligence in Medicine,6.2,"计算机：人工智能-1区
工程：生物医学-1区
医学：信息-1区",2区,,0933-3657,,"[""0933-3657""]",Elsevier,resolved,unknown,0,,https://mp.weixin.qq.com/s/h_3PwOTE-7CNowwthUzEzg,pending_clarivate_verification
medicine,450,Translational Psychiatry,6.2,精神病学-1区,2区,,,2158-3188,"[""2158-3188""]",Springer Science and Business Media LLC,resolved,unknown,0,,https://mp.weixin.qq.com/s/h_3PwOTE-7CNowwthUzEzg,pending_clarivate_verification
medicine,451,Journal of Behavioral Addictions,6.2,精神病学-1区,2区,,2062-5871,2063-5303,"[""2062-5871"",""2063-5303""]",Akademiai Kiado Zrt.,resolved,unknown,0,,https://mp.weixin.qq.com/s/h_3PwOTE-7CNowwthUzEzg,pending_clarivate_verification
medicine,452,JMIR mHealth and uHealth,6.2,"卫生保健与服务-1区
医学：信息-1区",2区,,,2291-5222,"[""2291-5222""]",JMIR Publications Inc.,resolved,unknown,0,,https://mp.weixin.qq.com/s/h_3PwOTE-7CNowwthUzEzg,pending_clarivate_verification
medicine,453,Pneumonia,6.2,呼吸系统-1区,3区,,,2200-6133,"[""2200-6133""]",Springer (Biomed Central Ltd.),resolved,unknown,0,,https://mp.weixin.qq.com/s/h_3PwOTE-7CNowwthUzEzg,pending_clarivate_verification
medicine,454,JCI Insight,6.1,医学：研究与实验-1区,1区,,2379-3708,2379-3708,"[""2379-3708""]",American Society for Clinical Investigation,resolved,unknown,0,,https://mp.weixin.qq.com/s/h_3PwOTE-7CNowwthUzEzg,pending_clarivate_verification
medicine,455,BMJ Global Health,6.1,公共卫生、环境卫生与职业卫生-1区,1区,,2059-7908,2059-7908,"[""2059-7908""]",BMJ,resolved,unknown,0,,https://mp.weixin.qq.com/s/h_3PwOTE-7CNowwthUzEzg,pending_clarivate_verification
medicine,456,Hepatology International,6.1,胃肠肝病学-1区,1区,,1936-0533,1936-0541,"[""1936-0533"",""1936-0541""]",Springer-Verlag,resolved,unknown,0,,https://mp.weixin.qq.com/s/h_3PwOTE-7CNowwthUzEzg,pending_clarivate_verification
medicine,457,Human Reproduction,6.1,"妇产科学-1区
生殖生物学-1区",1区,,0268-1161,1460-2350,"[""0268-1161"",""1460-2350""]",Oxford University Press,resolved,unknown,0,,https://mp.weixin.qq.com/s/h_3PwOTE-7CNowwthUzEzg,pending_clarivate_verification
medicine,458,European Heart Journal-Cardiovascular Pharmacotherapy,6.1,"心脏和心血管系统-1区
药学-1区",2区,,,,[],,unresolved,unknown,0,,https://mp.weixin.qq.com/s/h_3PwOTE-7CNowwthUzEzg,pending_clarivate_verification
medicine,459,Best Practice & Research Clinical Endocrinology & Metabolism,6.1,内分泌学与代谢-1区,2区,,1521-690X,1532-1908,"[""1521-690X"",""1532-1908""]",Elsevier,resolved,unknown,0,,https://mp.weixin.qq.com/s/h_3PwOTE-7CNowwthUzEzg,pending_clarivate_verification
medicine,460,European Journal of Internal Medicine,6.1,医学：内科-1区,2区,,0953-6205,,"[""0953-6205""]",Elsevier,resolved,unknown,0,,https://mp.weixin.qq.com/s/h_3PwOTE-7CNowwthUzEzg,pending_clarivate_verification
medicine,461,Annual Review of Cancer Biology,6.1,肿瘤学-1区,2区,,2472-3428,2472-3428,"[""2472-3428""]",Annual Reviews,resolved,unknown,0,,https://mp.weixin.qq.com/s/h_3PwOTE-7CNowwthUzEzg,pending_clarivate_verification
medicine,462,Molecular Therapy Nucleic Acids,6.1,医学：研究与实验-1区,2区,,,,[],,unresolved,unknown,0,,https://mp.weixin.qq.com/s/h_3PwOTE-7CNowwthUzEzg,pending_clarivate_verification
medicine,463,Journal of Cardiovascular Magnetic Resonance,6.1,"心脏和心血管系统-1区
核医学-1区",2区,,1097-6647,1532-429X,"[""1097-6647"",""1532-429X""]",Elsevier,resolved,unknown,0,,https://mp.weixin.qq.com/s/h_3PwOTE-7CNowwthUzEzg,pending_clarivate_verification
medicine,464,American Journal of Roentgenology,6.1,核医学-1区,2区,,0361-803X,1546-3141,"[""0361-803X"",""1546-3141""]",American Roentgen Ray Society,resolved,unknown,0,,https://mp.weixin.qq.com/s/h_3PwOTE-7CNowwthUzEzg,pending_clarivate_verification
medicine,465,Progress in Neurobiology,6.1,神经科学-1区,2区,,0301-0082,,"[""0301-0082""]",Elsevier,resolved,unknown,0,,https://mp.weixin.qq.com/s/h_3PwOTE-7CNowwthUzEzg,pending_clarivate_verification
medicine,466,Epidemiology and Psychiatric Sciences,6.1,精神病学-1区,2区,,2045-7960,2045-7979,"[""2045-7960"",""2045-7979""]",Cambridge University Press,resolved,unknown,0,,https://mp.weixin.qq.com/s/h_3PwOTE-7CNowwthUzEzg,pending_clarivate_verification
medicine,467,Critical Care Medicine,6.0,危重病医学-1区,1区,,0090-3493,1530-0293,"[""0090-3493"",""1530-0293""]",Ovid Technologies (Wolters Kluwer) - Lippincott Williams & Wilkins,resolved,unknown,0,,https://mp.weixin.qq.com/s/h_3PwOTE-7CNowwthUzEzg,pending_clarivate_verification
medicine,468,Journal of Heart and Lung Transplantation,6.0,"心脏和心血管系统-1区
呼吸系统-1区
外科-1区
移植-1区",1区,,,,[],,unresolved,unknown,0,,https://mp.weixin.qq.com/s/h_3PwOTE-7CNowwthUzEzg,pending_clarivate_verification
medicine,469,Journal of the American Society of Echocardiography,6.0,心脏和心血管系统-1区,1区,,0894-7317,,"[""0894-7317""]",Elsevier,resolved,unknown,0,,https://mp.weixin.qq.com/s/h_3PwOTE-7CNowwthUzEzg,pending_clarivate_verification
medicine,470,International Journal of Bioprinting,6.0,"工程：生物医学-1区
材料科学：生物材料-2区",2区,,2424-7723,2424-8002,"[""2424-7723"",""2424-8002""]",AccScience Publishing,resolved,unknown,0,,https://mp.weixin.qq.com/s/h_3PwOTE-7CNowwthUzEzg,pending_clarivate_verification
medicine,471,npj Aging,6.0,老年医学-1区,2区,,,2731-6068,"[""2731-6068""]",Springer Science and Business Media LLC,resolved,unknown,0,,https://mp.weixin.qq.com/s/h_3PwOTE-7CNowwthUzEzg,pending_clarivate_verification
medicine,472,Annual Review of Biomedical Data Science,6.0,数学与计算生物学-1区,2区,,2574-3414,2574-3414,"[""2574-3414""]",Annual Reviews,resolved,unknown,0,,https://mp.weixin.qq.com/s/h_3PwOTE-7CNowwthUzEzg,pending_clarivate_verification
medicine,473,Journal of Cystic Fibrosis,6.0,呼吸系统-1区,2区,,1569-1993,,"[""1569-1993""]",Elsevier,resolved,unknown,0,,https://mp.weixin.qq.com/s/h_3PwOTE-7CNowwthUzEzg,pending_clarivate_verification
medicine,474,Journal of Medical Internet Research,6.0,"卫生保健与服务-1区
医学：信息-1区",2区,,,1438-8871,"[""1438-8871""]",JMIR Publications Inc.,resolved,unknown,0,,https://mp.weixin.qq.com/s/h_3PwOTE-7CNowwthUzEzg,pending_clarivate_verification
medicine,475,Value in Health,6.0,"经济学-1区
卫生保健与服务-1区
卫生政策与服务-1区",2区,,1098-3015,1524-4733,"[""1098-3015"",""1524-4733""]",Elsevier,resolved,unknown,0,,https://mp.weixin.qq.com/s/h_3PwOTE-7CNowwthUzEzg,pending_clarivate_verification
medicine,476,Cancer Cell International,6.0,肿瘤学-1区,3区,,1475-2867,1475-2867,"[""1475-2867""]",Springer (Biomed Central Ltd.),resolved,unknown,0,,https://mp.weixin.qq.com/s/h_3PwOTE-7CNowwthUzEzg,pending_clarivate_verification
medicine,477,Diabetes-Metabolism Research and Reviews,6.0,内分泌学与代谢-1区,3区,,,,[],,unresolved,unknown,0,,https://mp.weixin.qq.com/s/h_3PwOTE-7CNowwthUzEzg,pending_clarivate_verification
medicine,478,Visual Computing for Industry Biomedicine and Art,6.0,"计算机：跨学科应用-1区
工程：电子与电气-1区
成像科学与照相技术-1区",3区,,,2524-4442,"[""2524-4442""]",Springer (Biomed Central Ltd.),resolved,unknown,0,,https://mp.weixin.qq.com/s/h_3PwOTE-7CNowwthUzEzg,pending_clarivate_verification
medicine,479,Journal of Bone and Mineral Research,5.9,内分泌学与代谢-1区,1区,,0884-0431,1523-4681,"[""0884-0431"",""1523-4681""]",Oxford University Press,resolved,unknown,0,,https://mp.weixin.qq.com/s/h_3PwOTE-7CNowwthUzEzg,pending_clarivate_verification
medicine,480,Journal of Dental Research,5.9,牙科与口腔外科-1区,1区,,0022-0345,1544-0591,"[""0022-0345"",""1544-0591""]",SAGE Publications,resolved,unknown,0,,https://mp.weixin.qq.com/s/h_3PwOTE-7CNowwthUzEzg,pending_clarivate_verification
medicine,481,Epma Journal,5.9,医学：研究与实验-1区,2区,,,,[],,unresolved,unknown,0,,https://mp.weixin.qq.com/s/h_3PwOTE-7CNowwthUzEzg,pending_clarivate_verification
medicine,482,Sports Medicine-Open,5.9,运动科学-1区,2区,,,,[],,unresolved,unknown,0,,https://mp.weixin.qq.com/s/h_3PwOTE-7CNowwthUzEzg,pending_clarivate_verification
medicine,483,European Journal of Epidemiology,5.9,公共卫生、环境卫生与职业卫生-1区,2区,,0393-2990,1573-7284,"[""0393-2990"",""1573-7284""]",Springer-Verlag,resolved,unknown,0,,https://mp.weixin.qq.com/s/h_3PwOTE-7CNowwthUzEzg,pending_clarivate_verification
medicine,484,European Journal of Medicinal Chemistry,5.9,药物化学-1区,2区,,0223-5234,0223-5234,"[""0223-5234""]",Elsevier,resolved,unknown,0,,https://mp.weixin.qq.com/s/h_3PwOTE-7CNowwthUzEzg,pending_clarivate_verification
medicine,485,American Journal of Preventive Cardiology,5.9,心脏和心血管系统-1区,2区,,2666-6677,,"[""2666-6677""]",Elsevier,resolved,unknown,0,,https://mp.weixin.qq.com/s/h_3PwOTE-7CNowwthUzEzg,pending_clarivate_verification
medicine,486,International Journal of Epidemiology,5.9,公共卫生、环境卫生与职业卫生-1区,2区,,0300-5771,1464-3685,"[""0300-5771"",""1464-3685""]",Oxford University Press,resolved,unknown,0,,https://mp.weixin.qq.com/s/h_3PwOTE-7CNowwthUzEzg,pending_clarivate_verification
medicine,487,Seminars in Nuclear Medicine,5.9,核医学-1区,2区,,0001-2998,,"[""0001-2998""]",Elsevier - WB Saunders,resolved,unknown,0,,https://mp.weixin.qq.com/s/h_3PwOTE-7CNowwthUzEzg,pending_clarivate_verification
medicine,488,Survey of Ophthalmology,5.9,眼科学-1区,2区,,0039-6257,,"[""0039-6257""]",Elsevier,resolved,unknown,0,,https://mp.weixin.qq.com/s/h_3PwOTE-7CNowwthUzEzg,pending_clarivate_verification
medicine,489,Translational Research,5.9,"医学实验技术-1区
医学：内科-1区
医学：研究与实验-1区",2区,,1931-5244,,"[""1931-5244""]",Elsevier,resolved,unknown,0,,https://mp.weixin.qq.com/s/h_3PwOTE-7CNowwthUzEzg,pending_clarivate_verification
medicine,490,Frontiers in Immunology,5.9,免疫学-1区,2区,,,1664-3224,"[""1664-3224""]",Frontiers Media SA,resolved,unknown,0,,https://mp.weixin.qq.com/s/h_3PwOTE-7CNowwthUzEzg,pending_clarivate_verification
medicine,491,Substance Abuse and Rehabilitation,5.9,药物滥用-1区,3区,,,1179-8467,"[""1179-8467""]",Dove Medical Press,resolved,unknown,0,,https://mp.weixin.qq.com/s/h_3PwOTE-7CNowwthUzEzg,pending_clarivate_verification
medicine,492,Cell Biology and Toxicology,5.9,"毒理学-1区
细胞生物学-2区",3区,,0742-2091,1573-6822,"[""0742-2091"",""1573-6822""]",Springer-Verlag,resolved,unknown,0,,https://mp.weixin.qq.com/s/h_3PwOTE-7CNowwthUzEzg,pending_clarivate_verification
medicine,493,World Journal of Emergency Surgery,5.8,"急救医学-1区
外科-1区",1区,,1749-7922,1749-7922,"[""1749-7922""]",Springer (Biomed Central Ltd.),resolved,unknown,0,,https://mp.weixin.qq.com/s/h_3PwOTE-7CNowwthUzEzg,pending_clarivate_verification
medicine,494,JMIR Mental Health,5.8,精神病学-1区,2区,,,2368-7959,"[""2368-7959""]",JMIR Publications Inc.,resolved,unknown,0,,https://mp.weixin.qq.com/s/h_3PwOTE-7CNowwthUzEzg,pending_clarivate_verification
medicine,495,Current Opinion in Immunology,5.8,免疫学-1区,2区,,0952-7915,,"[""0952-7915""]",Elsevier,resolved,unknown,0,,https://mp.weixin.qq.com/s/h_3PwOTE-7CNowwthUzEzg,pending_clarivate_verification
medicine,496,International Journal of Molecular Medicine,5.8,医学：研究与实验-1区,2区,,1107-3756,1791-244X,"[""1107-3756"",""1791-244X""]",Spandidos Publications,resolved,unknown,0,,https://mp.weixin.qq.com/s/h_3PwOTE-7CNowwthUzEzg,pending_clarivate_verification
medicine,497,Journal of Orthopaedic & Sports Physical Therapy,5.8,"骨科-1区
康复医学-1区
运动科学-1区",2区,,,,[],,unresolved,unknown,0,,https://mp.weixin.qq.com/s/h_3PwOTE-7CNowwthUzEzg,pending_clarivate_verification
medicine,498,Prostate Cancer and Prostatic Diseases,5.8,"肿瘤学-1区
泌尿学与肾脏学-1区",2区,,1365-7852,1365-7852,"[""1365-7852"",""1476-5608""]",Springer Science and Business Media LLC,resolved,unknown,0,,https://mp.weixin.qq.com/s/h_3PwOTE-7CNowwthUzEzg,pending_clarivate_verification
medicine,499,Altex-Alternatives to Animal Experimentation,5.8,医学：研究与实验-1区,2区,,,,[],,unresolved,unknown,0,,https://mp.weixin.qq.com/s/h_3PwOTE-7CNowwthUzEzg,pending_clarivate_verification
medicine,500,Neuroscience Bulletin,5.8,神经科学-1区,2区,,1673-7067,1995-8218,"[""1673-7067"",""1995-8218""]",Springer-Verlag,resolved,unknown,0,,https://mp.weixin.qq.com/s/h_3PwOTE-7CNowwthUzEzg,pending_clarivate_verification
medicine,501,Journal of Cardiovascular Computed Tomography,5.8,"心脏和心血管系统-1区
核医学-1区",2区,,1934-5925,,"[""1934-5925""]",Elsevier,resolved,unknown,0,,https://mp.weixin.qq.com/s/h_3PwOTE-7CNowwthUzEzg,pending_clarivate_verification
medicine,502,Cardiovascular Intervention and Therapeutics,5.8,心脏和心血管系统-1区,3区,,1868-4300,1868-4297,"[""1868-4297"",""1868-4300""]",Springer-Verlag,resolved,unknown,0,,https://mp.weixin.qq.com/s/h_3PwOTE-7CNowwthUzEzg,pending_clarivate_verification
medicine,503,Nepal Journal of Epidemiology,5.8,公共卫生、环境卫生与职业卫生-1区,4区,,,2091-0800,"[""2091-0800""]",Nepal Journals Online,resolved,unknown,0,,https://mp.weixin.qq.com/s/h_3PwOTE-7CNowwthUzEzg,pending_clarivate_verification
medicine,504,Acta Neuropathologica Communications,5.7,神经科学-1区,1区,,2051-5960,2051-5960,"[""2051-5960""]",Springer (Biomed Central Ltd.),resolved,unknown,0,,https://mp.weixin.qq.com/s/h_3PwOTE-7CNowwthUzEzg,pending_clarivate_verification
medicine,505,Heart Rhythm,5.7,心脏和心血管系统-1区,1区,,1547-5271,,"[""1547-5271""]",Elsevier,resolved,unknown,0,,https://mp.weixin.qq.com/s/h_3PwOTE-7CNowwthUzEzg,pending_clarivate_verification
medicine,506,Bioengineering & Translational Medicine,5.7,工程：生物医学-1区,2区,,2380-6761,2380-6761,"[""2380-6761""]",Wiley (John Wiley & Sons),resolved,unknown,0,,https://mp.weixin.qq.com/s/h_3PwOTE-7CNowwthUzEzg,pending_clarivate_verification
medicine,507,Kidney International Reports,5.7,泌尿学与肾脏学-1区,2区,,2468-0249,,"[""2468-0249""]",Elsevier,resolved,unknown,0,,https://mp.weixin.qq.com/s/h_3PwOTE-7CNowwthUzEzg,pending_clarivate_verification
medicine,508,Blood Reviews,5.7,血液学-1区,2区,,0268-960X,,"[""0268-960X""]",Elsevier,resolved,unknown,0,,https://mp.weixin.qq.com/s/h_3PwOTE-7CNowwthUzEzg,pending_clarivate_verification
medicine,509,Bulletin of the World Health Organization,5.7,公共卫生、环境卫生与职业卫生-1区,2区,,0042-9686,0042-9686,"[""0042-9686"",""1564-0604""]",WHO Press,resolved,unknown,0,,https://mp.weixin.qq.com/s/h_3PwOTE-7CNowwthUzEzg,pending_clarivate_verification
medicine,510,Diabetes Obesity & Metabolism,5.7,内分泌学与代谢-1区,2区,,,,[],,unresolved,unknown,0,,https://mp.weixin.qq.com/s/h_3PwOTE-7CNowwthUzEzg,pending_clarivate_verification
medicine,511,Ophthalmology Retina,5.7,眼科学-1区,2区,,2468-6530,,"[""2468-6530""]",Elsevier,resolved,unknown,0,,https://mp.weixin.qq.com/s/h_3PwOTE-7CNowwthUzEzg,pending_clarivate_verification
medicine,512,Cardiac Failure Review,5.7,心脏和心血管系统-1区,2区,,2057-7540,2057-7559,"[""2057-7540"",""2057-7559""]",Radcliffe Medical Media Ltd,resolved,unknown,0,,https://mp.weixin.qq.com/s/h_3PwOTE-7CNowwthUzEzg,pending_clarivate_verification
medicine,513,Journal of Clinical Immunology,5.7,免疫学-1区,2区,,0271-9142,1573-2592,"[""0271-9142"",""1573-2592""]",Springer-Verlag,resolved,unknown,0,,https://mp.weixin.qq.com/s/h_3PwOTE-7CNowwthUzEzg,pending_clarivate_verification
medicine,514,Journal of Investigative Dermatology,5.7,皮肤病学-1区,2区,,0022-202X,1523-1747,"[""0022-202X"",""1523-1747""]",Elsevier,resolved,unknown,0,,https://mp.weixin.qq.com/s/h_3PwOTE-7CNowwthUzEzg,pending_clarivate_verification
medicine,515,Chinese Medicine,5.7,"全科医学与补充医学-1区
药学-1区",2区,,,,[],,ambiguous,unknown,0,,https://mp.weixin.qq.com/s/h_3PwOTE-7CNowwthUzEzg,pending_clarivate_verification
medicine,516,Atherosclerosis,5.7,"心脏和心血管系统-1区
外周血管病-1区",2区,,0021-9150,,"[""0021-9150""]",Elsevier,resolved,unknown,0,,https://mp.weixin.qq.com/s/h_3PwOTE-7CNowwthUzEzg,pending_clarivate_verification
medicine,517,Psoriasis-Targets and Therapy,5.7,皮肤病学-1区,3区,,,,[],,unresolved,unknown,0,,https://mp.weixin.qq.com/s/h_3PwOTE-7CNowwthUzEzg,pending_clarivate_verification
medicine,518,Journal of Medical Systems,5.7,"卫生保健与服务-1区
医学：信息-1区",3区,,0148-5598,1573-689X,"[""0148-5598"",""1573-689X""]",Springer-Verlag,resolved,unknown,0,,https://mp.weixin.qq.com/s/h_3PwOTE-7CNowwthUzEzg,pending_clarivate_verification
medicine,519,Acta Physiologica,5.6,生理学-1区,1区,,1748-1708,1748-1716,"[""1748-1708"",""1748-1716""]",Wiley (Blackwell Publishing),resolved,unknown,0,,https://mp.weixin.qq.com/s/h_3PwOTE-7CNowwthUzEzg,pending_clarivate_verification
medicine,520,Ocular Surface,5.6,眼科学-1区,1区,,,,[],,unresolved,unknown,0,,https://mp.weixin.qq.com/s/h_3PwOTE-7CNowwthUzEzg,pending_clarivate_verification
medicine,521,JAMA Otolaryngology-Head & Neck Surgery,5.6,"耳鼻喉科学-1区
外科-1区",1区,,,,[],,unresolved,unknown,0,,https://mp.weixin.qq.com/s/h_3PwOTE-7CNowwthUzEzg,pending_clarivate_verification
medicine,522,Autism Research,5.6,"行为科学-1区
心理学：发育-1区",2区,,1939-3792,1939-3806,"[""1939-3792"",""1939-3806""]",Wiley (John Wiley & Sons),resolved,unknown,0,,https://mp.weixin.qq.com/s/h_3PwOTE-7CNowwthUzEzg,pending_clarivate_verification
medicine,523,European Urology Focus,5.6,泌尿学与肾脏学-1区,2区,,2405-4569,,"[""2405-4569""]",Elsevier,resolved,unknown,0,,https://mp.weixin.qq.com/s/h_3PwOTE-7CNowwthUzEzg,pending_clarivate_verification
medicine,524,Biochemical Pharmacology,5.6,药学-1区,2区,,0006-2952,,"[""0006-2952""]",Elsevier,resolved,unknown,0,,https://mp.weixin.qq.com/s/h_3PwOTE-7CNowwthUzEzg,pending_clarivate_verification
medicine,525,Jco Precision Oncology,5.6,肿瘤学-1区,2区,,2473-4284,2473-4284,"[""2473-4284""]",American Society of Clinical Oncology,resolved,unknown,0,,https://mp.weixin.qq.com/s/h_3PwOTE-7CNowwthUzEzg,pending_clarivate_verification
medicine,526,Breast Cancer Research,5.6,肿瘤学-1区,2区,,1465-5411,1465-5411,"[""1465-5411"",""1465-542X""]",Springer (Biomed Central Ltd.),resolved,unknown,0,,https://mp.weixin.qq.com/s/h_3PwOTE-7CNowwthUzEzg,pending_clarivate_verification
medicine,527,Clinical and Experimental Ophthalmology,5.6,眼科学-1区,2区,,1442-6404,1442-9071,"[""1442-6404"",""1442-9071""]",Wiley (Blackwell Publishing),resolved,unknown,0,,https://mp.weixin.qq.com/s/h_3PwOTE-7CNowwthUzEzg,pending_clarivate_verification
medicine,528,Colloids and Surfaces B-Biointerfaces,5.6,"生物物理-1区
物理化学-2区
材料科学：生物材料-2区",2区,,,,[],,unresolved,unknown,0,,https://mp.weixin.qq.com/s/h_3PwOTE-7CNowwthUzEzg,pending_clarivate_verification
medicine,529,Critical Reviews in Oncology Hematology,5.6,"血液学-1区
肿瘤学-1区",2区,,,,[],,unresolved,unknown,0,,https://mp.weixin.qq.com/s/h_3PwOTE-7CNowwthUzEzg,pending_clarivate_verification
medicine,530,Nephrology Dialysis Transplantation,5.6,"移植-1区
泌尿学与肾脏学-1区",2区,,0931-0509,1460-2385,"[""0931-0509"",""1460-2385""]",Oxford University Press,resolved,unknown,0,,https://mp.weixin.qq.com/s/h_3PwOTE-7CNowwthUzEzg,pending_clarivate_verification
medicine,531,Neurobiology of Disease,5.6,神经科学-1区,2区,,0969-9961,1095-953X,"[""0969-9961"",""1095-953X""]",Elsevier,resolved,unknown,0,,https://mp.weixin.qq.com/s/h_3PwOTE-7CNowwthUzEzg,pending_clarivate_verification
medicine,532,Pediatric Diabetes,5.6,"内分泌学与代谢-1区
儿科-1区",2区,,1399-543X,1399-5448,"[""1399-543X"",""1399-5448""]",Maximum Academic Press,resolved,unknown,0,,https://mp.weixin.qq.com/s/h_3PwOTE-7CNowwthUzEzg,pending_clarivate_verification
medicine,533,Journal of Ginseng Research,5.6,"药物化学-1区
全科医学与补充医学-1区",2区,,1226-8453,,"[""1226-8453""]",Elsevier,resolved,unknown,0,,https://mp.weixin.qq.com/s/h_3PwOTE-7CNowwthUzEzg,pending_clarivate_verification
medicine,534,Immunity & Ageing,5.6,"老年医学-1区
免疫学-1区",2区,,1742-4933,1742-4933,"[""1742-4933""]",Springer (Biomed Central Ltd.),resolved,unknown,0,,https://mp.weixin.qq.com/s/h_3PwOTE-7CNowwthUzEzg,pending_clarivate_verification
medicine,535,Advances in Wound Care,5.6,皮肤病学-1区,3区,,2162-1918,2162-1934,"[""2162-1918"",""2162-1934""]",SAGE Publications,resolved,unknown,0,,https://mp.weixin.qq.com/s/h_3PwOTE-7CNowwthUzEzg,pending_clarivate_verification
medicine,536,International Journal of Behavioral Nutrition and Physical Activity,5.5,"营养学-1区
生理学-1区",1区,,1479-5868,1479-5868,"[""1479-5868""]",Springer (Biomed Central Ltd.),resolved,unknown,0,,https://mp.weixin.qq.com/s/h_3PwOTE-7CNowwthUzEzg,pending_clarivate_verification
medicine,537,Journal of Gastroenterology,5.5,胃肠肝病学-1区,1区,,0944-1174,1435-5922,"[""0944-1174"",""1435-5922""]",Springer-Verlag,resolved,unknown,0,,https://mp.weixin.qq.com/s/h_3PwOTE-7CNowwthUzEzg,pending_clarivate_verification
medicine,538,Modern Pathology,5.5,病理学-1区,1区,,0893-3952,1530-0285,"[""0893-3952"",""1530-0285""]",Elsevier,resolved,unknown,0,,https://mp.weixin.qq.com/s/h_3PwOTE-7CNowwthUzEzg,pending_clarivate_verification
medicine,539,Pain,5.5,"麻醉学-1区
临床神经病学-1区
神经科学-1区",1区,,0304-3959,1872-6623,"[""0304-3959"",""1872-6623""]",Ovid Technologies (Wolters Kluwer) - Lippincott Williams & Wilkins,resolved,unknown,0,,https://mp.weixin.qq.com/s/h_3PwOTE-7CNowwthUzEzg,pending_clarivate_verification
medicine,540,Radiographics,5.5,核医学-1区,1区,,0271-5333,1527-1323,"[""0271-5333"",""1527-1323""]",Radiological Society of North America,resolved,unknown,0,,https://mp.weixin.qq.com/s/h_3PwOTE-7CNowwthUzEzg,pending_clarivate_verification
medicine,541,Molecular Autism,5.5,"神经科学-1区
遗传学-1区",1区,,2040-2392,2040-2392,"[""2040-2392""]",Springer (Biomed Central Ltd.),resolved,unknown,0,,https://mp.weixin.qq.com/s/h_3PwOTE-7CNowwthUzEzg,pending_clarivate_verification
medicine,542,Annals of Intensive Care,5.5,危重病医学-1区,1区,,2110-5820,2110-5820,"[""2110-5820""]",Elsevier,resolved,unknown,0,,https://mp.weixin.qq.com/s/h_3PwOTE-7CNowwthUzEzg,pending_clarivate_verification
medicine,543,Infectious Diseases of Poverty,5.5,"传染病学-1区
寄生虫学-1区
热带医学-1区",1区,,2049-9957,2049-9957,"[""2049-9957""]",Springer (Biomed Central Ltd.),resolved,unknown,0,,https://mp.weixin.qq.com/s/h_3PwOTE-7CNowwthUzEzg,pending_clarivate_verification
medicine,544,Circulation-Genomic and Precision Medicine,5.5,"心脏和心血管系统-1区
遗传学-1区",2区,,,,[],,unresolved,unknown,0,,https://mp.weixin.qq.com/s/h_3PwOTE-7CNowwthUzEzg,pending_clarivate_verification
medicine,545,Clinical Pharmacology & Therapeutics,5.5,药学-1区,2区,,0009-9236,1532-6535,"[""0009-9236"",""1532-6535""]",Wiley (Blackwell Publishing),resolved,unknown,0,,https://mp.weixin.qq.com/s/h_3PwOTE-7CNowwthUzEzg,pending_clarivate_verification
medicine,546,Critical Reviews in Clinical Laboratory Sciences,5.5,医学实验技术-1区,2区,,1040-8363,1549-781X,"[""1040-8363"",""1549-781X""]",Informa UK (Taylor & Francis),resolved,unknown,0,,https://mp.weixin.qq.com/s/h_3PwOTE-7CNowwthUzEzg,pending_clarivate_verification
medicine,547,Current Nutrition Reports,5.5,营养学-1区,2区,,,2161-3311,"[""2161-3311""]",Springer-Verlag,resolved,unknown,0,,https://mp.weixin.qq.com/s/h_3PwOTE-7CNowwthUzEzg,pending_clarivate_verification
medicine,548,American Journal of Chinese Medicine,5.5,"全科医学与补充医学-1区
医学：内科-1区",2区,,,,[],,unresolved,unknown,0,,https://mp.weixin.qq.com/s/h_3PwOTE-7CNowwthUzEzg,pending_clarivate_verification
medicine,549,Journal of Dentistry,5.5,牙科与口腔外科-1区,2区,,0300-5712,,"[""0300-5712""]",Elsevier,resolved,unknown,0,,https://mp.weixin.qq.com/s/h_3PwOTE-7CNowwthUzEzg,pending_clarivate_verification
medicine,550,Molecular Cancer Therapeutics,5.5,肿瘤学-1区,2区,,1535-7163,1538-8514,"[""1535-7163"",""1538-8514""]",American Association for Cancer Research,resolved,unknown,0,,https://mp.weixin.qq.com/s/h_3PwOTE-7CNowwthUzEzg,pending_clarivate_verification
medicine,551,Psychological Medicine,5.5,"精神病学-1区
心理学-1区
心理学：临床-1区",2区,,0033-2917,1469-8978,"[""0033-2917"",""1469-8978""]",Cambridge University Press,resolved,unknown,0,,https://mp.weixin.qq.com/s/h_3PwOTE-7CNowwthUzEzg,pending_clarivate_verification
medicine,552,Journal of Oral Microbiology,5.5,微生物学-1区,2区,,,2000-2297,"[""2000-2297""]",Informa UK (Taylor & Francis),resolved,unknown,0,,https://mp.weixin.qq.com/s/h_3PwOTE-7CNowwthUzEzg,pending_clarivate_verification
medicine,553,Annual Review of Vision Science,5.5,"神经科学-1区
眼科学-1区",2区,,2374-4642,2374-4650,"[""2374-4642"",""2374-4650""]",Annual Reviews,resolved,unknown,0,,https://mp.weixin.qq.com/s/h_3PwOTE-7CNowwthUzEzg,pending_clarivate_verification
medicine,554,Pharmaceutics,5.5,药学-1区,3区,,,1999-4923,"[""1999-4923""]",MDPI AG,resolved,unknown,0,,https://mp.weixin.qq.com/s/h_3PwOTE-7CNowwthUzEzg,pending_clarivate_verification
medicine,555,Expert Reviews in Molecular Medicine,5.5,"生化与分子生物学-1区
医学：研究与实验-1区",3区,,1462-3994,1462-3994,"[""1462-3994""]",Cambridge University Press,resolved,unknown,0,,https://mp.weixin.qq.com/s/h_3PwOTE-7CNowwthUzEzg,pending_clarivate_verification
medicine,556,Journal of Psychopharmacology,5.5,"临床神经病学-1区
神经科学-1区
药学-1区
精神病学-1区",3区,,0269-8811,,"[""0269-8811"",""1461-7285""]",SAGE Publications,resolved,unknown,0,,https://mp.weixin.qq.com/s/h_3PwOTE-7CNowwthUzEzg,pending_clarivate_verification
medicine,557,Drug Delivery and Translational Research,5.5,"医学：研究与实验-1区
药学-1区",3区,,2190-393X,2190-3948,"[""2190-393X"",""2190-3948""]",Springer-Verlag,resolved,unknown,0,,https://mp.weixin.qq.com/s/h_3PwOTE-7CNowwthUzEzg,pending_clarivate_verification
medicine,558,Endoscopic Ultrasound,5.4,胃肠肝病学-1区,1区,,,,[],,ambiguous,unknown,0,,https://mp.weixin.qq.com/s/h_3PwOTE-7CNowwthUzEzg,pending_clarivate_verification
medicine,559,Geroscience,5.4,老年医学-1区,2区,,2509-2715,2509-2723,"[""2509-2715"",""2509-2723""]",Springer-Verlag,resolved,unknown,0,,https://mp.weixin.qq.com/s/h_3PwOTE-7CNowwthUzEzg,pending_clarivate_verification
medicine,560,Annals of the American Thoracic Society,5.4,呼吸系统-1区,2区,,2329-6933,2325-6621,"[""2325-6621"",""2329-6933""]",Oxford University Press,resolved,unknown,0,,https://mp.weixin.qq.com/s/h_3PwOTE-7CNowwthUzEzg,pending_clarivate_verification
medicine,561,Chemico-Biological Interactions,5.4,"生化与分子生物学-1区
药学-1区
毒理学-1区",2区,,0009-2797,,"[""0009-2797""]",Elsevier,resolved,unknown,0,,https://mp.weixin.qq.com/s/h_3PwOTE-7CNowwthUzEzg,pending_clarivate_verification
medicine,562,Expert Opinion on Drug Delivery,5.4,药学-1区,2区,,1742-5247,1744-7593,"[""1742-5247"",""1744-7593""]",Informa UK (Taylor & Francis),resolved,unknown,0,,https://mp.weixin.qq.com/s/h_3PwOTE-7CNowwthUzEzg,pending_clarivate_verification
medicine,563,Journal of Clinical Microbiology,5.4,微生物学-1区,2区,,0095-1137,1098-660X,"[""0095-1137"",""1098-660X""]",American Society for Microbiology,resolved,unknown,0,,https://mp.weixin.qq.com/s/h_3PwOTE-7CNowwthUzEzg,pending_clarivate_verification
medicine,564,Journal of Enzyme Inhibition and Medicinal Chemistry,5.4,"生化与分子生物学-1区
药物化学-1区",2区,,1475-6366,1475-6374,"[""1475-6366"",""1475-6374""]",Informa UK (Taylor & Francis),resolved,unknown,0,,https://mp.weixin.qq.com/s/h_3PwOTE-7CNowwthUzEzg,pending_clarivate_verification
medicine,565,Journal of Ethnopharmacology,5.4,"药物化学-1区
全科医学与补充医学-1区
药学-1区
植物科学-1区",2区,,0378-8741,,"[""0378-8741""]",Elsevier,resolved,unknown,0,,https://mp.weixin.qq.com/s/h_3PwOTE-7CNowwthUzEzg,pending_clarivate_verification
medicine,566,Marine Drugs,5.4,"药物化学-1区
药学-1区",2区,,,1660-3397,"[""1660-3397""]",MDPI AG,resolved,unknown,0,,https://mp.weixin.qq.com/s/h_3PwOTE-7CNowwthUzEzg,pending_clarivate_verification
medicine,567,Osteoporosis International,5.4,内分泌学与代谢-1区,2区,,0937-941X,1433-2965,"[""0937-941X"",""1433-2965""]",Springer-Verlag,resolved,unknown,0,,https://mp.weixin.qq.com/s/h_3PwOTE-7CNowwthUzEzg,pending_clarivate_verification
medicine,568,Arthroscopy-the Journal of Arthroscopic and Related Surgery,5.4,"骨科-1区
运动科学-1区
外科-1区",2区,,,,[],,unresolved,unknown,0,,https://mp.weixin.qq.com/s/h_3PwOTE-7CNowwthUzEzg,pending_clarivate_verification
medicine,569,Inflammation Research,5.4,"免疫学-1区
细胞生物学-2区",3区,,1023-3830,1420-908X,"[""1023-3830"",""1420-908X""]",Springer-Verlag,resolved,unknown,0,,https://mp.weixin.qq.com/s/h_3PwOTE-7CNowwthUzEzg,pending_clarivate_verification
medicine,570,Annals of Biomedical Engineering,5.4,工程：生物医学-1区,3区,,0090-6964,1573-9686,"[""0090-6964"",""0191-5649"",""1573-9686""]",Springer-Verlag,resolved,unknown,0,,https://mp.weixin.qq.com/s/h_3PwOTE-7CNowwthUzEzg,pending_clarivate_verification
medicine,571,World Journal of Gastroenterology,5.4,胃肠肝病学-1区,3区,,1007-9327,2219-2840,"[""1007-9327"",""2219-2840""]",Baishideng Publishing Group Co,resolved,unknown,0,,https://mp.weixin.qq.com/s/h_3PwOTE-7CNowwthUzEzg,pending_clarivate_verification
medicine,572,New Microbes and New Infections,5.4,"传染病学-1区
微生物学-1区",4区,,2052-2975,,"[""2052-2975""]",Elsevier,resolved,unknown,0,,https://mp.weixin.qq.com/s/h_3PwOTE-7CNowwthUzEzg,pending_clarivate_verification
medicine,573,Clinical Oral Implants Research,5.3,"牙科与口腔外科-1区
工程：生物医学-1区",1区,,0905-7161,1600-0501,"[""0905-7161"",""1600-0501""]",Wiley (Blackwell Publishing),resolved,unknown,0,,https://mp.weixin.qq.com/s/h_3PwOTE-7CNowwthUzEzg,pending_clarivate_verification
medicine,574,Journal of the American Heart Association,5.3,心脏和心血管系统-1区,1区,,,2047-9980,"[""2047-9980""]",Ovid Technologies (Wolters Kluwer) - American Heart Association,resolved,unknown,0,,https://mp.weixin.qq.com/s/h_3PwOTE-7CNowwthUzEzg,pending_clarivate_verification
medicine,575,Cancer & Metabolism,5.3,"肿瘤学-1区
细胞生物学-2区",2区,,2049-3002,2049-3002,"[""2049-3002""]",Springer (Biomed Central Ltd.),resolved,unknown,0,,https://mp.weixin.qq.com/s/h_3PwOTE-7CNowwthUzEzg,pending_clarivate_verification
medicine,576,Infectious Diseases and Therapy,5.3,传染病学-1区,2区,,2193-8229,2193-6382,"[""2193-6382"",""2193-8229""]",Springer-Verlag,resolved,unknown,0,,https://mp.weixin.qq.com/s/h_3PwOTE-7CNowwthUzEzg,pending_clarivate_verification
medicine,577,Canadian Journal of Cardiology,5.3,心脏和心血管系统-1区,2区,,0828-282X,,"[""0828-282X""]",Elsevier,resolved,unknown,0,,https://mp.weixin.qq.com/s/h_3PwOTE-7CNowwthUzEzg,pending_clarivate_verification
medicine,578,Addiction,5.3,"精神病学-1区
药物滥用-1区",2区,,0965-2140,1360-0443,"[""0965-2140"",""1360-0443""]",Wiley (Blackwell Publishing),resolved,unknown,0,,https://mp.weixin.qq.com/s/h_3PwOTE-7CNowwthUzEzg,pending_clarivate_verification
medicine,579,American Journal of Respiratory Cell and Molecular Biology,5.3,"生化与分子生物学-1区
呼吸系统-1区
细胞生物学-2区",2区,,1044-1549,1535-4989,"[""1044-1549"",""1535-4989""]",Oxford University Press,resolved,unknown,0,,https://mp.weixin.qq.com/s/h_3PwOTE-7CNowwthUzEzg,pending_clarivate_verification
medicine,580,Korean Journal of Radiology,5.3,核医学-1区,2区,,1229-6929,2005-8330,"[""1229-6929"",""2005-8330""]",The Korean Society of Radiology,resolved,unknown,0,,https://mp.weixin.qq.com/s/h_3PwOTE-7CNowwthUzEzg,pending_clarivate_verification
medicine,581,Radiotherapy and Oncology,5.3,"肿瘤学-1区
核医学-1区",2区,,0167-8140,,"[""0167-8140""]",Elsevier,resolved,unknown,0,,https://mp.weixin.qq.com/s/h_3PwOTE-7CNowwthUzEzg,pending_clarivate_verification
medicine,582,Current Osteoporosis Reports,5.3,内分泌学与代谢-1区,2区,,1544-1873,1544-2241,"[""1544-1873"",""1544-2241""]",Springer-Verlag,resolved,unknown,0,,https://mp.weixin.qq.com/s/h_3PwOTE-7CNowwthUzEzg,pending_clarivate_verification
medicine,583,Current Neuropharmacology,5.3,"神经科学-1区
药学-1区",3区,,,,[],,ambiguous,unknown,0,,https://mp.weixin.qq.com/s/h_3PwOTE-7CNowwthUzEzg,pending_clarivate_verification
medicine,584,American Journal of Medicine,5.3,医学：内科-1区,3区,,,,[],,unresolved,unknown,0,,https://mp.weixin.qq.com/s/h_3PwOTE-7CNowwthUzEzg,pending_clarivate_verification
medicine,585,Inflammopharmacology,5.3,"免疫学-1区
毒理学-1区",3区,,0925-4692,1568-5608,"[""0925-4692"",""1568-5608""]",Springer-Verlag,resolved,unknown,0,,https://mp.weixin.qq.com/s/h_3PwOTE-7CNowwthUzEzg,pending_clarivate_verification
medicine,586,Journal of Neuroengineering and Rehabilitation,5.2,"工程：生物医学-1区
神经科学-1区
康复医学-1区",1区,,1743-0003,1743-0003,"[""1743-0003""]",Springer (Biomed Central Ltd.),resolved,unknown,0,,https://mp.weixin.qq.com/s/h_3PwOTE-7CNowwthUzEzg,pending_clarivate_verification
medicine,587,Bone Marrow Transplantation,5.2,"血液学-1区
免疫学-1区
肿瘤学-1区
移植-1区",2区,,0268-3369,1476-5365,"[""0268-3369"",""1476-5365""]",Springer Science and Business Media LLC,resolved,unknown,0,,https://mp.weixin.qq.com/s/h_3PwOTE-7CNowwthUzEzg,pending_clarivate_verification
medicine,588,British Journal of General Practice,5.2,"医学：内科-1区
初级卫生保健-1区",2区,,0960-1643,1478-5242,"[""0960-1643"",""1478-5242""]",Royal College of General Practitioners,resolved,unknown,0,,https://mp.weixin.qq.com/s/h_3PwOTE-7CNowwthUzEzg,pending_clarivate_verification
medicine,589,British Medical Bulletin,5.2,医学：内科-1区,2区,,0007-1420,1471-8391,"[""0007-1420"",""1471-8391""]",Oxford University Press,resolved,unknown,0,,https://mp.weixin.qq.com/s/h_3PwOTE-7CNowwthUzEzg,pending_clarivate_verification
medicine,590,Clinical and Experimental Allergy,5.2,"过敏-1区
免疫学-1区",2区,,,,[],,unresolved,unknown,0,,https://mp.weixin.qq.com/s/h_3PwOTE-7CNowwthUzEzg,pending_clarivate_verification
medicine,591,Current Atherosclerosis Reports,5.2,外周血管病-1区,2区,,1523-3804,1534-6242,"[""1523-3804"",""1534-6242""]",Springer-Verlag,resolved,unknown,0,,https://mp.weixin.qq.com/s/h_3PwOTE-7CNowwthUzEzg,pending_clarivate_verification
medicine,592,Current Neurology and Neuroscience Reports,5.2,"临床神经病学-1区
神经科学-1区",2区,,1528-4042,1534-6293,"[""1528-4042"",""1534-6293""]",Springer-Verlag,resolved,unknown,0,,https://mp.weixin.qq.com/s/h_3PwOTE-7CNowwthUzEzg,pending_clarivate_verification
medicine,593,Current Opinion in Neurobiology,5.2,神经科学-1区,2区,,0959-4388,,"[""0959-4388""]",Elsevier,resolved,unknown,0,,https://mp.weixin.qq.com/s/h_3PwOTE-7CNowwthUzEzg,pending_clarivate_verification
medicine,594,European Journal of Endocrinology,5.2,内分泌学与代谢-1区,2区,,0804-4643,1479-683X,"[""0804-4643"",""1479-683X""]",Oxford University Press,resolved,unknown,0,,https://mp.weixin.qq.com/s/h_3PwOTE-7CNowwthUzEzg,pending_clarivate_verification
medicine,595,Asian Journal of Social Health and Behavior,5.2,"精神病学-1区
心理学：综合-1区
公共卫生、环境卫生与职业卫生-1区",2区,,2772-4204,2772-4204,"[""2772-4204""]",Ovid Technologies (Wolters Kluwer) - Medknow Publications,resolved,unknown,0,,https://mp.weixin.qq.com/s/h_3PwOTE-7CNowwthUzEzg,pending_clarivate_verification
medicine,596,IEEE Transactions on Neural Systems and Rehabilitation Engineering,5.2,"工程：生物医学-1区
康复医学-1区",2区,,1534-4320,1558-0210,"[""1534-4320"",""1558-0210""]",Institute of Electrical and Electronics Engineers,resolved,unknown,0,,https://mp.weixin.qq.com/s/h_3PwOTE-7CNowwthUzEzg,pending_clarivate_verification
medicine,597,International Journal of Pharmaceutics,5.2,药学-1区,2区,,0378-5173,,"[""0378-5173""]",Elsevier,resolved,unknown,0,,https://mp.weixin.qq.com/s/h_3PwOTE-7CNowwthUzEzg,pending_clarivate_verification
medicine,598,Journal of Clinical Epidemiology,5.2,"卫生保健与服务-1区
公共卫生、环境卫生与职业卫生-1区",2区,,0895-4356,,"[""0895-4356""]",Elsevier,resolved,unknown,0,,https://mp.weixin.qq.com/s/h_3PwOTE-7CNowwthUzEzg,pending_clarivate_verification
medicine,599,Journal of Pathology,5.2,"肿瘤学-1区
病理学-1区",2区,,,,[],,unresolved,unknown,0,,https://mp.weixin.qq.com/s/h_3PwOTE-7CNowwthUzEzg,pending_clarivate_verification
medicine,600,Liver International,5.2,胃肠肝病学-1区,2区,,,,[],,ambiguous,unknown,0,,https://mp.weixin.qq.com/s/h_3PwOTE-7CNowwthUzEzg,pending_clarivate_verification
medicine,601,Comprehensive Physiology,5.2,生理学-1区,2区,,2040-4603,2040-4603,"[""2040-4603""]",Wiley (John Wiley & Sons),resolved,unknown,0,,https://mp.weixin.qq.com/s/h_3PwOTE-7CNowwthUzEzg,pending_clarivate_verification
medicine,602,Nutrition & Diabetes,5.2,"内分泌学与代谢-1区
营养学-1区",2区,,,,[],,unresolved,unknown,0,,https://mp.weixin.qq.com/s/h_3PwOTE-7CNowwthUzEzg,pending_clarivate_verification
medicine,603,Journal of Functional Biomaterials,5.2,"工程：生物医学-1区
材料科学：生物材料-2区",3区,,,2079-4983,"[""2079-4983""]",MDPI AG,resolved,unknown,0,,https://mp.weixin.qq.com/s/h_3PwOTE-7CNowwthUzEzg,pending_clarivate_verification
medicine,604,Oncology Reviews,5.2,肿瘤学-1区,4区,,1970-5565,1970-5557,"[""1970-5557"",""1970-5565""]",Frontiers Media SA,resolved,unknown,0,,https://mp.weixin.qq.com/s/h_3PwOTE-7CNowwthUzEzg,pending_clarivate_verification
medicine,605,Cancer Drug Resistance,5.2,肿瘤学-1区,4区,,,2578-532X,"[""2578-532X""]",OAE Publishing Inc.,resolved,unknown,0,,https://mp.weixin.qq.com/s/h_3PwOTE-7CNowwthUzEzg,pending_clarivate_verification
medicine,606,Cancer,5.1,肿瘤学-1区,1区,,0008-543X,1097-0142,"[""0008-543X"",""1097-0142""]",Wiley (John Wiley & Sons),resolved,unknown,0,,https://mp.weixin.qq.com/s/h_3PwOTE-7CNowwthUzEzg,pending_clarivate_verification
medicine,607,Bone & Joint Research,5.1,"细胞与组织工程-1区
骨科-1区",1区,,,,[],,unresolved,unknown,0,,https://mp.weixin.qq.com/s/h_3PwOTE-7CNowwthUzEzg,pending_clarivate_verification
medicine,608,Stem Cell Reports,5.1,"细胞与组织工程-1区
细胞生物学-2区",1区,,2213-6711,,"[""2213-6711""]",Elsevier,resolved,unknown,0,,https://mp.weixin.qq.com/s/h_3PwOTE-7CNowwthUzEzg,pending_clarivate_verification
medicine,609,Current Hypertension Reports,5.1,外周血管病-1区,2区,,1522-6417,1534-3111,"[""1522-6417"",""1534-3111""]",Springer-Verlag,resolved,unknown,0,,https://mp.weixin.qq.com/s/h_3PwOTE-7CNowwthUzEzg,pending_clarivate_verification
medicine,610,Gastric Cancer,5.1,"胃肠肝病学-1区
肿瘤学-1区",2区,,1436-3291,1436-3305,"[""1436-3291"",""1436-3305""]",Springer-Verlag,resolved,unknown,0,,https://mp.weixin.qq.com/s/h_3PwOTE-7CNowwthUzEzg,pending_clarivate_verification
medicine,611,Glia,5.1,神经科学-1区,2区,,0894-1491,1098-1136,"[""0894-1491"",""1098-1136""]",Wiley (John Wiley & Sons),resolved,unknown,0,,https://mp.weixin.qq.com/s/h_3PwOTE-7CNowwthUzEzg,pending_clarivate_verification
medicine,612,Journal of Clinical Anesthesia,5.1,麻醉学-1区,2区,,0952-8180,,"[""0952-8180""]",Elsevier,resolved,unknown,0,,https://mp.weixin.qq.com/s/h_3PwOTE-7CNowwthUzEzg,pending_clarivate_verification
medicine,613,Journal of Clinical Endocrinology & Metabolism,5.1,内分泌学与代谢-1区,2区,,,,[],,unresolved,unknown,0,,https://mp.weixin.qq.com/s/h_3PwOTE-7CNowwthUzEzg,pending_clarivate_verification
medicine,614,Mechanisms of Ageing and Development,5.1,"老年医学-1区
细胞生物学-2区",2区,,0047-6374,0047-6374,"[""0047-6374""]",Elsevier,resolved,unknown,0,,https://mp.weixin.qq.com/s/h_3PwOTE-7CNowwthUzEzg,pending_clarivate_verification
medicine,615,Annals of Family Medicine,5.1,"医学：内科-1区
初级卫生保健-1区",2区,,,,[],,unresolved,unknown,0,,https://mp.weixin.qq.com/s/h_3PwOTE-7CNowwthUzEzg,pending_clarivate_verification
medicine,616,Drug Design Development and Therapy,5.1,"药物化学-1区
药学-1区",2区,,,1177-8881,"[""1177-8881""]",Dove Medical Press,resolved,unknown,0,,https://mp.weixin.qq.com/s/h_3PwOTE-7CNowwthUzEzg,pending_clarivate_verification
medicine,617,Current Opinion in Virology,5.1,病毒学-1区,2区,,1879-6257,,"[""1879-6257""]",Elsevier,resolved,unknown,0,,https://mp.weixin.qq.com/s/h_3PwOTE-7CNowwthUzEzg,pending_clarivate_verification
medicine,618,Journal of the American College of Radiology,5.1,核医学-1区,2区,,1546-1440,,"[""1546-1440""]",Elsevier,resolved,unknown,0,,https://mp.weixin.qq.com/s/h_3PwOTE-7CNowwthUzEzg,pending_clarivate_verification
medicine,619,Biology of Sex Differences,5.1,"内分泌学与代谢-1区
遗传学-1区",2区,,2042-6410,2042-6410,"[""2042-6410""]",Springer (Biomed Central Ltd.),resolved,unknown,0,,https://mp.weixin.qq.com/s/h_3PwOTE-7CNowwthUzEzg,pending_clarivate_verification
medicine,620,International Journal of Health Policy and Management,5.1,"卫生保健与服务-1区
卫生政策与服务-1区",3区,,2322-5939,2322-5939,"[""2322-5939""]",Maad Rayan Publishing Company,resolved,unknown,0,,https://mp.weixin.qq.com/s/h_3PwOTE-7CNowwthUzEzg,pending_clarivate_verification
medicine,621,Cancer Immunology Immunotherapy,5.1,"免疫学-1区
肿瘤学-1区",3区,,0340-7004,1432-0851,"[""0340-7004"",""1432-0851""]",Springer-Verlag,resolved,unknown,0,,https://mp.weixin.qq.com/s/h_3PwOTE-7CNowwthUzEzg,pending_clarivate_verification
medicine,622,Journal of Pharmaceutical Investigation,5.1,药学-1区,3区,,2093-5552,2093-6214,"[""2093-5552"",""2093-6214""]",Springer-Verlag,resolved,unknown,0,,https://mp.weixin.qq.com/s/h_3PwOTE-7CNowwthUzEzg,pending_clarivate_verification
medicine,623,Life Sciences,5.1,"医学：研究与实验-1区
药学-1区",3区,,0024-3205,,"[""0024-3205""]",Elsevier,resolved,unknown,0,,https://mp.weixin.qq.com/s/h_3PwOTE-7CNowwthUzEzg,pending_clarivate_verification
medicine,624,Journal of the Medical Library Association,5.1,图书情报与档案管理-1区,4区,,,,[],,unresolved,unknown,0,,https://mp.weixin.qq.com/s/h_3PwOTE-7CNowwthUzEzg,pending_clarivate_verification
medicine,625,Journal of Thrombosis and Haemostasis,5.0,"血液学-1区
外周血管病-1区",1区,,1538-7933,1538-7836,"[""1538-7836"",""1538-7933""]",Elsevier,resolved,unknown,0,,https://mp.weixin.qq.com/s/h_3PwOTE-7CNowwthUzEzg,pending_clarivate_verification
medicine,626,Annals of Emergency Medicine,5.0,急救医学-1区,1区,,0196-0644,,"[""0196-0644""]",Elsevier,resolved,unknown,0,,https://mp.weixin.qq.com/s/h_3PwOTE-7CNowwthUzEzg,pending_clarivate_verification
medicine,627,Progress in Orthodontics,5.0,牙科与口腔外科-1区,2区,,,,[],,ambiguous,unknown,0,,https://mp.weixin.qq.com/s/h_3PwOTE-7CNowwthUzEzg,pending_clarivate_verification
medicine,628,Biology of Sport,5.0,运动科学-1区,2区,,0860-021X,2083-1862,"[""0860-021X"",""2083-1862""]",Termedia Sp. z.o.o.,resolved,unknown,0,,https://mp.weixin.qq.com/s/h_3PwOTE-7CNowwthUzEzg,pending_clarivate_verification
medicine,629,Acta Psychiatrica Scandinavica,5.0,精神病学-1区,2区,,0001-690X,1600-0447,"[""0001-690X"",""1600-0447""]",Wiley (Blackwell Publishing),resolved,unknown,0,,https://mp.weixin.qq.com/s/h_3PwOTE-7CNowwthUzEzg,pending_clarivate_verification
medicine,630,CNS Neuroscience & Therapeutics,5.0,"神经科学-1区
药学-1区",2区,,1755-5930,1755-5949,"[""1755-5930"",""1755-5949""]",Wiley (Blackwell Publishing),resolved,unknown,0,,https://mp.weixin.qq.com/s/h_3PwOTE-7CNowwthUzEzg,pending_clarivate_verification
medicine,631,Precision Clinical Medicine,5.0,医学：研究与实验-1区,2区,,2096-5303,2516-1571,"[""2096-5303"",""2516-1571""]",Oxford University Press,resolved,unknown,0,,https://mp.weixin.qq.com/s/h_3PwOTE-7CNowwthUzEzg,pending_clarivate_verification
medicine,632,Inflammation,5.0,"免疫学-1区
细胞生物学-2区",2区,,0360-3997,1573-2576,"[""0360-3997"",""1573-2576""]",Springer-Verlag,resolved,unknown,0,,https://mp.weixin.qq.com/s/h_3PwOTE-7CNowwthUzEzg,pending_clarivate_verification
medicine,633,Knee Surgery Sports Traumatology Arthroscopy,5.0,"骨科-1区
运动科学-1区
外科-1区",2区,,0942-2056,1433-7347,"[""0942-2056"",""1433-7347""]",Wiley (John Wiley & Sons),resolved,unknown,0,,https://mp.weixin.qq.com/s/h_3PwOTE-7CNowwthUzEzg,pending_clarivate_verification
medicine,634,Multiple Sclerosis Journal,5.0,"临床神经病学-1区
神经科学-1区",2区,,1352-4585,1477-0970,"[""1352-4585"",""1477-0970""]",SAGE Publications,resolved,unknown,0,,https://mp.weixin.qq.com/s/h_3PwOTE-7CNowwthUzEzg,pending_clarivate_verification
medicine,635,Respiratory Research,5.0,呼吸系统-1区,2区,,1465-9921,1465-9921,"[""1465-9921"",""1465-993X""]",Springer (Biomed Central Ltd.),resolved,unknown,0,,https://mp.weixin.qq.com/s/h_3PwOTE-7CNowwthUzEzg,pending_clarivate_verification
medicine,636,Transplantation,5.0,"免疫学-1区
外科-1区
移植-1区",2区,,0041-1337,1534-6080,"[""0041-1337"",""1534-6080""]",Ovid Technologies (Wolters Kluwer) - Lippincott Williams & Wilkins,resolved,unknown,0,,https://mp.weixin.qq.com/s/h_3PwOTE-7CNowwthUzEzg,pending_clarivate_verification
medicine,637,Current Oncology Reports,5.0,肿瘤学-1区,2区,,1523-3790,1534-6269,"[""1523-3790"",""1534-6269""]",Springer-Verlag,resolved,unknown,0,,https://mp.weixin.qq.com/s/h_3PwOTE-7CNowwthUzEzg,pending_clarivate_verification
medicine,638,Nutrients,5.0,营养学-1区,2区,,,2072-6643,"[""2072-6643""]",MDPI AG,resolved,unknown,0,,https://mp.weixin.qq.com/s/h_3PwOTE-7CNowwthUzEzg,pending_clarivate_verification
medicine,639,Social Science & Medicine,5.0,"公共卫生、环境卫生与职业卫生-1区
社会科学：生物医学-1区",2区,,0277-9536,,"[""0277-9536""]",Elsevier,resolved,unknown,0,,https://mp.weixin.qq.com/s/h_3PwOTE-7CNowwthUzEzg,pending_clarivate_verification
medicine,640,Cancer Gene Therapy,5.0,"生物工程与应用微生物-1区
遗传学-1区
医学：研究与实验-1区
肿瘤学-1区",3区,,0929-1903,0929-1903,"[""0929-1903"",""1476-5500""]",Springer Science and Business Media LLC,resolved,unknown,0,,https://mp.weixin.qq.com/s/h_3PwOTE-7CNowwthUzEzg,pending_clarivate_verification
medicine,641,Immunology,5.0,免疫学-1区,3区,,0019-2805,1365-2567,"[""0019-2805"",""1365-2567""]",Wiley (Blackwell Publishing),resolved,unknown,0,,https://mp.weixin.qq.com/s/h_3PwOTE-7CNowwthUzEzg,pending_clarivate_verification
medicine,642,Child and Adolescent Mental Health,5.0,"儿科-1区
精神病学-1区
心理学：临床-1区",3区,,1475-357X,1475-3588,"[""1475-357X"",""1475-3588""]",Wiley (Blackwell Publishing),resolved,unknown,0,,https://mp.weixin.qq.com/s/h_3PwOTE-7CNowwthUzEzg,pending_clarivate_verification
medicine,643,Journal of Parkinsons Disease,5.0,神经科学-1区,3区,,,,[],,unresolved,unknown,0,,https://mp.weixin.qq.com/s/h_3PwOTE-7CNowwthUzEzg,pending_clarivate_verification
medicine,644,Cellular and Molecular Bioengineering,5.0,"生物物理-1区
细胞与组织工程-1区
工程：生物医学-1区
细胞生物学-2区",4区,,1865-5025,1865-5033,"[""1865-5025"",""1865-5033""]",Springer-Verlag,resolved,unknown,0,,https://mp.weixin.qq.com/s/h_3PwOTE-7CNowwthUzEzg,pending_clarivate_verification
medicine,645,BMJ Mental Health,4.9,精神病学-1区,1区,,,2755-9734,"[""2755-9734""]",BMJ,resolved,unknown,0,,https://mp.weixin.qq.com/s/h_3PwOTE-7CNowwthUzEzg,pending_clarivate_verification
medicine,646,PLoS Pathogens,4.9,"微生物学-1区
寄生虫学-1区
病毒学-1区",1区,,1553-7366,1553-7374,"[""1553-7366"",""1553-7374""]",Public Library of Science,resolved,unknown,0,,https://mp.weixin.qq.com/s/h_3PwOTE-7CNowwthUzEzg,pending_clarivate_verification
medicine,647,Stroke and Vascular Neurology,4.9,临床神经病学-1区,2区,,2059-8688,2059-8696,"[""2059-8688"",""2059-8696""]",BMJ,resolved,unknown,0,,https://mp.weixin.qq.com/s/h_3PwOTE-7CNowwthUzEzg,pending_clarivate_verification
medicine,648,Blood and Lymphatic Cancer-Targets and Therapy,4.9,肿瘤学-1区,2区,,,,[],,unresolved,unknown,0,,https://mp.weixin.qq.com/s/h_3PwOTE-7CNowwthUzEzg,pending_clarivate_verification
medicine,649,Computerized Medical Imaging and Graphics,4.9,"核医学-1区
工程：生物医学-2区",2区,,0895-6111,,"[""0895-6111""]",Elsevier,resolved,unknown,0,,https://mp.weixin.qq.com/s/h_3PwOTE-7CNowwthUzEzg,pending_clarivate_verification
medicine,650,Current Opinion in Psychiatry,4.9,精神病学-1区,2区,,0951-7367,1473-6578,"[""0951-7367"",""1473-6578""]",Ovid Technologies (Wolters Kluwer) - Lippincott Williams & Wilkins,resolved,unknown,0,,https://mp.weixin.qq.com/s/h_3PwOTE-7CNowwthUzEzg,pending_clarivate_verification
medicine,651,European Child & Adolescent Psychiatry,4.9,"儿科-1区
精神病学-1区
心理学：发育-1区",2区,,1018-8827,1435-165X,"[""1018-8827"",""1435-165X""]",Springer-Verlag,resolved,unknown,0,,https://mp.weixin.qq.com/s/h_3PwOTE-7CNowwthUzEzg,pending_clarivate_verification
medicine,652,Expert Opinion on Drug Discovery,4.9,药学-1区,2区,,1746-0441,1746-045X,"[""1746-0441"",""1746-045X""]",Informa UK (Taylor & Francis),resolved,unknown,0,,https://mp.weixin.qq.com/s/h_3PwOTE-7CNowwthUzEzg,pending_clarivate_verification
medicine,653,IEEE Transactions on Biomedical Circuits and Systems,4.9,"工程：电子与电气-1区
工程：生物医学-2区",2区,,1932-4545,1940-9990,"[""1932-4545"",""1940-9990""]",Institute of Electrical and Electronics Engineers,resolved,unknown,0,,https://mp.weixin.qq.com/s/h_3PwOTE-7CNowwthUzEzg,pending_clarivate_verification
medicine,654,Wires Mechanisms of Disease,4.9,医学：研究与实验-1区,2区,,2692-9368,2692-9368,"[""2692-9368""]",Wiley (John Wiley & Sons),resolved,unknown,0,,https://mp.weixin.qq.com/s/h_3PwOTE-7CNowwthUzEzg,pending_clarivate_verification
medicine,655,Journal of Affective Disorders,4.9,"临床神经病学-1区
精神病学-1区",2区,,0165-0327,,"[""0165-0327""]",Elsevier,resolved,unknown,0,,https://mp.weixin.qq.com/s/h_3PwOTE-7CNowwthUzEzg,pending_clarivate_verification
medicine,656,Journal of Nutritional Biochemistry,4.9,"生化与分子生物学-1区
营养学-1区",2区,,,,[],,unresolved,unknown,0,,https://mp.weixin.qq.com/s/h_3PwOTE-7CNowwthUzEzg,pending_clarivate_verification
medicine,657,Journal of Zhejiang University-Science B,4.9,"生化与分子生物学-1区
生物工程与应用微生物-1区
医学：研究与实验-1区",2区,,,,[],,unresolved,unknown,0,,https://mp.weixin.qq.com/s/h_3PwOTE-7CNowwthUzEzg,pending_clarivate_verification
medicine,658,Nutrition Reviews,4.9,营养学-1区,2区,,0029-6643,1753-4887,"[""0029-6643"",""1753-4887""]",Oxford University Press,resolved,unknown,0,,https://mp.weixin.qq.com/s/h_3PwOTE-7CNowwthUzEzg,pending_clarivate_verification
medicine,659,Revista Espanola de Cardiologia,4.9,心脏和心血管系统-1区,2区,,,,[],,unresolved,unknown,0,,https://mp.weixin.qq.com/s/h_3PwOTE-7CNowwthUzEzg,pending_clarivate_verification
medicine,660,Sleep,4.9,"临床神经病学-1区
神经科学-1区",2区,,0161-8105,1550-9109,"[""0161-8105"",""1550-9109""]",Oxford University Press,resolved,unknown,0,,https://mp.weixin.qq.com/s/h_3PwOTE-7CNowwthUzEzg,pending_clarivate_verification
medicine,661,Journal of the International AIDS Society,4.9,"免疫学-1区
传染病学-1区",2区,,1758-2652,1758-2652,"[""1758-2652""]",Wiley (John Wiley & Sons),resolved,unknown,0,,https://mp.weixin.qq.com/s/h_3PwOTE-7CNowwthUzEzg,pending_clarivate_verification
medicine,662,Developmental Cognitive Neuroscience,4.9,"神经科学-1区
心理学：发育-1区",2区,,1878-9293,,"[""1878-9293""]",Elsevier,resolved,unknown,0,,https://mp.weixin.qq.com/s/h_3PwOTE-7CNowwthUzEzg,pending_clarivate_verification
medicine,663,Chinese Journal of Natural Medicines,4.9,"全科医学与补充医学-1区
药学-1区",2区,,,,[],,ambiguous,unknown,0,,https://mp.weixin.qq.com/s/h_3PwOTE-7CNowwthUzEzg,pending_clarivate_verification
medicine,664,Sleep Medicine Clinics,4.9,临床神经病学-1区,3区,,1556-407X,,"[""1556-407X""]",Elsevier,resolved,unknown,0,,https://mp.weixin.qq.com/s/h_3PwOTE-7CNowwthUzEzg,pending_clarivate_verification
medicine,665,Genes and Nutrition,4.9,"遗传学-1区
营养学-1区",3区,,,,[],,unresolved,unknown,0,,https://mp.weixin.qq.com/s/h_3PwOTE-7CNowwthUzEzg,pending_clarivate_verification
medicine,666,International Journal of Oncology,4.9,肿瘤学-1区,3区,,1019-6439,1791-2423,"[""1019-6439"",""1791-2423""]",Spandidos Publications,resolved,unknown,0,,https://mp.weixin.qq.com/s/h_3PwOTE-7CNowwthUzEzg,pending_clarivate_verification
medicine,667,Journal of Drug Delivery Science and Technology,4.9,药学-1区,3区,,1773-2247,,"[""1773-2247""]",Elsevier,resolved,unknown,0,,https://mp.weixin.qq.com/s/h_3PwOTE-7CNowwthUzEzg,pending_clarivate_verification
medicine,668,Immunotherapy Advances,4.9,免疫学-1区,4区,,,2732-4303,"[""2732-4303""]",Oxford University Press,resolved,unknown,0,,https://mp.weixin.qq.com/s/h_3PwOTE-7CNowwthUzEzg,pending_clarivate_verification
medicine,669,Schizophrenia Bulletin,4.8,精神病学-1区,1区,,0586-7614,,"[""0586-7614"",""1745-1701""]",Oxford University Press,resolved,unknown,0,,https://mp.weixin.qq.com/s/h_3PwOTE-7CNowwthUzEzg,pending_clarivate_verification
medicine,670,npj Genomic Medicine,4.8,遗传学-1区,2区,,,2056-7944,"[""2056-7944""]",Springer Science and Business Media LLC,resolved,unknown,0,,https://mp.weixin.qq.com/s/h_3PwOTE-7CNowwthUzEzg,pending_clarivate_verification
medicine,671,Biological Psychiatry-Cognitive Neuroscience and Neuroimaging,4.8,"神经科学-1区
精神病学-1区",2区,,,,[],,unresolved,unknown,0,,https://mp.weixin.qq.com/s/h_3PwOTE-7CNowwthUzEzg,pending_clarivate_verification
medicine,672,Best Practice & Research in Clinical Rheumatology,4.8,风湿病学-1区,2区,,,,[],,unresolved,unknown,0,,https://mp.weixin.qq.com/s/h_3PwOTE-7CNowwthUzEzg,pending_clarivate_verification
medicine,673,Cellular Oncology,4.8,"肿瘤学-1区
病理学-1区
细胞生物学-2区",2区,,,,[],,ambiguous,unknown,0,,https://mp.weixin.qq.com/s/h_3PwOTE-7CNowwthUzEzg,pending_clarivate_verification
medicine,674,Computer Methods and Programs in Biomedicine,4.8,"计算机：理论方法-1区
医学：信息-1区
计算机：跨学科应用-2区
工程：生物医学-2区",2区,,0169-2607,,"[""0169-2607""]",Elsevier,resolved,unknown,0,,https://mp.weixin.qq.com/s/h_3PwOTE-7CNowwthUzEzg,pending_clarivate_verification
medicine,675,JMIR Aging,4.8,"老年医学-1区
老年医学-1区
医学：信息-1区",2区,,,2561-7605,"[""2561-7605""]",JMIR Publications Inc.,resolved,unknown,0,,https://mp.weixin.qq.com/s/h_3PwOTE-7CNowwthUzEzg,pending_clarivate_verification
medicine,676,American Journal of Epidemiology,4.8,公共卫生、环境卫生与职业卫生-1区,2区,,0002-9262,0002-9262,"[""0002-9262"",""1476-6256""]",Oxford University Press,resolved,unknown,0,,https://mp.weixin.qq.com/s/h_3PwOTE-7CNowwthUzEzg,pending_clarivate_verification
medicine,677,Radiologia Medica,4.8,核医学-1区,2区,,,,[],,unresolved,unknown,0,,https://mp.weixin.qq.com/s/h_3PwOTE-7CNowwthUzEzg,pending_clarivate_verification
medicine,678,Frontiers in Cellular and Infection Microbiology,4.8,"微生物学-1区
免疫学-2区",2区,,,2235-2988,"[""2235-2988""]",Frontiers Media SA,resolved,unknown,0,,https://mp.weixin.qq.com/s/h_3PwOTE-7CNowwthUzEzg,pending_clarivate_verification
medicine,679,Cancer Nanotechnology,4.8,"肿瘤学-1区
纳米科技-2区",3区,,1868-6958,1868-6966,"[""1868-6958"",""1868-6966""]",Springer-Verlag,resolved,unknown,0,,https://mp.weixin.qq.com/s/h_3PwOTE-7CNowwthUzEzg,pending_clarivate_verification
medicine,680,Pharmaceuticals,4.8,"药物化学-1区
药学-1区",3区,,,1424-8247,"[""1424-8247""]",MDPI AG,resolved,unknown,0,,https://mp.weixin.qq.com/s/h_3PwOTE-7CNowwthUzEzg,pending_clarivate_verification
medicine,681,Neurology and Therapy,4.8,临床神经病学-1区,3区,,2193-8253,2193-6536,"[""2193-6536"",""2193-8253""]",Springer-Verlag,resolved,unknown,0,,https://mp.weixin.qq.com/s/h_3PwOTE-7CNowwthUzEzg,pending_clarivate_verification
medicine,682,Journal of Investigational Allergology and Clinical Immunology,4.8,"过敏-1区
免疫学-2区",3区,,1018-9068,1698-0808,"[""1018-9068"",""1698-0808""]","Esmon Publicidad, SA",resolved,unknown,0,,https://mp.weixin.qq.com/s/h_3PwOTE-7CNowwthUzEzg,pending_clarivate_verification
medicine,683,Journal of Prosthetic Dentistry,4.8,牙科与口腔外科-1区,3区,,0022-3913,,"[""0022-3913""]",Elsevier - Mosby,resolved,unknown,0,,https://mp.weixin.qq.com/s/h_3PwOTE-7CNowwthUzEzg,pending_clarivate_verification
medicine,684,Pharmaceutical Biology,4.8,"医学实验技术-1区
药学-1区
植物科学-1区",3区,,1388-0209,1744-5116,"[""1388-0209"",""1744-5116""]",Informa UK (Taylor & Francis),resolved,unknown,0,,https://mp.weixin.qq.com/s/h_3PwOTE-7CNowwthUzEzg,pending_clarivate_verification
medicine,685,Frontiers in Pharmacology,4.8,药学-1区,3区,,,1663-9812,"[""1663-9812""]",Frontiers Media SA,resolved,unknown,0,,https://mp.weixin.qq.com/s/h_3PwOTE-7CNowwthUzEzg,pending_clarivate_verification
medicine,686,Brain Circulation,4.8,"临床神经病学-1区
外周血管病-1区",4区,,2394-8108,2455-4626,"[""2394-8108"",""2455-4626""]",Ovid Technologies (Wolters Kluwer) - Medknow Publications,resolved,unknown,0,,https://mp.weixin.qq.com/s/h_3PwOTE-7CNowwthUzEzg,pending_clarivate_verification
medicine,687,Cellular and Molecular Neurobiology,4.8,"神经科学-1区
细胞生物学-2区",4区,,0272-4340,1573-6830,"[""0272-4340"",""1573-6830""]",Springer-Verlag,resolved,unknown,0,,https://mp.weixin.qq.com/s/h_3PwOTE-7CNowwthUzEzg,pending_clarivate_verification
medicine,688,Spine Journal,4.7,"临床神经病学-1区
骨科-1区",1区,,,,[],,unresolved,unknown,0,,https://mp.weixin.qq.com/s/h_3PwOTE-7CNowwthUzEzg,pending_clarivate_verification
medicine,689,Journal of Intensive Care,4.7,危重病医学-1区,2区,,2052-0492,2052-0492,"[""2052-0492""]",Springer (Biomed Central Ltd.),resolved,unknown,0,,https://mp.weixin.qq.com/s/h_3PwOTE-7CNowwthUzEzg,pending_clarivate_verification
medicine,690,RMD Open,4.7,风湿病学-1区,2区,,,2056-5933,"[""2056-5933""]",BMJ,resolved,unknown,0,,https://mp.weixin.qq.com/s/h_3PwOTE-7CNowwthUzEzg,pending_clarivate_verification
medicine,691,Bioorganic Chemistry,4.7,"生化与分子生物学-1区
有机化学-1区",2区,,0045-2068,1090-2120,"[""0045-2068"",""1090-2120""]",Elsevier,resolved,unknown,0,,https://mp.weixin.qq.com/s/h_3PwOTE-7CNowwthUzEzg,pending_clarivate_verification
medicine,692,Current Treatment Options in Oncology,4.7,肿瘤学-1区,2区,,1527-2729,1534-6277,"[""1527-2729"",""1534-6277""]",Springer-Verlag,resolved,unknown,0,,https://mp.weixin.qq.com/s/h_3PwOTE-7CNowwthUzEzg,pending_clarivate_verification
medicine,693,Diabetes & Metabolism,4.7,内分泌学与代谢-1区,2区,,1262-3636,,"[""1262-3636""]",Elsevier,resolved,unknown,0,,https://mp.weixin.qq.com/s/h_3PwOTE-7CNowwthUzEzg,pending_clarivate_verification
medicine,694,Digestive Endoscopy,4.7,"胃肠肝病学-1区
外科-1区",2区,,0915-5635,1443-1661,"[""0915-5635"",""1443-1661""]",Wiley (Blackwell Publishing),resolved,unknown,0,,https://mp.weixin.qq.com/s/h_3PwOTE-7CNowwthUzEzg,pending_clarivate_verification
medicine,695,European Radiology,4.7,核医学-1区,2区,,0938-7994,1432-1084,"[""0938-7994"",""1432-1084""]",Springer-Verlag,resolved,unknown,0,,https://mp.weixin.qq.com/s/h_3PwOTE-7CNowwthUzEzg,pending_clarivate_verification
medicine,696,Exercise and Sport Sciences Reviews,4.7,"生理学-1区
运动科学-1区",2区,,0091-6331,1538-3008,"[""0091-6331"",""1538-3008""]",Ovid Technologies (Wolters Kluwer) - Lippincott Williams & Wilkins,resolved,unknown,0,,https://mp.weixin.qq.com/s/h_3PwOTE-7CNowwthUzEzg,pending_clarivate_verification
medicine,697,International Immunopharmacology,4.7,"药学-1区
免疫学-2区",2区,,1567-5769,,"[""1567-5769""]",Elsevier,resolved,unknown,0,,https://mp.weixin.qq.com/s/h_3PwOTE-7CNowwthUzEzg,pending_clarivate_verification
medicine,698,International Journal of Cancer,4.7,肿瘤学-1区,2区,,0020-7136,1097-0215,"[""0020-7136"",""1097-0215""]",Wiley (John Wiley & Sons),resolved,unknown,0,,https://mp.weixin.qq.com/s/h_3PwOTE-7CNowwthUzEzg,pending_clarivate_verification
medicine,699,Investigative Ophthalmology & Visual Science,4.7,眼科学-1区,2区,,,,[],,ambiguous,unknown,0,,https://mp.weixin.qq.com/s/h_3PwOTE-7CNowwthUzEzg,pending_clarivate_verification
medicine,700,Journal of Molecular and Cellular Cardiology,4.7,"心脏和心血管系统-1区
细胞生物学-2区",2区,,0022-2828,1095-8584,"[""0022-2828"",""1095-8584""]",Elsevier,resolved,unknown,0,,https://mp.weixin.qq.com/s/h_3PwOTE-7CNowwthUzEzg,pending_clarivate_verification
medicine,701,Annals of Allergy Asthma & Immunology,4.7,"过敏-1区
免疫学-2区",2区,,1081-1206,,"[""1081-1206""]",Elsevier,resolved,unknown,0,,https://mp.weixin.qq.com/s/h_3PwOTE-7CNowwthUzEzg,pending_clarivate_verification
medicine,702,Molecular Cancer Research,4.7,"肿瘤学-1区
细胞生物学-2区",2区,,1541-7786,1557-3125,"[""1541-7786"",""1557-3125""]",American Association for Cancer Research,resolved,unknown,0,,https://mp.weixin.qq.com/s/h_3PwOTE-7CNowwthUzEzg,pending_clarivate_verification
medicine,703,Obesity,4.7,"内分泌学与代谢-1区
营养学-1区",2区,,1930-7381,1930-739X,"[""1930-7381"",""1930-739X""]",Wiley (Blackwell Publishing),resolved,unknown,0,,https://mp.weixin.qq.com/s/h_3PwOTE-7CNowwthUzEzg,pending_clarivate_verification
medicine,704,Obstetrics and Gynecology,4.7,妇产科学-1区,2区,,0029-7844,1873-233X,"[""0029-7844"",""1873-233X""]",Ovid Technologies (Wolters Kluwer) - Lippincott Williams & Wilkins,resolved,unknown,0,,https://mp.weixin.qq.com/s/h_3PwOTE-7CNowwthUzEzg,pending_clarivate_verification
medicine,705,Reproductive Biology and Endocrinology,4.7,"内分泌学与代谢-1区
生殖生物学-1区",2区,,1477-7827,1477-7827,"[""1477-7827""]",Springer (Biomed Central Ltd.),resolved,unknown,0,,https://mp.weixin.qq.com/s/h_3PwOTE-7CNowwthUzEzg,pending_clarivate_verification
medicine,706,Tobacco Control,4.7,"公共卫生、环境卫生与职业卫生-1区
药物滥用-1区",2区,,0964-4563,1468-3318,"[""0964-4563"",""1468-3318""]",BMJ,resolved,unknown,0,,https://mp.weixin.qq.com/s/h_3PwOTE-7CNowwthUzEzg,pending_clarivate_verification
medicine,707,Nucleic Acid Therapeutics,4.7,"生化与分子生物学-1区
药物化学-2区
医学：研究与实验-2区",2区,,2159-3337,2159-3345,"[""2159-3337"",""2159-3345""]",SAGE Publications,resolved,unknown,0,,https://mp.weixin.qq.com/s/h_3PwOTE-7CNowwthUzEzg,pending_clarivate_verification
medicine,708,npj Primary Care Respiratory Medicine,4.7,"初级卫生保健-1区
呼吸系统-1区",2区,,,2055-1010,"[""2055-1010""]",Springer Science and Business Media LLC,resolved,unknown,0,,https://mp.weixin.qq.com/s/h_3PwOTE-7CNowwthUzEzg,pending_clarivate_verification
medicine,709,Anaesthesia Critical Care & Pain Medicine,4.7,"麻醉学-1区
危重病医学-1区",2区,,2352-5568,,"[""2352-5568""]",Elsevier,resolved,unknown,0,,https://mp.weixin.qq.com/s/h_3PwOTE-7CNowwthUzEzg,pending_clarivate_verification
medicine,710,Intensive and Critical Care Nursing,4.7,"危重病医学-1区
护理-1区",2区,,0964-3397,,"[""0964-3397""]",Elsevier,resolved,unknown,0,,https://mp.weixin.qq.com/s/h_3PwOTE-7CNowwthUzEzg,pending_clarivate_verification
medicine,711,Polish Archives of Internal Medicine-Polskie Archiwum Medycyny Wewnetrznej,4.7,医学：内科-1区,3区,,,,[],,unresolved,unknown,0,,https://mp.weixin.qq.com/s/h_3PwOTE-7CNowwthUzEzg,pending_clarivate_verification
medicine,712,European Journal of Pharmaceutical Sciences,4.7,药学-1区,3区,,0928-0987,,"[""0928-0987""]",Elsevier,resolved,unknown,0,,https://mp.weixin.qq.com/s/h_3PwOTE-7CNowwthUzEzg,pending_clarivate_verification
medicine,713,European Journal of Pharmacology,4.7,药学-1区,3区,,0014-2999,,"[""0014-2999""]",Elsevier,resolved,unknown,0,,https://mp.weixin.qq.com/s/h_3PwOTE-7CNowwthUzEzg,pending_clarivate_verification
medicine,714,Advances in Simulation,4.7,卫生保健与服务-1区,3区,,,2059-0628,"[""2059-0628""]",Springer (Biomed Central Ltd.),resolved,unknown,0,,https://mp.weixin.qq.com/s/h_3PwOTE-7CNowwthUzEzg,pending_clarivate_verification
medicine,715,International Journal of Gynecological Cancer,4.7,"妇产科学-1区
肿瘤学-1区",3区,,1048-891X,1525-1438,"[""1048-891X"",""1525-1438""]",Elsevier,resolved,unknown,0,,https://mp.weixin.qq.com/s/h_3PwOTE-7CNowwthUzEzg,pending_clarivate_verification
medicine,716,Journal of Exposure Science and Environmental Epidemiology,4.7,"公共卫生、环境卫生与职业卫生-1区
毒理学-1区
环境科学-2区",3区,,,,[],,unresolved,unknown,0,,https://mp.weixin.qq.com/s/h_3PwOTE-7CNowwthUzEzg,pending_clarivate_verification
medicine,717,Obesity Facts,4.7,"内分泌学与代谢-1区
营养学-1区",3区,,1662-4025,1662-4033,"[""1662-4025"",""1662-4033""]",S. Karger AG,resolved,unknown,0,,https://mp.weixin.qq.com/s/h_3PwOTE-7CNowwthUzEzg,pending_clarivate_verification
medicine,718,Travel Medicine and Infectious Disease,4.7,"传染病学-1区
公共卫生、环境卫生与职业卫生-1区",3区,,1477-8939,,"[""1477-8939""]",Elsevier,resolved,unknown,0,,https://mp.weixin.qq.com/s/h_3PwOTE-7CNowwthUzEzg,pending_clarivate_verification
medicine,719,Revista de Psiquiatria Y Salud Mental,4.7,精神病学-1区,3区,,,,[],,unresolved,unknown,0,,https://mp.weixin.qq.com/s/h_3PwOTE-7CNowwthUzEzg,pending_clarivate_verification
medicine,720,Contact Dermatitis,4.6,"皮肤病学-1区
过敏-2区",1区,,0105-1873,1600-0536,"[""0105-1873"",""1600-0536""]",Wiley (Blackwell Publishing),resolved,unknown,0,,https://mp.weixin.qq.com/s/h_3PwOTE-7CNowwthUzEzg,pending_clarivate_verification
medicine,721,Resuscitation,4.6,"危重病医学-1区
急救医学-1区",1区,,0300-9572,,"[""0300-9572""]",Elsevier,resolved,unknown,0,,https://mp.weixin.qq.com/s/h_3PwOTE-7CNowwthUzEzg,pending_clarivate_verification
medicine,722,Bone & Joint Journal,4.6,"骨科-1区
外科-1区",1区,,,,[],,unresolved,unknown,0,,https://mp.weixin.qq.com/s/h_3PwOTE-7CNowwthUzEzg,pending_clarivate_verification
medicine,723,Annals of Physical and Rehabilitation Medicine,4.6,康复医学-1区,2区,,1877-0657,,"[""1877-0657""]",Elsevier,resolved,unknown,0,,https://mp.weixin.qq.com/s/h_3PwOTE-7CNowwthUzEzg,pending_clarivate_verification
medicine,724,European Heart Journal-Acute Cardiovascular Care,4.6,心脏和心血管系统-1区,2区,,,,[],,unresolved,unknown,0,,https://mp.weixin.qq.com/s/h_3PwOTE-7CNowwthUzEzg,pending_clarivate_verification
medicine,725,Hepatology Communications,4.6,胃肠肝病学-1区,2区,,2471-254X,2471-254X,"[""2471-254X""]",Ovid Technologies (Wolters Kluwer) - Lippincott Williams & Wilkins,resolved,unknown,0,,https://mp.weixin.qq.com/s/h_3PwOTE-7CNowwthUzEzg,pending_clarivate_verification
medicine,726,European Heart Journal-Quality of Care and Clinical Outcomes,4.6,心脏和心血管系统-1区,2区,,,,[],,unresolved,unknown,0,,https://mp.weixin.qq.com/s/h_3PwOTE-7CNowwthUzEzg,pending_clarivate_verification
medicine,727,Jco Oncology Practice,4.6,肿瘤学-1区,2区,,2688-1527,2688-1535,"[""2688-1527"",""2688-1535""]",American Society of Clinical Oncology,resolved,unknown,0,,https://mp.weixin.qq.com/s/h_3PwOTE-7CNowwthUzEzg,pending_clarivate_verification
medicine,728,Cancer Biology & Therapy,4.6,肿瘤学-1区,2区,,1538-4047,1555-8576,"[""1538-4047"",""1555-8576""]",Landes Bioscience,resolved,unknown,0,,https://mp.weixin.qq.com/s/h_3PwOTE-7CNowwthUzEzg,pending_clarivate_verification
medicine,729,Cephalalgia,4.6,"临床神经病学-1区
神经科学-1区",2区,,0333-1024,1468-2982,"[""0333-1024"",""1468-2982""]",SAGE Publications,resolved,unknown,0,,https://mp.weixin.qq.com/s/h_3PwOTE-7CNowwthUzEzg,pending_clarivate_verification
medicine,730,Endocrine-Related Cancer,4.6,"内分泌学与代谢-1区
肿瘤学-1区",2区,,,,[],,unresolved,unknown,0,,https://mp.weixin.qq.com/s/h_3PwOTE-7CNowwthUzEzg,pending_clarivate_verification
medicine,731,Current Addiction Reports,4.6,药物滥用-1区,2区,,,2196-2952,"[""2196-2952""]",Springer-Verlag,resolved,unknown,0,,https://mp.weixin.qq.com/s/h_3PwOTE-7CNowwthUzEzg,pending_clarivate_verification
medicine,732,Global Health Research and Policy,4.6,公共卫生、环境卫生与职业卫生-1区,2区,,2397-0642,2397-0642,"[""2397-0642""]",Elsevier,resolved,unknown,0,,https://mp.weixin.qq.com/s/h_3PwOTE-7CNowwthUzEzg,pending_clarivate_verification
medicine,733,Expert Opinion on Therapeutic Patents,4.6,"药学-1区
药物化学-2区",2区,,1354-3776,1744-7674,"[""1354-3776"",""1744-7674""]",Informa UK (Taylor & Francis),resolved,unknown,0,,https://mp.weixin.qq.com/s/h_3PwOTE-7CNowwthUzEzg,pending_clarivate_verification
medicine,734,International Journal of Antimicrobial Agents,4.6,"传染病学-1区
微生物学-1区
药学-1区",2区,,0924-8579,,"[""0924-8579""]",Elsevier,resolved,unknown,0,,https://mp.weixin.qq.com/s/h_3PwOTE-7CNowwthUzEzg,pending_clarivate_verification
medicine,735,Journal of Clinical Psychiatry,4.6,"精神病学-1区
心理学：临床-1区",2区,,1302-0099,2146-7153,"[""1302-0099"",""2146-7153""]",LookUs Bilisim A.S.,resolved,unknown,0,,https://mp.weixin.qq.com/s/h_3PwOTE-7CNowwthUzEzg,pending_clarivate_verification
medicine,736,Journal of Neurology,4.6,临床神经病学-1区,2区,,0340-5354,1432-1459,"[""0340-5354"",""0367-004X"",""1432-1459""]",Springer-Verlag,resolved,unknown,0,,https://mp.weixin.qq.com/s/h_3PwOTE-7CNowwthUzEzg,pending_clarivate_verification
medicine,737,Journal of the American Medical Informatics Association,4.6,"计算机：信息系统-1区
卫生保健与服务-1区
图书情报与档案管理-1区
计算机：跨学科应用-2区
医学：信息-2区",2区,,1067-5027,1527-974X,"[""1067-5027"",""1527-974X""]",Oxford University Press,resolved,unknown,0,,https://mp.weixin.qq.com/s/h_3PwOTE-7CNowwthUzEzg,pending_clarivate_verification
medicine,738,Neuropharmacology,4.6,"神经科学-1区
药学-1区",2区,,0028-3908,,"[""0028-3908""]",Elsevier,resolved,unknown,0,,https://mp.weixin.qq.com/s/h_3PwOTE-7CNowwthUzEzg,pending_clarivate_verification
medicine,739,Arthritis Research & Therapy,4.6,风湿病学-1区,2区,,1478-6354,1478-6354,"[""1478-6354"",""1478-6362""]",Springer (Biomed Central Ltd.),resolved,unknown,0,,https://mp.weixin.qq.com/s/h_3PwOTE-7CNowwthUzEzg,pending_clarivate_verification
medicine,740,Child and Adolescent Psychiatry and Mental Health,4.6,"儿科-1区
精神病学-1区",2区,,1753-2000,1753-2000,"[""1753-2000""]",Springer (Biomed Central Ltd.),resolved,unknown,0,,https://mp.weixin.qq.com/s/h_3PwOTE-7CNowwthUzEzg,pending_clarivate_verification
medicine,741,Therapeutic Advances in Endocrinology and Metabolism,4.6,内分泌学与代谢-1区,3区,,2042-0188,2042-0196,"[""2042-0188"",""2042-0196""]",SAGE Publications,resolved,unknown,0,,https://mp.weixin.qq.com/s/h_3PwOTE-7CNowwthUzEzg,pending_clarivate_verification
medicine,742,Clinical Kidney Journal,4.6,泌尿学与肾脏学-1区,3区,,2048-8505,2048-8513,"[""2048-8505"",""2048-8513""]",Oxford University Press,resolved,unknown,0,,https://mp.weixin.qq.com/s/h_3PwOTE-7CNowwthUzEzg,pending_clarivate_verification
medicine,743,Antibiotics-Basel,4.6,"传染病学-1区
药学-1区",3区,,,,[],,unresolved,unknown,0,,https://mp.weixin.qq.com/s/h_3PwOTE-7CNowwthUzEzg,pending_clarivate_verification
medicine,744,Current Opinion in Lipidology,4.6,"内分泌学与代谢-1区
外周血管病-1区
生化与分子生物学-2区",3区,,0957-9672,1473-6535,"[""0957-9672"",""1473-6535""]",Ovid Technologies (Wolters Kluwer) - Lippincott Williams & Wilkins,resolved,unknown,0,,https://mp.weixin.qq.com/s/h_3PwOTE-7CNowwthUzEzg,pending_clarivate_verification
medicine,745,Endocrine Practice,4.6,内分泌学与代谢-1区,3区,,1530-891X,1934-2403,"[""1530-891X"",""1934-2403""]",Elsevier,resolved,unknown,0,,https://mp.weixin.qq.com/s/h_3PwOTE-7CNowwthUzEzg,pending_clarivate_verification
medicine,746,Ophthalmology Science,4.6,眼科学-1区,3区,,2666-9145,,"[""2666-9145""]",Elsevier,resolved,unknown,0,,https://mp.weixin.qq.com/s/h_3PwOTE-7CNowwthUzEzg,pending_clarivate_verification
medicine,747,Hypertension Research,4.6,外周血管病-1区,3区,,0916-9636,1348-4214,"[""0916-9636"",""1348-4214""]",Springer Science and Business Media LLC,resolved,unknown,0,,https://mp.weixin.qq.com/s/h_3PwOTE-7CNowwthUzEzg,pending_clarivate_verification
medicine,748,Journal of Clinical Lipidology,4.6,药学-1区,3区,,1933-2874,,"[""1933-2874""]",Elsevier,resolved,unknown,0,,https://mp.weixin.qq.com/s/h_3PwOTE-7CNowwthUzEzg,pending_clarivate_verification
medicine,749,Journal of Medical Virology,4.6,病毒学-1区,3区,,0146-6615,1096-9071,"[""0146-6615"",""1096-9071""]",Wiley (John Wiley & Sons),resolved,unknown,0,,https://mp.weixin.qq.com/s/h_3PwOTE-7CNowwthUzEzg,pending_clarivate_verification
medicine,750,Pharmacoeconomics,4.6,"经济学-1区
卫生保健与服务-1区
卫生政策与服务-1区
药学-1区",3区,,1170-7690,1179-2027,"[""1170-7690"",""1179-2027""]",Springer-Verlag,resolved,unknown,0,,https://mp.weixin.qq.com/s/h_3PwOTE-7CNowwthUzEzg,pending_clarivate_verification
medicine,751,Toxicology,4.6,"药学-1区
毒理学-1区",3区,,0300-483X,,"[""0300-483X""]",Elsevier,resolved,unknown,0,,https://mp.weixin.qq.com/s/h_3PwOTE-7CNowwthUzEzg,pending_clarivate_verification
medicine,752,Frontiers in Endocrinology,4.6,内分泌学与代谢-1区,3区,,,1664-2392,"[""1664-2392""]",Frontiers Media SA,resolved,unknown,0,,https://mp.weixin.qq.com/s/h_3PwOTE-7CNowwthUzEzg,pending_clarivate_verification
medicine,753,World Journal of Diabetes,4.6,内分泌学与代谢-1区,4区,,1948-9358,1948-9358,"[""1948-9358""]",Baishideng Publishing Group Co (World Journal of Diabetes),resolved,unknown,0,,https://mp.weixin.qq.com/s/h_3PwOTE-7CNowwthUzEzg,pending_clarivate_verification
medicine,754,British Journal of Biomedical Science,4.6,医学实验技术-1区,4区,,,,[],,ambiguous,unknown,0,,https://mp.weixin.qq.com/s/h_3PwOTE-7CNowwthUzEzg,pending_clarivate_verification
medicine,755,Frontiers in Toxicology,4.6,毒理学-1区,4区,,,2673-3080,"[""2673-3080""]",Frontiers Media SA,resolved,unknown,0,,https://mp.weixin.qq.com/s/h_3PwOTE-7CNowwthUzEzg,pending_clarivate_verification
medicine,756,American Journal of Sports Medicine,4.5,"骨科-1区
运动科学-1区",1区,,,,[],,unresolved,unknown,0,,https://mp.weixin.qq.com/s/h_3PwOTE-7CNowwthUzEzg,pending_clarivate_verification
medicine,757,One Health,4.5,"传染病学-1区
公共卫生、环境卫生与职业卫生-1区",2区,,2352-7714,,"[""2352-7714""]",Elsevier,resolved,unknown,0,,https://mp.weixin.qq.com/s/h_3PwOTE-7CNowwthUzEzg,pending_clarivate_verification
medicine,758,Insights Into Imaging,4.5,核医学-1区,2区,,,1869-4101,"[""1869-4101""]",Springer-Verlag,resolved,unknown,0,,https://mp.weixin.qq.com/s/h_3PwOTE-7CNowwthUzEzg,pending_clarivate_verification
medicine,759,Journal of Eating Disorders,4.5,"营养学-1区
精神病学-1区
心理学：临床-1区",2区,,2050-2974,2050-2974,"[""2050-2974""]",Springer (Biomed Central Ltd.),resolved,unknown,0,,https://mp.weixin.qq.com/s/h_3PwOTE-7CNowwthUzEzg,pending_clarivate_verification
medicine,760,Asia-Pacific Journal of Ophthalmology,4.5,眼科学-1区,2区,,2162-0989,2162-0989,"[""2162-0989""]",Elsevier,resolved,unknown,0,,https://mp.weixin.qq.com/s/h_3PwOTE-7CNowwthUzEzg,pending_clarivate_verification
medicine,761,European Urology Open Science,4.5,泌尿学与肾脏学-1区,2区,,2666-1683,,"[""2666-1683""]",Elsevier,resolved,unknown,0,,https://mp.weixin.qq.com/s/h_3PwOTE-7CNowwthUzEzg,pending_clarivate_verification
medicine,762,Journal of Anxiety Disorders,4.5,"精神病学-1区
心理学：临床-1区",2区,,0887-6185,,"[""0887-6185""]",Elsevier,resolved,unknown,0,,https://mp.weixin.qq.com/s/h_3PwOTE-7CNowwthUzEzg,pending_clarivate_verification
medicine,763,Bipolar Disorders,4.5,"临床神经病学-1区
神经科学-1区
精神病学-1区",2区,,1398-5647,1399-5618,"[""1398-5647"",""1399-5618""]",Wiley (Blackwell Publishing),resolved,unknown,0,,https://mp.weixin.qq.com/s/h_3PwOTE-7CNowwthUzEzg,pending_clarivate_verification
medicine,764,Brain Communications,4.5,"临床神经病学-1区
神经科学-1区",2区,,,2632-1297,"[""2632-1297""]",Oxford University Press,resolved,unknown,0,,https://mp.weixin.qq.com/s/h_3PwOTE-7CNowwthUzEzg,pending_clarivate_verification
medicine,765,Journal of Adolescent Health,4.5,"儿科-1区
心理学：发育-1区
公共卫生、环境卫生与职业卫生-1区",2区,,1054-139X,,"[""1054-139X""]",Elsevier,resolved,unknown,0,,https://mp.weixin.qq.com/s/h_3PwOTE-7CNowwthUzEzg,pending_clarivate_verification
medicine,766,Journal of Cerebral Blood Flow and Metabolism,4.5,"血液学-1区
神经科学-1区
内分泌学与代谢-2区",2区,,,,[],,unresolved,unknown,0,,https://mp.weixin.qq.com/s/h_3PwOTE-7CNowwthUzEzg,pending_clarivate_verification
medicine,767,American Journal of Preventive Medicine,4.5,"医学：内科-1区
公共卫生、环境卫生与职业卫生-1区",2区,,0749-3797,,"[""0749-3797""]",Elsevier,resolved,unknown,0,,https://mp.weixin.qq.com/s/h_3PwOTE-7CNowwthUzEzg,pending_clarivate_verification
medicine,768,Journal of Infectious Diseases,4.5,"传染病学-1区
微生物学-1区
免疫学-2区",2区,,,2831-8064,"[""2831-8064""]",Directive Publications,resolved,unknown,0,,https://mp.weixin.qq.com/s/h_3PwOTE-7CNowwthUzEzg,pending_clarivate_verification
medicine,769,Journal of the American Geriatrics Society,4.5,"老年医学-1区
老年医学-1区",2区,,0002-8614,1532-5415,"[""0002-8614"",""1532-5415""]",Wiley (Blackwell Publishing),resolved,unknown,0,,https://mp.weixin.qq.com/s/h_3PwOTE-7CNowwthUzEzg,pending_clarivate_verification
medicine,770,Molecular Pharmaceutics,4.5,"药学-1区
医学：研究与实验-2区",2区,,1543-8384,1543-8392,"[""1543-8384"",""1543-8392""]",American Chemical Society,resolved,unknown,0,,https://mp.weixin.qq.com/s/h_3PwOTE-7CNowwthUzEzg,pending_clarivate_verification
medicine,771,Neuroimage,4.5,"神经成像-1区
神经科学-1区
核医学-1区",2区,,1053-8119,1095-9572,"[""1053-8119"",""1095-9572""]",Elsevier,resolved,unknown,0,,https://mp.weixin.qq.com/s/h_3PwOTE-7CNowwthUzEzg,pending_clarivate_verification
medicine,772,Nutrition Research Reviews,4.5,营养学-1区,2区,,0954-4224,1475-2700,"[""0954-4224"",""1475-2700""]",Cambridge University Press,resolved,unknown,0,,https://mp.weixin.qq.com/s/h_3PwOTE-7CNowwthUzEzg,pending_clarivate_verification
medicine,773,Pediatric Allergy and Immunology,4.5,"儿科-1区
过敏-2区
免疫学-2区",2区,,0905-6157,1399-3038,"[""0905-6157"",""1399-3038""]",Wiley (Blackwell Publishing),resolved,unknown,0,,https://mp.weixin.qq.com/s/h_3PwOTE-7CNowwthUzEzg,pending_clarivate_verification
medicine,774,Pediatric Critical Care Medicine,4.5,"危重病医学-1区
儿科-1区",2区,,1529-7535,1947-3893,"[""1529-7535"",""1947-3893""]",Ovid Technologies (Wolters Kluwer) - Lippincott Williams & Wilkins,resolved,unknown,0,,https://mp.weixin.qq.com/s/h_3PwOTE-7CNowwthUzEzg,pending_clarivate_verification
medicine,775,Proceedings of the Nutrition Society,4.5,营养学-1区,2区,,0029-6651,1475-2719,"[""0029-6651"",""1475-2719""]",Cambridge University Press,resolved,unknown,0,,https://mp.weixin.qq.com/s/h_3PwOTE-7CNowwthUzEzg,pending_clarivate_verification
medicine,776,Antimicrobial Agents and Chemotherapy,4.5,"微生物学-1区
药学-1区",2区,,0066-4804,1098-6596,"[""0066-4804"",""1098-6596""]",American Society for Microbiology,resolved,unknown,0,,https://mp.weixin.qq.com/s/h_3PwOTE-7CNowwthUzEzg,pending_clarivate_verification
medicine,777,World Journal of Pediatrics,4.5,儿科-1区,2区,,1708-8569,1867-0687,"[""1708-8569"",""1867-0687""]",Springer-Verlag,resolved,unknown,0,,https://mp.weixin.qq.com/s/h_3PwOTE-7CNowwthUzEzg,pending_clarivate_verification
medicine,778,Globalization and Health,4.5,公共卫生、环境卫生与职业卫生-1区,2区,,1744-8603,1744-8603,"[""1744-8603""]",Springer (Biomed Central Ltd.),resolved,unknown,0,,https://mp.weixin.qq.com/s/h_3PwOTE-7CNowwthUzEzg,pending_clarivate_verification
medicine,779,Asian Journal of Psychiatry,4.5,精神病学-1区,3区,,1876-2018,1876-2026,"[""1876-2018"",""1876-2026""]",Elsevier,resolved,unknown,0,,https://mp.weixin.qq.com/s/h_3PwOTE-7CNowwthUzEzg,pending_clarivate_verification
medicine,780,BJS Open,4.5,外科-1区,3区,,2474-9842,2474-9842,"[""2474-9842""]",Oxford University Press,resolved,unknown,0,,https://mp.weixin.qq.com/s/h_3PwOTE-7CNowwthUzEzg,pending_clarivate_verification
medicine,781,European Stroke Journal,4.5,"临床神经病学-1区
外周血管病-1区",3区,,2396-9873,2396-9881,"[""2396-9873"",""2396-9881""]",Oxford University Press,resolved,unknown,0,,https://mp.weixin.qq.com/s/h_3PwOTE-7CNowwthUzEzg,pending_clarivate_verification
medicine,782,Clinics in Chest Medicine,4.5,呼吸系统-1区,3区,,0272-5231,,"[""0272-5231""]",Elsevier,resolved,unknown,0,,https://mp.weixin.qq.com/s/h_3PwOTE-7CNowwthUzEzg,pending_clarivate_verification
medicine,783,Gene Therapy,4.5,"生物工程与应用微生物-1区
遗传学-1区
生化与分子生物学-2区
医学：研究与实验-2区",3区,,0969-7128,0969-7128,"[""0969-7128"",""1476-5462""]",Springer Science and Business Media LLC,resolved,unknown,0,,https://mp.weixin.qq.com/s/h_3PwOTE-7CNowwthUzEzg,pending_clarivate_verification
medicine,784,Genes and Immunity,4.5,"遗传学-1区
免疫学-2区",3区,,1466-4879,1476-5470,"[""1466-4879"",""1476-5470""]",Springer Science and Business Media LLC,resolved,unknown,0,,https://mp.weixin.qq.com/s/h_3PwOTE-7CNowwthUzEzg,pending_clarivate_verification
medicine,785,International Braz J Urol,4.5,泌尿学与肾脏学-1区,3区,,1677-5538,1677-5538,"[""1677-5538"",""1677-6119""]",SciELO,resolved,unknown,0,,https://mp.weixin.qq.com/s/h_3PwOTE-7CNowwthUzEzg,pending_clarivate_verification
medicine,786,Frontiers in Aging Neuroscience,4.5,"老年医学-1区
神经科学-1区",3区,,,1663-4365,"[""1663-4365""]",Frontiers Media SA,resolved,unknown,0,,https://mp.weixin.qq.com/s/h_3PwOTE-7CNowwthUzEzg,pending_clarivate_verification
medicine,787,Reviews on Environmental Health,4.5,"公共卫生、环境卫生与职业卫生-1区
环境科学-2区",4区,,0048-7554,2191-0308,"[""0048-7554"",""2191-0308""]",Walter de Gruyter GmbH,resolved,unknown,0,,https://mp.weixin.qq.com/s/h_3PwOTE-7CNowwthUzEzg,pending_clarivate_verification
medicine,788,Pharmaceutical Medicine,4.5,药学-1区,4区,,1178-2595,1179-1993,"[""1178-2595"",""1179-1993""]",Springer-Verlag,resolved,unknown,0,,https://mp.weixin.qq.com/s/h_3PwOTE-7CNowwthUzEzg,pending_clarivate_verification
medicine,789,JBI evidence synthesis,4.5,卫生保健与服务-1区,4区,,2689-8381,2689-8381,"[""2689-8381""]",Joanna Briggs Institute,resolved,unknown,0,,https://mp.weixin.qq.com/s/h_3PwOTE-7CNowwthUzEzg,pending_clarivate_verification
medicine,790,Knee Surgery & Related Research,4.4,"骨科-1区
外科-1区",1区,,,,[],,unresolved,unknown,0,,https://mp.weixin.qq.com/s/h_3PwOTE-7CNowwthUzEzg,pending_clarivate_verification
medicine,791,International Journal of Drug Policy,4.4,药物滥用-1区,2区,,0955-3959,,"[""0955-3959""]",Elsevier,resolved,unknown,0,,https://mp.weixin.qq.com/s/h_3PwOTE-7CNowwthUzEzg,pending_clarivate_verification
medicine,792,BJU International,4.4,泌尿学与肾脏学-1区,2区,,1464-4096,1464-410X,"[""1464-4096"",""1464-410X""]",Wiley (Blackwell Publishing),resolved,unknown,0,,https://mp.weixin.qq.com/s/h_3PwOTE-7CNowwthUzEzg,pending_clarivate_verification
medicine,793,Clinical Orthopaedics and Related Research,4.4,"骨科-1区
外科-1区",2区,,0009-921X,1528-1132,"[""0009-921X"",""1528-1132""]",Ovid Technologies (Wolters Kluwer) - Lippincott Williams & Wilkins,resolved,unknown,0,,https://mp.weixin.qq.com/s/h_3PwOTE-7CNowwthUzEzg,pending_clarivate_verification
medicine,794,Current Opinion in Neurology,4.4,"临床神经病学-1区
神经科学-1区",2区,,1350-7540,1473-6551,"[""1350-7540"",""1473-6551""]",Ovid Technologies (Wolters Kluwer) - Lippincott Williams & Wilkins,resolved,unknown,0,,https://mp.weixin.qq.com/s/h_3PwOTE-7CNowwthUzEzg,pending_clarivate_verification
medicine,795,Epidemiology,4.4,公共卫生、环境卫生与职业卫生-1区,2区,,1044-3983,1531-5487,"[""1044-3983"",""1531-5487""]",Ovid Technologies (Wolters Kluwer) - Lippincott Williams & Wilkins,resolved,unknown,0,,https://mp.weixin.qq.com/s/h_3PwOTE-7CNowwthUzEzg,pending_clarivate_verification
medicine,796,Expert Opinion on Therapeutic Targets,4.4,药学-1区,2区,,1472-8222,1744-7631,"[""1472-8222"",""1744-7631""]",Informa UK (Taylor & Francis),resolved,unknown,0,,https://mp.weixin.qq.com/s/h_3PwOTE-7CNowwthUzEzg,pending_clarivate_verification
medicine,797,Heart,4.4,心脏和心血管系统-1区,2区,,,,[],,ambiguous,unknown,0,,https://mp.weixin.qq.com/s/h_3PwOTE-7CNowwthUzEzg,pending_clarivate_verification
medicine,798,International Journal of Hygiene and Environmental Health,4.4,"传染病学-1区
公共卫生、环境卫生与职业卫生-1区",2区,,1438-4639,,"[""1438-4639""]",Elsevier,resolved,unknown,0,,https://mp.weixin.qq.com/s/h_3PwOTE-7CNowwthUzEzg,pending_clarivate_verification
medicine,799,Journal of Physiology-London,4.4,"神经科学-1区
生理学-1区",2区,,,,[],,unresolved,unknown,0,,https://mp.weixin.qq.com/s/h_3PwOTE-7CNowwthUzEzg,pending_clarivate_verification
medicine,800,Journal of Thoracic and Cardiovascular Surgery,4.4,"心脏和心血管系统-1区
呼吸系统-1区
外科-1区",2区,,0022-5223,,"[""0022-5223""]",American Association for Thoracic Surgery,resolved,unknown,0,,https://mp.weixin.qq.com/s/h_3PwOTE-7CNowwthUzEzg,pending_clarivate_verification
medicine,801,Lung Cancer,4.4,"呼吸系统-1区
肿瘤学-2区",2区,,0169-5002,,"[""0169-5002""]",Elsevier,resolved,unknown,0,,https://mp.weixin.qq.com/s/h_3PwOTE-7CNowwthUzEzg,pending_clarivate_verification
medicine,802,Rheumatology,4.4,风湿病学-1区,2区,,,,[],,ambiguous,unknown,0,,https://mp.weixin.qq.com/s/h_3PwOTE-7CNowwthUzEzg,pending_clarivate_verification
medicine,803,Seminars in Arthritis and Rheumatism,4.4,风湿病学-1区,2区,,0049-0172,,"[""0049-0172""]",Elsevier,resolved,unknown,0,,https://mp.weixin.qq.com/s/h_3PwOTE-7CNowwthUzEzg,pending_clarivate_verification
medicine,804,Clinical Epigenetics,4.4,"遗传学-1区
肿瘤学-2区",2区,,1868-7075,1868-7083,"[""1868-7075"",""1868-7083""]",Springer-Verlag,resolved,unknown,0,,https://mp.weixin.qq.com/s/h_3PwOTE-7CNowwthUzEzg,pending_clarivate_verification
medicine,805,Current HIV/AIDS Reports,4.4,传染病学-1区,2区,,1548-3568,1548-3576,"[""1548-3568"",""1548-3576""]",Springer-Verlag,resolved,unknown,0,,https://mp.weixin.qq.com/s/h_3PwOTE-7CNowwthUzEzg,pending_clarivate_verification
medicine,806,Antimicrobial Resistance and Infection Control,4.4,"传染病学-1区
公共卫生、环境卫生与职业卫生-1区
微生物学-2区",2区,,2047-2994,2047-2994,"[""2047-2994""]",Springer (Biomed Central Ltd.),resolved,unknown,0,,https://mp.weixin.qq.com/s/h_3PwOTE-7CNowwthUzEzg,pending_clarivate_verification
medicine,807,Journal of Xenobiotics,4.4,毒理学-1区,3区,,2039-4705,2039-4713,"[""2039-4705"",""2039-4713""]",MDPI AG,resolved,unknown,0,,https://mp.weixin.qq.com/s/h_3PwOTE-7CNowwthUzEzg,pending_clarivate_verification
medicine,808,Transplantation and Cellular Therapy,4.4,"血液学-1区
移植-1区
免疫学-2区",3区,,2666-6367,,"[""2666-6367""]",Elsevier,resolved,unknown,0,,https://mp.weixin.qq.com/s/h_3PwOTE-7CNowwthUzEzg,pending_clarivate_verification
medicine,809,Hepatobiliary & Pancreatic Diseases International,4.4,胃肠肝病学-1区,3区,,1499-3872,,"[""1499-3872""]",Elsevier,resolved,unknown,0,,https://mp.weixin.qq.com/s/h_3PwOTE-7CNowwthUzEzg,pending_clarivate_verification
medicine,810,BMJ Health & Care Informatics,4.4,"卫生保健与服务-1区
医学：信息-2区",3区,,,2632-1009,"[""2632-1009""]",BMJ,resolved,unknown,0,,https://mp.weixin.qq.com/s/h_3PwOTE-7CNowwthUzEzg,pending_clarivate_verification
medicine,811,European Heart Journal - Digital Health,4.4,心脏和心血管系统-1区,3区,,,2634-3916,"[""2634-3916""]",Oxford University Press,resolved,unknown,0,,https://mp.weixin.qq.com/s/h_3PwOTE-7CNowwthUzEzg,pending_clarivate_verification
medicine,812,American Journal of Medical Genetics Part C-Seminars in Medical Genetics,4.4,遗传学-1区,3区,,,,[],,unresolved,unknown,0,,https://mp.weixin.qq.com/s/h_3PwOTE-7CNowwthUzEzg,pending_clarivate_verification
medicine,813,Molecular Diagnosis & Therapy,4.4,"遗传学-1区
药学-1区",3区,,1177-1062,1179-2000,"[""1177-1062"",""1179-2000""]",Springer-Verlag,resolved,unknown,0,,https://mp.weixin.qq.com/s/h_3PwOTE-7CNowwthUzEzg,pending_clarivate_verification
medicine,814,Annals of Hepatology,4.4,胃肠肝病学-1区,3区,,1665-2681,,"[""1665-2681""]",Elsevier,resolved,unknown,0,,https://mp.weixin.qq.com/s/h_3PwOTE-7CNowwthUzEzg,pending_clarivate_verification
medicine,815,Journal of Bone and Joint Surgery-American Volume,4.3,"骨科-1区
外科-1区",1区,,,,[],,unresolved,unknown,0,,https://mp.weixin.qq.com/s/h_3PwOTE-7CNowwthUzEzg,pending_clarivate_verification
medicine,816,BJOG-An International Journal of Obstetrics and Gynaecology,4.3,妇产科学-1区,2区,,,,[],,unresolved,unknown,0,,https://mp.weixin.qq.com/s/h_3PwOTE-7CNowwthUzEzg,pending_clarivate_verification
medicine,817,Innovation in Aging,4.3,"老年医学-1区
老年医学-1区",2区,,,2399-5300,"[""2399-5300""]",Oxford University Press,resolved,unknown,0,,https://mp.weixin.qq.com/s/h_3PwOTE-7CNowwthUzEzg,pending_clarivate_verification
medicine,818,Current Opinion in Rheumatology,4.3,风湿病学-1区,2区,,1040-8711,1531-6963,"[""1040-8711"",""1531-6963""]",Ovid Technologies (Wolters Kluwer) - Lippincott Williams & Wilkins,resolved,unknown,0,,https://mp.weixin.qq.com/s/h_3PwOTE-7CNowwthUzEzg,pending_clarivate_verification
medicine,819,Human Resources for Health,4.3,"卫生政策与服务-1区
劳动关系学-1区",2区,,1478-4491,1478-4491,"[""1478-4491""]",Springer (Biomed Central Ltd.),resolved,unknown,0,,https://mp.weixin.qq.com/s/h_3PwOTE-7CNowwthUzEzg,pending_clarivate_verification
medicine,820,Developmental Medicine and Child Neurology,4.3,"临床神经病学-1区
儿科-1区",2区,,,,[],,unresolved,unknown,0,,https://mp.weixin.qq.com/s/h_3PwOTE-7CNowwthUzEzg,pending_clarivate_verification
medicine,821,European Journal of Nutrition,4.3,营养学-1区,2区,,1436-6207,1436-6215,"[""1435-1293"",""1436-6207"",""1436-6215""]",Springer-Verlag,resolved,unknown,0,,https://mp.weixin.qq.com/s/h_3PwOTE-7CNowwthUzEzg,pending_clarivate_verification
medicine,822,Helicobacter,4.3,"胃肠肝病学-1区
微生物学-2区",2区,,1083-4389,1523-5378,"[""1083-4389"",""1523-5378""]",Wiley (Blackwell Publishing),resolved,unknown,0,,https://mp.weixin.qq.com/s/h_3PwOTE-7CNowwthUzEzg,pending_clarivate_verification
medicine,823,International Journal of Eating Disorders,4.3,"营养学-1区
精神病学-1区
心理学-1区
心理学：临床-1区",2区,,0276-3478,1098-108X,"[""0276-3478"",""1098-108X""]",Wiley (John Wiley & Sons),resolved,unknown,0,,https://mp.weixin.qq.com/s/h_3PwOTE-7CNowwthUzEzg,pending_clarivate_verification
medicine,824,International Journal of Infectious Diseases,4.3,传染病学-1区,2区,,1201-9712,,"[""1201-9712""]",Elsevier,resolved,unknown,0,,https://mp.weixin.qq.com/s/h_3PwOTE-7CNowwthUzEzg,pending_clarivate_verification
medicine,825,International Journal of Sports Physiology and Performance,4.3,"生理学-1区
运动科学-1区",2区,,1555-0265,1555-0273,"[""1555-0265"",""1555-0273""]",Human Kinetics,resolved,unknown,0,,https://mp.weixin.qq.com/s/h_3PwOTE-7CNowwthUzEzg,pending_clarivate_verification
medicine,826,International Psychogeriatrics,4.3,"心理学：临床-1区
老年医学-1区
老年医学-1区
精神病学-1区
心理学-1区",2区,,1041-6102,1741-203X,"[""1041-6102"",""1741-203X""]",Elsevier,resolved,unknown,0,,https://mp.weixin.qq.com/s/h_3PwOTE-7CNowwthUzEzg,pending_clarivate_verification
medicine,827,Journal of Neurointerventional Surgery,4.3,"神经成像-1区
外科-1区",2区,,1759-8478,1759-8486,"[""1759-8478"",""1759-8486""]",BMJ,resolved,unknown,0,,https://mp.weixin.qq.com/s/h_3PwOTE-7CNowwthUzEzg,pending_clarivate_verification
medicine,828,Molecular Neurobiology,4.3,神经科学-1区,2区,,0893-7648,0893-7648,"[""0893-7648"",""1559-1182""]",Springer-Verlag,resolved,unknown,0,,https://mp.weixin.qq.com/s/h_3PwOTE-7CNowwthUzEzg,pending_clarivate_verification
medicine,829,Annals of Medicine,4.3,医学：内科-1区,2区,,0785-3890,1365-2060,"[""0785-3890"",""1365-2060""]",Informa UK (Taylor & Francis),resolved,unknown,0,,https://mp.weixin.qq.com/s/h_3PwOTE-7CNowwthUzEzg,pending_clarivate_verification
medicine,830,Scandinavian Journal of Work Environment & Health,4.3,公共卫生、环境卫生与职业卫生-1区,2区,,0355-3140,1795-990X,"[""0355-3140"",""1795-990X""]","Scaninavian Journal of Work, Environment, and Health",resolved,unknown,0,,https://mp.weixin.qq.com/s/h_3PwOTE-7CNowwthUzEzg,pending_clarivate_verification
medicine,831,Thrombosis and Haemostasis,4.3,"血液学-1区
外周血管病-1区",2区,,0340-6245,2567-689X,"[""0340-6245"",""2567-689X""]",Georg Thieme Verlag KG,resolved,unknown,0,,https://mp.weixin.qq.com/s/h_3PwOTE-7CNowwthUzEzg,pending_clarivate_verification
medicine,832,Translational Stroke Research,4.3,"临床神经病学-1区
神经科学-1区",2区,,1868-4483,1868-601X,"[""1868-4483"",""1868-601X""]",Springer-Verlag,resolved,unknown,0,,https://mp.weixin.qq.com/s/h_3PwOTE-7CNowwthUzEzg,pending_clarivate_verification
medicine,833,Human Genomics,4.3,遗传学-1区,2区,,1473-9542,1479-7364,"[""1473-9542"",""1479-7364""]",Springer (Biomed Central Ltd.),resolved,unknown,0,,https://mp.weixin.qq.com/s/h_3PwOTE-7CNowwthUzEzg,pending_clarivate_verification
medicine,834,Family Medicine and Community Health,4.3,初级卫生保健-1区,3区,,2305-6983,2009-8774,"[""2009-8774"",""2305-6983""]",BMJ,resolved,unknown,0,,https://mp.weixin.qq.com/s/h_3PwOTE-7CNowwthUzEzg,pending_clarivate_verification
medicine,835,Dm Disease-A-Month,4.3,医学：内科-1区,3区,,,,[],,unresolved,unknown,0,,https://mp.weixin.qq.com/s/h_3PwOTE-7CNowwthUzEzg,pending_clarivate_verification
medicine,836,European Journal of Pharmaceutics and Biopharmaceutics,4.3,药学-1区,3区,,0939-6411,,"[""0939-6411""]",Elsevier,resolved,unknown,0,,https://mp.weixin.qq.com/s/h_3PwOTE-7CNowwthUzEzg,pending_clarivate_verification
medicine,837,Experimental Gerontology,4.3,老年医学-1区,3区,,0531-5565,,"[""0531-5565""]",Elsevier,resolved,unknown,0,,https://mp.weixin.qq.com/s/h_3PwOTE-7CNowwthUzEzg,pending_clarivate_verification
medicine,838,Journal of Cannabis Research,4.3,药学-1区,3区,,,2522-5782,"[""2522-5782""]",Springer (Biomed Central Ltd.),resolved,unknown,0,,https://mp.weixin.qq.com/s/h_3PwOTE-7CNowwthUzEzg,pending_clarivate_verification
medicine,839,Arthroplasty,4.3,骨科-1区,3区,,,2524-7948,"[""2524-7948""]",Springer (Biomed Central Ltd.),resolved,unknown,0,,https://mp.weixin.qq.com/s/h_3PwOTE-7CNowwthUzEzg,pending_clarivate_verification
medicine,840,Inflammatory Bowel Diseases,4.3,胃肠肝病学-1区,3区,,1078-0998,1536-4844,"[""1078-0998"",""1536-4844""]",Oxford University Press,resolved,unknown,0,,https://mp.weixin.qq.com/s/h_3PwOTE-7CNowwthUzEzg,pending_clarivate_verification
medicine,841,Joint Bone Spine,4.3,风湿病学-1区,3区,,1297-319X,,"[""1297-319X""]",Elsevier,resolved,unknown,0,,https://mp.weixin.qq.com/s/h_3PwOTE-7CNowwthUzEzg,pending_clarivate_verification
medicine,842,Pharmaceutical Research,4.3,"药学-1区
化学：综合-2区",3区,,0724-8741,1573-904X,"[""0724-8741"",""1573-904X""]",Springer-Verlag,resolved,unknown,0,,https://mp.weixin.qq.com/s/h_3PwOTE-7CNowwthUzEzg,pending_clarivate_verification
medicine,843,Journal of Global Health,4.3,公共卫生、环境卫生与职业卫生-1区,3区,,2047-2978,2047-2986,"[""2047-2978"",""2047-2986""]",International Society of Global Health,resolved,unknown,0,,https://mp.weixin.qq.com/s/h_3PwOTE-7CNowwthUzEzg,pending_clarivate_verification
medicine,844,Admet and Dmpk,4.3,"药学-1区
药物化学-2区",4区,,,,[],,unresolved,unknown,0,,https://mp.weixin.qq.com/s/h_3PwOTE-7CNowwthUzEzg,pending_clarivate_verification
medicine,845,Frontiers in Aging,4.3,老年医学-1区,4区,,,2673-6217,"[""2673-6217""]",Frontiers Media SA,resolved,unknown,0,,https://mp.weixin.qq.com/s/h_3PwOTE-7CNowwthUzEzg,pending_clarivate_verification
medicine,846,Journal of General Virology,4.3,"生物工程与应用微生物-1区
病毒学-1区",4区,,0022-1317,1465-2099,"[""0022-1317"",""1465-2099""]",Microbiology Society,resolved,unknown,0,,https://mp.weixin.qq.com/s/h_3PwOTE-7CNowwthUzEzg,pending_clarivate_verification
medicine,847,Journal of Liposome Research,4.3,"药学-1区
生化与分子生物学-2区",4区,,0898-2104,1532-2394,"[""0898-2104"",""1532-2394""]",Informa UK (Taylor & Francis),resolved,unknown,0,,https://mp.weixin.qq.com/s/h_3PwOTE-7CNowwthUzEzg,pending_clarivate_verification
medicine,848,Journal of Pharmacy and Pharmaceutical Sciences,4.3,药学-1区,4区,,,,[],,unresolved,unknown,0,,https://mp.weixin.qq.com/s/h_3PwOTE-7CNowwthUzEzg,pending_clarivate_verification
medicine,849,Mutagenesis,4.3,"遗传学-1区
毒理学-1区",4区,,0267-8357,1464-3804,"[""0267-8357"",""1464-3804""]",Oxford University Press,resolved,unknown,0,,https://mp.weixin.qq.com/s/h_3PwOTE-7CNowwthUzEzg,pending_clarivate_verification
medicine,850,Primary Care,4.3,"医学：内科-1区
初级卫生保健-1区",4区,,,,[],,unresolved,unknown,0,,https://mp.weixin.qq.com/s/h_3PwOTE-7CNowwthUzEzg,pending_clarivate_verification
medicine,851,American Journal of Ophthalmology,4.2,眼科学-1区,1区,,0002-9394,,"[""0002-9394""]",Elsevier,resolved,unknown,0,,https://mp.weixin.qq.com/s/h_3PwOTE-7CNowwthUzEzg,pending_clarivate_verification
medicine,852,American Journal of Surgical Pathology,4.2,"病理学-1区
外科-1区",1区,,,,[],,unresolved,unknown,0,,https://mp.weixin.qq.com/s/h_3PwOTE-7CNowwthUzEzg,pending_clarivate_verification
medicine,853,Comprehensive Psychiatry,4.2,精神病学-1区,2区,,0010-440X,,"[""0010-440X""]",Elsevier,resolved,unknown,0,,https://mp.weixin.qq.com/s/h_3PwOTE-7CNowwthUzEzg,pending_clarivate_verification
medicine,854,Experimental Neurology,4.2,神经科学-1区,2区,,0014-4886,1090-2430,"[""0014-4886"",""1090-2430""]",Elsevier,resolved,unknown,0,,https://mp.weixin.qq.com/s/h_3PwOTE-7CNowwthUzEzg,pending_clarivate_verification
medicine,855,Heart Failure Reviews,4.2,心脏和心血管系统-1区,2区,,1382-4147,1573-7322,"[""1382-4147"",""1573-7322""]",Springer-Verlag,resolved,unknown,0,,https://mp.weixin.qq.com/s/h_3PwOTE-7CNowwthUzEzg,pending_clarivate_verification
medicine,856,Minerva Urology and Nephrology,4.2,泌尿学与肾脏学-1区,2区,,2724-6051,2724-6442,"[""2724-6051"",""2724-6442""]",Edizioni Minerva Medica,resolved,unknown,0,,https://mp.weixin.qq.com/s/h_3PwOTE-7CNowwthUzEzg,pending_clarivate_verification
medicine,857,Journal of General Internal Medicine,4.2,"卫生保健与服务-1区
医学：内科-1区",2区,,0884-8734,1525-1497,"[""0884-8734"",""1525-1497""]",Springer-Verlag,resolved,unknown,0,,https://mp.weixin.qq.com/s/h_3PwOTE-7CNowwthUzEzg,pending_clarivate_verification
medicine,858,Laboratory Investigation,4.2,"病理学-1区
医学：研究与实验-2区",2区,,0023-6837,1530-0307,"[""0023-6837"",""1530-0307""]",Elsevier,resolved,unknown,0,,https://mp.weixin.qq.com/s/h_3PwOTE-7CNowwthUzEzg,pending_clarivate_verification
medicine,859,Lipids in Health and Disease,4.2,"营养学-1区
生化与分子生物学-2区",2区,,1476-511X,1476-511X,"[""1476-511X""]",Springer (Biomed Central Ltd.),resolved,unknown,0,,https://mp.weixin.qq.com/s/h_3PwOTE-7CNowwthUzEzg,pending_clarivate_verification
medicine,860,Mutation Research-Reviews in Mutation Research,4.2,"遗传学-1区
毒理学-1区
生物工程与应用微生物-2区",2区,,,,[],,unresolved,unknown,0,,https://mp.weixin.qq.com/s/h_3PwOTE-7CNowwthUzEzg,pending_clarivate_verification
medicine,861,Journal of Ovarian Research,4.2,生殖生物学-1区,2区,,1757-2215,1757-2215,"[""1757-2215""]",Springer (Biomed Central Ltd.),resolved,unknown,0,,https://mp.weixin.qq.com/s/h_3PwOTE-7CNowwthUzEzg,pending_clarivate_verification
medicine,862,Australian Prescriber,4.2,药学-1区,2区,,0312-8008,1839-3942,"[""0312-8008"",""1839-3942""]",Therapeutic Guidelines Limited,resolved,unknown,0,,https://mp.weixin.qq.com/s/h_3PwOTE-7CNowwthUzEzg,pending_clarivate_verification
medicine,863,Gastroenterology Report,4.2,胃肠肝病学-1区,3区,,,2052-0034,"[""2052-0034""]",Oxford University Press,resolved,unknown,0,,https://mp.weixin.qq.com/s/h_3PwOTE-7CNowwthUzEzg,pending_clarivate_verification
medicine,864,Dermatology and Therapy,4.2,皮肤病学-1区,3区,,2193-8210,2190-9172,"[""2190-9172"",""2193-8210""]",Springer-Verlag,resolved,unknown,0,,https://mp.weixin.qq.com/s/h_3PwOTE-7CNowwthUzEzg,pending_clarivate_verification
medicine,865,Journal of Clinical and Translational Hepatology,4.2,胃肠肝病学-1区,3区,,2225-0719,2310-8819,"[""2225-0719"",""2310-8819""]",Xia & He Publishing,resolved,unknown,0,,https://mp.weixin.qq.com/s/h_3PwOTE-7CNowwthUzEzg,pending_clarivate_verification
medicine,866,Current Opinion in Pharmacology,4.2,药学-1区,3区,,1471-4892,,"[""1471-4892""]",Elsevier,resolved,unknown,0,,https://mp.weixin.qq.com/s/h_3PwOTE-7CNowwthUzEzg,pending_clarivate_verification
medicine,867,Drug Development Research,4.2,"药学-1区
药物化学-2区",3区,,0272-4391,1098-2299,"[""0272-4391"",""1098-2299""]",Wiley (John Wiley & Sons),resolved,unknown,0,,https://mp.weixin.qq.com/s/h_3PwOTE-7CNowwthUzEzg,pending_clarivate_verification
medicine,868,European Journal of Emergency Medicine,4.2,急救医学-1区,3区,,0969-9546,1473-5695,"[""0969-9546"",""1473-5695""]",Ovid Technologies (Wolters Kluwer) - Lippincott Williams & Wilkins,resolved,unknown,0,,https://mp.weixin.qq.com/s/h_3PwOTE-7CNowwthUzEzg,pending_clarivate_verification
medicine,869,Influenza and Other Respiratory Viruses,4.2,"传染病学-1区
病毒学-1区",3区,,1750-2640,1750-2659,"[""1750-2640"",""1750-2659""]",Wiley (Blackwell Publishing),resolved,unknown,0,,https://mp.weixin.qq.com/s/h_3PwOTE-7CNowwthUzEzg,pending_clarivate_verification
medicine,870,Radiology-Cardiothoracic Imaging,4.2,核医学-1区,3区,,,,[],,unresolved,unknown,0,,https://mp.weixin.qq.com/s/h_3PwOTE-7CNowwthUzEzg,pending_clarivate_verification
medicine,871,Journal of Molecular Medicine-Jmm,4.2,"遗传学-1区
医学：研究与实验-2区",3区,,,,[],,unresolved,unknown,0,,https://mp.weixin.qq.com/s/h_3PwOTE-7CNowwthUzEzg,pending_clarivate_verification
medicine,872,Medical Clinics of North America,4.2,医学：内科-1区,3区,,0025-7125,,"[""0025-7125""]",Elsevier,resolved,unknown,0,,https://mp.weixin.qq.com/s/h_3PwOTE-7CNowwthUzEzg,pending_clarivate_verification
medicine,873,Zeitschrift Fur Medizinische Physik,4.2,核医学-1区,4区,,,,[],,unresolved,unknown,0,,https://mp.weixin.qq.com/s/h_3PwOTE-7CNowwthUzEzg,pending_clarivate_verification
medicine,874,Journal of Neurologic Physical Therapy,4.2,"临床神经病学-1区
康复医学-1区",4区,,1557-0576,1557-0584,"[""1557-0576"",""1557-0584""]",Ovid Technologies (Wolters Kluwer) - Lippincott Williams & Wilkins,resolved,unknown,0,,https://mp.weixin.qq.com/s/h_3PwOTE-7CNowwthUzEzg,pending_clarivate_verification
medicine,875,JMIR Serious Games,4.1,"卫生保健与服务-1区
公共卫生、环境卫生与职业卫生-1区
医学：信息-2区",2区,,,2291-9279,"[""2291-9279""]",JMIR Publications Inc.,resolved,unknown,0,,https://mp.weixin.qq.com/s/h_3PwOTE-7CNowwthUzEzg,pending_clarivate_verification
medicine,876,Clinical Psychological Science,4.1,"精神病学-1区
心理学-1区
心理学：临床-1区",2区,,2167-7026,2167-7034,"[""2167-7026"",""2167-7034""]",SAGE Publications,resolved,unknown,0,,https://mp.weixin.qq.com/s/h_3PwOTE-7CNowwthUzEzg,pending_clarivate_verification
medicine,877,Internet Interventions-the Application of Information Technology in Mental and Behavioural Health,4.1,"卫生保健与服务-1区
精神病学-1区
心理学：临床-1区
医学：信息-2区",2区,,,,[],,unresolved,unknown,0,,https://mp.weixin.qq.com/s/h_3PwOTE-7CNowwthUzEzg,pending_clarivate_verification
medicine,878,Best Practice & Research Clinical Obstetrics & Gynaecology,4.1,妇产科学-1区,2区,,1521-6934,,"[""1521-6934""]",Elsevier,resolved,unknown,0,,https://mp.weixin.qq.com/s/h_3PwOTE-7CNowwthUzEzg,pending_clarivate_verification
medicine,879,European Journal of Psychotraumatology,4.1,"精神病学-1区
心理学：临床-1区",2区,,2000-8198,2000-818X,"[""2000-8066"",""2000-818X"",""2000-8198""]",Informa UK (Taylor & Francis),resolved,unknown,0,,https://mp.weixin.qq.com/s/h_3PwOTE-7CNowwthUzEzg,pending_clarivate_verification
medicine,880,Head & Neck Pathology,4.1,病理学-1区,2区,,,,[],,unresolved,unknown,0,,https://mp.weixin.qq.com/s/h_3PwOTE-7CNowwthUzEzg,pending_clarivate_verification
medicine,881,Critical Reviews in Toxicology,4.1,毒理学-1区,2区,,1040-8444,1547-6898,"[""1040-8444"",""1547-6898""]",Informa UK (Taylor & Francis),resolved,unknown,0,,https://mp.weixin.qq.com/s/h_3PwOTE-7CNowwthUzEzg,pending_clarivate_verification
medicine,882,International Journal for Equity in Health,4.1,公共卫生、环境卫生与职业卫生-1区,2区,,1475-9276,1475-9276,"[""1475-9276""]",Springer (Biomed Central Ltd.),resolved,unknown,0,,https://mp.weixin.qq.com/s/h_3PwOTE-7CNowwthUzEzg,pending_clarivate_verification
medicine,883,Gynecologic Oncology,4.1,"妇产科学-1区
肿瘤学-2区",2区,,0090-8258,1095-6859,"[""0090-8258"",""1095-6859""]",Elsevier,resolved,unknown,0,,https://mp.weixin.qq.com/s/h_3PwOTE-7CNowwthUzEzg,pending_clarivate_verification
medicine,884,Histopathology,4.1,"病理学-1区
细胞生物学-2区",2区,,0309-0167,1365-2559,"[""0309-0167"",""1365-2559""]",Wiley (Blackwell Publishing),resolved,unknown,0,,https://mp.weixin.qq.com/s/h_3PwOTE-7CNowwthUzEzg,pending_clarivate_verification
medicine,885,Infectious Disease Clinics of North America,4.1,"传染病学-1区
免疫学-2区",2区,,0891-5520,,"[""0891-5520""]",Elsevier,resolved,unknown,0,,https://mp.weixin.qq.com/s/h_3PwOTE-7CNowwthUzEzg,pending_clarivate_verification
medicine,886,International Journal of Medical Informatics,4.1,"卫生保健与服务-1区
计算机：信息系统-2区
医学：信息-2区",2区,,1386-5056,,"[""1386-5056""]",Elsevier,resolved,unknown,0,,https://mp.weixin.qq.com/s/h_3PwOTE-7CNowwthUzEzg,pending_clarivate_verification
medicine,887,Schizophrenia,4.1,精神病学-1区,2区,,,,[],,ambiguous,unknown,0,,https://mp.weixin.qq.com/s/h_3PwOTE-7CNowwthUzEzg,pending_clarivate_verification
medicine,888,American Journal of Physiology-Heart and Circulatory Physiology,4.1,"心脏和心血管系统-1区
外周血管病-1区
生理学-1区",2区,,,,[],,unresolved,unknown,0,,https://mp.weixin.qq.com/s/h_3PwOTE-7CNowwthUzEzg,pending_clarivate_verification
medicine,889,Journal of Urban Health-Bulletin of the New York Academy of Medicine,4.1,"医学：内科-1区
公共卫生、环境卫生与职业卫生-1区",2区,,,,[],,unresolved,unknown,0,,https://mp.weixin.qq.com/s/h_3PwOTE-7CNowwthUzEzg,pending_clarivate_verification
medicine,890,Seminars in Hematology,4.1,血液学-1区,2区,,0037-1963,,"[""0037-1963""]",Elsevier - WB Saunders,resolved,unknown,0,,https://mp.weixin.qq.com/s/h_3PwOTE-7CNowwthUzEzg,pending_clarivate_verification
medicine,891,Health & Place,4.1,公共卫生、环境卫生与职业卫生-1区,2区,,1353-8292,,"[""1353-8292""]",Elsevier,resolved,unknown,0,,https://mp.weixin.qq.com/s/h_3PwOTE-7CNowwthUzEzg,pending_clarivate_verification
medicine,892,Women and Birth,4.1,"护理-1区
妇产科学-1区",2区,,1871-5192,,"[""1871-5192""]",Elsevier,resolved,unknown,0,,https://mp.weixin.qq.com/s/h_3PwOTE-7CNowwthUzEzg,pending_clarivate_verification
medicine,893,Therapeutic Advances in Neurological Disorders,4.1,临床神经病学-1区,2区,,1756-2856,1756-2864,"[""1756-2856"",""1756-2864""]",SAGE Publications,resolved,unknown,0,,https://mp.weixin.qq.com/s/h_3PwOTE-7CNowwthUzEzg,pending_clarivate_verification
medicine,894,Therapeutic Advances in Musculoskeletal Disease,4.1,风湿病学-1区,3区,,1759-720X,1759-7218,"[""1759-720X"",""1759-7218""]",SAGE Publications,resolved,unknown,0,,https://mp.weixin.qq.com/s/h_3PwOTE-7CNowwthUzEzg,pending_clarivate_verification
medicine,895,World Journal of Mens Health,4.1,"男科学-1区
泌尿学与肾脏学-1区",3区,,,,[],,unresolved,unknown,0,,https://mp.weixin.qq.com/s/h_3PwOTE-7CNowwthUzEzg,pending_clarivate_verification
medicine,896,Cleveland Clinic Journal of Medicine,4.1,医学：内科-1区,3区,,0891-1150,1939-2869,"[""0891-1150"",""1939-2869""]",Cleveland Clinic Journal of Medicine,resolved,unknown,0,,https://mp.weixin.qq.com/s/h_3PwOTE-7CNowwthUzEzg,pending_clarivate_verification
medicine,897,CNS Spectrums,4.1,"临床神经病学-1区
精神病学-1区",3区,,1092-8529,2165-6509,"[""1092-8529"",""2165-6509""]",Cambridge University Press,resolved,unknown,0,,https://mp.weixin.qq.com/s/h_3PwOTE-7CNowwthUzEzg,pending_clarivate_verification
medicine,898,Emerging Themes in Epidemiology,4.1,公共卫生、环境卫生与职业卫生-1区,3区,,1742-7622,1742-7622,"[""1742-7622""]",Springer (Biomed Central Ltd.),resolved,unknown,0,,https://mp.weixin.qq.com/s/h_3PwOTE-7CNowwthUzEzg,pending_clarivate_verification
medicine,899,Dentomaxillofacial Radiology,4.1,"牙科与口腔外科-1区
核医学-1区",3区,,0250-832X,1476-542X,"[""0250-832X"",""1476-542X""]",Oxford University Press,resolved,unknown,0,,https://mp.weixin.qq.com/s/h_3PwOTE-7CNowwthUzEzg,pending_clarivate_verification
medicine,900,Public Health Reviews,4.1,公共卫生、环境卫生与职业卫生-1区,3区,,2107-6952,2107-6952,"[""2107-6952""]",Frontiers Media SA,resolved,unknown,0,,https://mp.weixin.qq.com/s/h_3PwOTE-7CNowwthUzEzg,pending_clarivate_verification
medicine,901,Expert Opinion on Investigational Drugs,4.1,药学-1区,3区,,1354-3784,1744-7658,"[""1354-3784"",""1744-7658""]",Informa UK (Taylor & Francis),resolved,unknown,0,,https://mp.weixin.qq.com/s/h_3PwOTE-7CNowwthUzEzg,pending_clarivate_verification
medicine,902,Neuro-Oncology Advances,4.1,"临床神经病学-1区
肿瘤学-2区",3区,,,2632-2498,"[""2632-2498""]",Oxford University Press,resolved,unknown,0,,https://mp.weixin.qq.com/s/h_3PwOTE-7CNowwthUzEzg,pending_clarivate_verification
medicine,903,Journal of Esthetic and Restorative Dentistry,4.1,牙科与口腔外科-1区,3区,,1496-4155,1708-8240,"[""1496-4155"",""1708-8240""]",Wiley (Blackwell Publishing),resolved,unknown,0,,https://mp.weixin.qq.com/s/h_3PwOTE-7CNowwthUzEzg,pending_clarivate_verification
medicine,904,Journal of Hypertension,4.1,外周血管病-1区,3区,,0263-6352,1473-5598,"[""0263-6352"",""0952-1178"",""1473-5598""]",Ovid Technologies (Wolters Kluwer) - Lippincott Williams & Wilkins,resolved,unknown,0,,https://mp.weixin.qq.com/s/h_3PwOTE-7CNowwthUzEzg,pending_clarivate_verification
medicine,905,Journal of Neuroendocrinology,4.1,"神经科学-1区
内分泌学与代谢-2区",3区,,0953-8194,1365-2826,"[""0953-8194"",""1365-2826""]",Wiley (Blackwell Publishing),resolved,unknown,0,,https://mp.weixin.qq.com/s/h_3PwOTE-7CNowwthUzEzg,pending_clarivate_verification
medicine,906,Reviews in the Neurosciences,4.1,神经科学-1区,3区,,0334-1763,2191-0200,"[""0334-1763"",""2191-0200""]",Walter de Gruyter GmbH,resolved,unknown,0,,https://mp.weixin.qq.com/s/h_3PwOTE-7CNowwthUzEzg,pending_clarivate_verification
medicine,907,Seminars in Thrombosis and Hemostasis,4.1,"血液学-1区
外周血管病-1区",3区,,0094-6176,1098-9064,"[""0094-6176"",""1098-9064""]",Georg Thieme Verlag KG,resolved,unknown,0,,https://mp.weixin.qq.com/s/h_3PwOTE-7CNowwthUzEzg,pending_clarivate_verification
medicine,908,Toxicological Sciences,4.1,毒理学-1区,3区,,1096-6080,1096-0929,"[""1096-0929"",""1096-6080""]",Oxford University Press,resolved,unknown,0,,https://mp.weixin.qq.com/s/h_3PwOTE-7CNowwthUzEzg,pending_clarivate_verification
medicine,909,Frontiers in Synaptic Neuroscience,4.1,神经科学-1区,4区,,,1663-3563,"[""1663-3563""]",Frontiers Media SA,resolved,unknown,0,,https://mp.weixin.qq.com/s/h_3PwOTE-7CNowwthUzEzg,pending_clarivate_verification
medicine,910,Biomedical and Environmental Sciences,4.1,"公共卫生、环境卫生与职业卫生-1区
环境科学-2区",4区,,0895-3988,,"[""0895-3988""]",Elsevier,resolved,unknown,0,,https://mp.weixin.qq.com/s/h_3PwOTE-7CNowwthUzEzg,pending_clarivate_verification
medicine,911,Advanced Pharmaceutical Bulletin,4.1,药学-1区,4区,,2228-5881,2251-7308,"[""2228-5881"",""2251-7308""]",Maad Rayan Publishing Company,resolved,unknown,0,,https://mp.weixin.qq.com/s/h_3PwOTE-7CNowwthUzEzg,pending_clarivate_verification
medicine,912,International Journal of Tryptophan Research,4.1,神经科学-1区,4区,,1178-6469,1178-6469,"[""1178-6469""]","Libertas Academica, Ltd.",resolved,unknown,0,,https://mp.weixin.qq.com/s/h_3PwOTE-7CNowwthUzEzg,pending_clarivate_verification
medicine,913,Clinics in Liver Disease,4.1,胃肠肝病学-1区,4区,,1089-3261,,"[""1089-3261""]",Elsevier,resolved,unknown,0,,https://mp.weixin.qq.com/s/h_3PwOTE-7CNowwthUzEzg,pending_clarivate_verification
medicine,914,Japanese Journal of Radiology,4.1,核医学-1区,4区,,1867-1071,1867-108X,"[""1867-1071"",""1867-108X""]",Springer-Verlag,resolved,unknown,0,,https://mp.weixin.qq.com/s/h_3PwOTE-7CNowwthUzEzg,pending_clarivate_verification
medicine,915,Journal of the Renin-Angiotensin-Aldosterone System,4.1,外周血管病-1区,4区,,1470-3203,1752-8976,"[""1470-3203"",""1752-8976""]",SAGE Publications,resolved,unknown,0,,https://mp.weixin.qq.com/s/h_3PwOTE-7CNowwthUzEzg,pending_clarivate_verification
medicine,916,Milbank Quarterly,4.1,"卫生保健与服务-1区
卫生政策与服务-1区",4区,,0887-378X,1468-0009,"[""0887-378X"",""1468-0009""]",Wiley (Blackwell Publishing),resolved,unknown,0,,https://mp.weixin.qq.com/s/h_3PwOTE-7CNowwthUzEzg,pending_clarivate_verification
medicine,917,Recent Patents on Anti-Cancer Drug Discovery,4.1,"药学-1区
肿瘤学-2区",4区,,,,[],,ambiguous,unknown,0,,https://mp.weixin.qq.com/s/h_3PwOTE-7CNowwthUzEzg,pending_clarivate_verification
medicine,918,Xenotransplantation,4.1,"移植-1区
医学：研究与实验-2区",4区,,0908-665X,1399-3089,"[""0908-665X"",""1399-3089""]",Wiley (Blackwell Publishing),resolved,unknown,0,,https://mp.weixin.qq.com/s/h_3PwOTE-7CNowwthUzEzg,pending_clarivate_verification
medicine,919,HLA,4.1,"病理学-1区
细胞生物学-2区
免疫学-2区",4区,,2059-2302,2059-2310,"[""2059-2302"",""2059-2310""]",Wiley (Blackwell Publishing),resolved,unknown,0,,https://mp.weixin.qq.com/s/h_3PwOTE-7CNowwthUzEzg,pending_clarivate_verification
medicine,920,Virologica Sinica,4.0,病毒学-1区,2区,,1674-0769,1995-820X,"[""1674-0769"",""1995-820X""]",Elsevier,resolved,unknown,0,,https://mp.weixin.qq.com/s/h_3PwOTE-7CNowwthUzEzg,pending_clarivate_verification
medicine,921,Eye and Vision,4.0,眼科学-1区,2区,,2326-0254,2326-0254,"[""2326-0254""]",Springer (Biomed Central Ltd.),resolved,unknown,0,,https://mp.weixin.qq.com/s/h_3PwOTE-7CNowwthUzEzg,pending_clarivate_verification
medicine,922,Best Practice & Research Clinical Gastroenterology,4.0,胃肠肝病学-1区,2区,,1521-6918,,"[""1521-6918""]",Elsevier,resolved,unknown,0,,https://mp.weixin.qq.com/s/h_3PwOTE-7CNowwthUzEzg,pending_clarivate_verification
medicine,923,Journal of Integrative Medicine-JIM,4.0,全科医学与补充医学-1区,2区,,,,[],,unresolved,unknown,0,,https://mp.weixin.qq.com/s/h_3PwOTE-7CNowwthUzEzg,pending_clarivate_verification
medicine,924,Efort Open Reviews,4.0,骨科-1区,2区,,2396-7544,2058-5241,"[""2058-5241"",""2396-7544""]",Bioscientifica,resolved,unknown,0,,https://mp.weixin.qq.com/s/h_3PwOTE-7CNowwthUzEzg,pending_clarivate_verification
medicine,925,International Journal of Implant Dentistry,4.0,牙科与口腔外科-1区,2区,,2198-4034,2198-4034,"[""2198-4034""]",Springer (Biomed Central Ltd.),resolved,unknown,0,,https://mp.weixin.qq.com/s/h_3PwOTE-7CNowwthUzEzg,pending_clarivate_verification
medicine,926,Clinical Implant Dentistry and Related Research,4.0,牙科与口腔外科-1区,2区,,1523-0899,1708-8208,"[""1523-0899"",""1708-8208""]",Wiley (Blackwell Publishing),resolved,unknown,0,,https://mp.weixin.qq.com/s/h_3PwOTE-7CNowwthUzEzg,pending_clarivate_verification
medicine,927,Clinical Pharmacokinetics,4.0,药学-1区,2区,,0312-5963,1179-1926,"[""0312-5963"",""1179-1926""]",Springer-Verlag,resolved,unknown,0,,https://mp.weixin.qq.com/s/h_3PwOTE-7CNowwthUzEzg,pending_clarivate_verification
medicine,928,Current Opinion in Infectious Diseases,4.0,传染病学-1区,2区,,0951-7375,1473-6527,"[""0951-7375"",""1473-6527""]",Ovid Technologies (Wolters Kluwer) - Lippincott Williams & Wilkins,resolved,unknown,0,,https://mp.weixin.qq.com/s/h_3PwOTE-7CNowwthUzEzg,pending_clarivate_verification
medicine,929,Drug Metabolism and Disposition,4.0,药学-1区,2区,,0090-9556,1521-009X,"[""0090-9556"",""1521-009X""]",Elsevier,resolved,unknown,0,,https://mp.weixin.qq.com/s/h_3PwOTE-7CNowwthUzEzg,pending_clarivate_verification
medicine,930,Harm Reduction Journal,4.0,药物滥用-1区,2区,,1477-7517,1477-7517,"[""1477-7517""]",Springer (Biomed Central Ltd.),resolved,unknown,0,,https://mp.weixin.qq.com/s/h_3PwOTE-7CNowwthUzEzg,pending_clarivate_verification
medicine,931,Erj Open Research,4.0,呼吸系统-1区,2区,,,2312-0541,"[""2312-0541""]",European Respiratory Society,resolved,unknown,0,,https://mp.weixin.qq.com/s/h_3PwOTE-7CNowwthUzEzg,pending_clarivate_verification
medicine,932,International Journal of Neonatal Screening,4.0,"遗传学-1区
儿科-1区",2区,,,2409-515X,"[""2409-515X""]",MDPI AG,resolved,unknown,0,,https://mp.weixin.qq.com/s/h_3PwOTE-7CNowwthUzEzg,pending_clarivate_verification
medicine,933,Headache,4.0,临床神经病学-1区,2区,,,,[],,unresolved,unknown,0,,https://mp.weixin.qq.com/s/h_3PwOTE-7CNowwthUzEzg,pending_clarivate_verification
medicine,934,Journal of Neurodevelopmental Disorders,4.0,"临床神经病学-1区
神经科学-2区",2区,,1866-1947,1866-1955,"[""1866-1947"",""1866-1955""]",Springer-Verlag,resolved,unknown,0,,https://mp.weixin.qq.com/s/h_3PwOTE-7CNowwthUzEzg,pending_clarivate_verification
medicine,935,Journal of Oral Rehabilitation,4.0,牙科与口腔外科-1区,2区,,0305-182X,1365-2842,"[""0305-182X"",""1365-2842""]",Wiley (Blackwell Publishing),resolved,unknown,0,,https://mp.weixin.qq.com/s/h_3PwOTE-7CNowwthUzEzg,pending_clarivate_verification
medicine,936,Journal of Pain,4.0,"临床神经病学-1区
神经科学-2区",2区,,,,[],,ambiguous,unknown,0,,https://mp.weixin.qq.com/s/h_3PwOTE-7CNowwthUzEzg,pending_clarivate_verification
medicine,937,Antiviral Research,4.0,"药学-1区
病毒学-1区",2区,,0166-3542,,"[""0166-3542""]",Elsevier,resolved,unknown,0,,https://mp.weixin.qq.com/s/h_3PwOTE-7CNowwthUzEzg,pending_clarivate_verification
medicine,938,Journal of Nursing Management,4.0,"护理-1区
管理学-2区",2区,,0966-0429,1365-2834,"[""0966-0429"",""1365-2834""]",Hindawi Limited,resolved,unknown,0,,https://mp.weixin.qq.com/s/h_3PwOTE-7CNowwthUzEzg,pending_clarivate_verification
medicine,939,Current Opinion in HIV and AIDS,4.0,"传染病学-1区
免疫学-2区",2区,,1746-630X,1746-6318,"[""1746-630X"",""1746-6318""]",Ovid Technologies (Wolters Kluwer) - Lippincott Williams & Wilkins,resolved,unknown,0,,https://mp.weixin.qq.com/s/h_3PwOTE-7CNowwthUzEzg,pending_clarivate_verification
medicine,940,Nurse Education in Practice,4.0,护理-1区,2区,,1471-5953,,"[""1471-5953""]",Elsevier,resolved,unknown,0,,https://mp.weixin.qq.com/s/h_3PwOTE-7CNowwthUzEzg,pending_clarivate_verification
medicine,941,Journal of Substance Abuse Treatment,4.0,"心理学：临床-1区
药物滥用-1区",2区,,0740-5472,,"[""0740-5472""]",Elsevier,resolved,unknown,0,,https://mp.weixin.qq.com/s/h_3PwOTE-7CNowwthUzEzg,pending_clarivate_verification
medicine,942,Virus Evolution,4.0,病毒学-1区,3区,,,2057-1577,"[""2057-1577""]",Oxford University Press,resolved,unknown,0,,https://mp.weixin.qq.com/s/h_3PwOTE-7CNowwthUzEzg,pending_clarivate_verification
medicine,943,Therapeutic Advances in Psychopharmacology,4.0,"药学-1区
精神病学-1区",3区,,2045-1253,2045-1261,"[""2045-1253"",""2045-1261""]",SAGE Publications,resolved,unknown,0,,https://mp.weixin.qq.com/s/h_3PwOTE-7CNowwthUzEzg,pending_clarivate_verification
medicine,944,Advances in Therapy,4.0,"药学-1区
医学：研究与实验-2区",3区,,0741-238X,1865-8652,"[""0741-238X"",""1865-8652""]",Springer-Verlag,resolved,unknown,0,,https://mp.weixin.qq.com/s/h_3PwOTE-7CNowwthUzEzg,pending_clarivate_verification
medicine,945,Health Technology Assessment,4.0,卫生保健与服务-1区,3区,,1366-5278,2046-4924,"[""1366-5278"",""2046-4924""]",National Institute for Health and Care Research,resolved,unknown,0,,https://mp.weixin.qq.com/s/h_3PwOTE-7CNowwthUzEzg,pending_clarivate_verification
medicine,946,Human Gene Therapy,4.0,"遗传学-1区
生物工程与应用微生物-2区
医学：研究与实验-2区",3区,,1043-0342,1557-7422,"[""1043-0342"",""1557-7422""]",SAGE Publications,resolved,unknown,0,,https://mp.weixin.qq.com/s/h_3PwOTE-7CNowwthUzEzg,pending_clarivate_verification
medicine,947,Journal of Dermatological Science,4.0,皮肤病学-1区,3区,,0923-1811,,"[""0923-1811""]",Elsevier,resolved,unknown,0,,https://mp.weixin.qq.com/s/h_3PwOTE-7CNowwthUzEzg,pending_clarivate_verification
medicine,948,Journal of Neural Transmission,4.0,"临床神经病学-1区
神经科学-2区",3区,,0300-9564,1435-1463,"[""0022-3026"",""0300-9564"",""0375-9245"",""1435-1463""]",Springer-Verlag,resolved,unknown,0,,https://mp.weixin.qq.com/s/h_3PwOTE-7CNowwthUzEzg,pending_clarivate_verification
medicine,949,Neuroepidemiology,4.0,"临床神经病学-1区
公共卫生、环境卫生与职业卫生-1区",3区,,0251-5350,1423-0208,"[""0251-5350"",""1423-0208""]",S. Karger AG,resolved,unknown,0,,https://mp.weixin.qq.com/s/h_3PwOTE-7CNowwthUzEzg,pending_clarivate_verification
medicine,950,Paediatric Respiratory Reviews,4.0,"儿科-1区
呼吸系统-1区",3区,,,1526-0550,"[""1526-0542"",""1526-0550""]",Elsevier,resolved,unknown,0,,https://mp.weixin.qq.com/s/h_3PwOTE-7CNowwthUzEzg,pending_clarivate_verification
medicine,951,Gut Pathogens,4.0,"胃肠肝病学-1区
微生物学-2区",3区,,1757-4749,1757-4749,"[""1757-4749""]",Springer (Biomed Central Ltd.),resolved,unknown,0,,https://mp.weixin.qq.com/s/h_3PwOTE-7CNowwthUzEzg,pending_clarivate_verification
medicine,952,Toxins,4.0,"毒理学-1区
食品科技-2区",3区,,2072-6651,2072-6651,"[""2072-6651""]",MDPI AG,resolved,unknown,0,,https://mp.weixin.qq.com/s/h_3PwOTE-7CNowwthUzEzg,pending_clarivate_verification
medicine,953,Journal of Evidence-Based Dental Practice,4.0,牙科与口腔外科-1区,3区,,,,[],,unresolved,unknown,0,,https://mp.weixin.qq.com/s/h_3PwOTE-7CNowwthUzEzg,pending_clarivate_verification
medicine,954,Journal of Infection and Public Health,4.0,"传染病学-1区
公共卫生、环境卫生与职业卫生-1区",3区,,1876-0341,,"[""1876-0341""]",Elsevier,resolved,unknown,0,,https://mp.weixin.qq.com/s/h_3PwOTE-7CNowwthUzEzg,pending_clarivate_verification
medicine,955,AAPS PharmSciTech,4.0,药学-1区,4区,,,1530-9932,"[""1530-9932""]",American Association of Pharmaceutical Scientists,resolved,unknown,0,,https://mp.weixin.qq.com/s/h_3PwOTE-7CNowwthUzEzg,pending_clarivate_verification
medicine,956,Revista Espanola de Enfermedades Digestivas,4.0,胃肠肝病学-1区,4区,,,,[],,unresolved,unknown,0,,https://mp.weixin.qq.com/s/h_3PwOTE-7CNowwthUzEzg,pending_clarivate_verification
medicine,957,BMC Nursing,3.9,护理-1区,2区,,1472-6955,1472-6955,"[""1472-6955""]",Springer (Biomed Central Ltd.),resolved,unknown,0,,https://mp.weixin.qq.com/s/h_3PwOTE-7CNowwthUzEzg,pending_clarivate_verification
medicine,958,Current Reviews in Musculoskeletal Medicine,3.9,骨科-1区,2区,,1935-973X,1935-9748,"[""1935-973X"",""1935-9748""]",Springer-Verlag,resolved,unknown,0,,https://mp.weixin.qq.com/s/h_3PwOTE-7CNowwthUzEzg,pending_clarivate_verification
medicine,959,Academic Radiology,3.9,核医学-1区,2区,,1076-6332,,"[""1076-6332""]",Elsevier,resolved,unknown,0,,https://mp.weixin.qq.com/s/h_3PwOTE-7CNowwthUzEzg,pending_clarivate_verification
medicine,960,European Journal of Neurology,3.9,"临床神经病学-1区
神经科学-2区",2区,,1351-5101,1468-1331,"[""1351-5101"",""1468-1331""]",Wiley (Blackwell Publishing),resolved,unknown,0,,https://mp.weixin.qq.com/s/h_3PwOTE-7CNowwthUzEzg,pending_clarivate_verification
medicine,961,Journal of the International Society of Sports Nutrition,3.9,"运动科学-1区
营养学-2区",2区,,1550-2783,1550-2783,"[""1550-2783""]",Informa UK (Taylor & Francis),resolved,unknown,0,,https://mp.weixin.qq.com/s/h_3PwOTE-7CNowwthUzEzg,pending_clarivate_verification
medicine,962,Liver Transplantation,3.9,"外科-1区
胃肠肝病学-2区
移植-2区",2区,,1527-6465,1527-6473,"[""1527-6465"",""1527-6473""]",Ovid Technologies (Wolters Kluwer) - Lippincott Williams & Wilkins,resolved,unknown,0,,https://mp.weixin.qq.com/s/h_3PwOTE-7CNowwthUzEzg,pending_clarivate_verification
medicine,963,Medicine & Science in Sports & Exercise,3.9,运动科学-1区,2区,,0195-9131,1530-0315,"[""0195-9131"",""1530-0315""]",Ovid Technologies (Wolters Kluwer) - American College of Sports Medicine,resolved,unknown,0,,https://mp.weixin.qq.com/s/h_3PwOTE-7CNowwthUzEzg,pending_clarivate_verification
medicine,964,Neurosurgery,3.9,"临床神经病学-1区
外科-1区",2区,,0148-396X,1524-4040,"[""0148-396X"",""1524-4040""]",Ovid Technologies (Wolters Kluwer) - Neurosurgery,resolved,unknown,0,,https://mp.weixin.qq.com/s/h_3PwOTE-7CNowwthUzEzg,pending_clarivate_verification
medicine,965,Oral Oncology,3.9,"牙科与口腔外科-1区
肿瘤学-2区",2区,,1368-8375,,"[""1368-8375""]",Elsevier,resolved,unknown,0,,https://mp.weixin.qq.com/s/h_3PwOTE-7CNowwthUzEzg,pending_clarivate_verification
medicine,966,Annals of Thoracic Surgery,3.9,"心脏和心血管系统-1区
呼吸系统-1区
外科-1区",2区,,,3064-7517,"[""3064-7517""]",Directive Publications,resolved,unknown,0,,https://mp.weixin.qq.com/s/h_3PwOTE-7CNowwthUzEzg,pending_clarivate_verification
medicine,967,Palliative Medicine,3.9,"卫生保健与服务-1区
医学：内科-1区
公共卫生、环境卫生与职业卫生-1区",2区,,,,[],,ambiguous,unknown,0,,https://mp.weixin.qq.com/s/h_3PwOTE-7CNowwthUzEzg,pending_clarivate_verification
medicine,968,Progress in Neuro-Psychopharmacology & Biological Psychiatry,3.9,"临床神经病学-1区
药学-1区
精神病学-1区
神经科学-2区",2区,,,,[],,unresolved,unknown,0,,https://mp.weixin.qq.com/s/h_3PwOTE-7CNowwthUzEzg,pending_clarivate_verification
medicine,969,Annals of Laboratory Medicine,3.9,医学实验技术-1区,2区,,2234-3806,2234-3814,"[""2234-3806"",""2234-3814""]",Korean Society for Laboratory Medicine,resolved,unknown,0,,https://mp.weixin.qq.com/s/h_3PwOTE-7CNowwthUzEzg,pending_clarivate_verification
medicine,970,Current Rheumatology Reports,3.9,风湿病学-1区,2区,,1523-3774,1534-6307,"[""1523-3774"",""1534-6307""]",Springer-Verlag,resolved,unknown,0,,https://mp.weixin.qq.com/s/h_3PwOTE-7CNowwthUzEzg,pending_clarivate_verification
medicine,971,Annals of Clinical and Translational Neurology,3.9,"临床神经病学-1区
神经科学-2区",2区,,2328-9503,2328-9503,"[""2328-9503""]",Wiley (John Wiley & Sons),resolved,unknown,0,,https://mp.weixin.qq.com/s/h_3PwOTE-7CNowwthUzEzg,pending_clarivate_verification
medicine,972,Biomedicines,3.9,"药学-1区
生化与分子生物学-2区
医学：研究与实验-2区",3区,,,2227-9059,"[""2227-9059""]",MDPI AG,resolved,unknown,0,,https://mp.weixin.qq.com/s/h_3PwOTE-7CNowwthUzEzg,pending_clarivate_verification
medicine,973,Systematic Reviews,3.9,医学：内科-1区,3区,,2046-4053,2046-4053,"[""2046-4053""]",Springer (Biomed Central Ltd.),resolved,unknown,0,,https://mp.weixin.qq.com/s/h_3PwOTE-7CNowwthUzEzg,pending_clarivate_verification
medicine,974,JMIR Public Health and Surveillance,3.9,公共卫生、环境卫生与职业卫生-1区,3区,,,2369-2960,"[""2369-2960""]",JMIR Publications Inc.,resolved,unknown,0,,https://mp.weixin.qq.com/s/h_3PwOTE-7CNowwthUzEzg,pending_clarivate_verification
medicine,975,Current Epidemiology Reports,3.9,公共卫生、环境卫生与职业卫生-1区,3区,,,2196-2995,"[""2196-2995""]",Springer-Verlag,resolved,unknown,0,,https://mp.weixin.qq.com/s/h_3PwOTE-7CNowwthUzEzg,pending_clarivate_verification
medicine,976,Dental and Medical Problems,3.9,"牙科与口腔外科-1区
医学：内科-1区",3区,,1644-387X,2300-9020,"[""1644-387X"",""2300-9020""]",Wroclaw Medical University,resolved,unknown,0,,https://mp.weixin.qq.com/s/h_3PwOTE-7CNowwthUzEzg,pending_clarivate_verification
medicine,977,Jor Spine,3.9,骨科-1区,3区,,2572-1143,2572-1143,"[""2572-1143""]",Wiley (John Wiley & Sons),resolved,unknown,0,,https://mp.weixin.qq.com/s/h_3PwOTE-7CNowwthUzEzg,pending_clarivate_verification
medicine,978,European Journal of Cardiovascular Nursing,3.9,"心脏和心血管系统-1区
护理-1区",3区,,1474-5151,1873-1953,"[""1474-5151"",""1873-1953""]",Oxford University Press,resolved,unknown,0,,https://mp.weixin.qq.com/s/h_3PwOTE-7CNowwthUzEzg,pending_clarivate_verification
medicine,979,Biomimetics,3.9,"工程：综合-1区
材料科学：生物材料-3区",3区,,,2313-7673,"[""2313-7673""]",MDPI AG,resolved,unknown,0,,https://mp.weixin.qq.com/s/h_3PwOTE-7CNowwthUzEzg,pending_clarivate_verification
medicine,980,European Journal of Public Health,3.9,公共卫生、环境卫生与职业卫生-1区,3区,,1101-1262,1464-360X,"[""1101-1262"",""1464-360X""]",Oxford University Press,resolved,unknown,0,,https://mp.weixin.qq.com/s/h_3PwOTE-7CNowwthUzEzg,pending_clarivate_verification
medicine,981,Journal of Sleep Research,3.9,"临床神经病学-1区
神经科学-2区",3区,,0962-1105,1365-2869,"[""0962-1105"",""1365-2869""]",Wiley (Blackwell Publishing),resolved,unknown,0,,https://mp.weixin.qq.com/s/h_3PwOTE-7CNowwthUzEzg,pending_clarivate_verification
medicine,982,Lung,3.9,呼吸系统-1区,3区,,0341-2040,1432-1750,"[""0341-2040"",""1432-1750""]",Springer-Verlag,resolved,unknown,0,,https://mp.weixin.qq.com/s/h_3PwOTE-7CNowwthUzEzg,pending_clarivate_verification
medicine,983,Neuroscientist,3.9,"临床神经病学-1区
神经科学-2区",3区,,,,[],,unresolved,unknown,0,,https://mp.weixin.qq.com/s/h_3PwOTE-7CNowwthUzEzg,pending_clarivate_verification
medicine,984,Neurotoxicology,3.9,"药学-1区
神经科学-2区
毒理学-2区",3区,,0161-813X,,"[""0161-813X""]",Elsevier,resolved,unknown,0,,https://mp.weixin.qq.com/s/h_3PwOTE-7CNowwthUzEzg,pending_clarivate_verification
medicine,985,Psychiatry Research,3.9,精神病学-1区,3区,,0165-1781,,"[""0165-1781""]",Elsevier,resolved,unknown,0,,https://mp.weixin.qq.com/s/h_3PwOTE-7CNowwthUzEzg,pending_clarivate_verification
medicine,986,Aesthetic Surgery Journal,3.9,外科-1区,3区,,1090-820X,1527-330X,"[""1090-820X"",""1527-330X""]",Oxford University Press,resolved,unknown,0,,https://mp.weixin.qq.com/s/h_3PwOTE-7CNowwthUzEzg,pending_clarivate_verification
medicine,987,Preventing Chronic Disease,3.9,公共卫生、环境卫生与职业卫生-1区,3区,,,1545-1151,"[""1545-1151""]",Centers for Disease Control and Prevention - Preventing Chronic Disease,resolved,unknown,0,,https://mp.weixin.qq.com/s/h_3PwOTE-7CNowwthUzEzg,pending_clarivate_verification
medicine,988,Yale Journal of Biology and Medicine,3.9,生物学-1区,4区,,,,[],,unresolved,unknown,0,,https://mp.weixin.qq.com/s/h_3PwOTE-7CNowwthUzEzg,pending_clarivate_verification
medicine,989,Clinical Medicine,3.9,医学：内科-1区,4区,,1470-2118,1473-4893,"[""1470-2118"",""1473-4893""]",Elsevier,resolved,unknown,0,,https://mp.weixin.qq.com/s/h_3PwOTE-7CNowwthUzEzg,pending_clarivate_verification
medicine,990,Hematological Oncology,3.9,"血液学-1区
肿瘤学-2区",4区,,0278-0232,1099-1069,"[""0278-0232"",""1099-1069""]",Wiley (John Wiley & Sons),resolved,unknown,0,,https://mp.weixin.qq.com/s/h_3PwOTE-7CNowwthUzEzg,pending_clarivate_verification
medicine,991,Journal of Cutaneous Medicine and Surgery,3.9,皮肤病学-1区,4区,,1203-4754,1615-7109,"[""1203-4754"",""1615-7109""]",SAGE Publications,resolved,unknown,0,,https://mp.weixin.qq.com/s/h_3PwOTE-7CNowwthUzEzg,pending_clarivate_verification
medicine,992,Journal of Dermatological Treatment,3.9,皮肤病学-1区,4区,,0954-6634,1471-1753,"[""0954-6634"",""1471-1753""]",Informa UK (Taylor & Francis),resolved,unknown,0,,https://mp.weixin.qq.com/s/h_3PwOTE-7CNowwthUzEzg,pending_clarivate_verification
medicine,993,Journal of Drug Targeting,3.9,药学-1区,4区,,1061-186X,1029-2330,"[""1029-2330"",""1061-186X""]",Informa UK (Taylor & Francis),resolved,unknown,0,,https://mp.weixin.qq.com/s/h_3PwOTE-7CNowwthUzEzg,pending_clarivate_verification
medicine,994,International Journal of Mental Health Systems,3.8,精神病学-1区,2区,,1752-4458,1752-4458,"[""1752-4458""]",Springer (Biomed Central Ltd.),resolved,unknown,0,,https://mp.weixin.qq.com/s/h_3PwOTE-7CNowwthUzEzg,pending_clarivate_verification
medicine,995,British Journal of Haematology,3.8,血液学-1区,2区,,0007-1048,1365-2141,"[""0007-1048"",""1365-2141""]",Wiley (Blackwell Publishing),resolved,unknown,0,,https://mp.weixin.qq.com/s/h_3PwOTE-7CNowwthUzEzg,pending_clarivate_verification
medicine,996,Journal of Healthcare Leadership,3.8,卫生政策与服务-1区,2区,,,1179-3201,"[""1179-3201""]",Dove Medical Press,resolved,unknown,0,,https://mp.weixin.qq.com/s/h_3PwOTE-7CNowwthUzEzg,pending_clarivate_verification
medicine,997,Drug Safety,3.8,"公共卫生、环境卫生与职业卫生-1区
药学-2区
毒理学-2区",2区,,0114-5916,1179-1942,"[""0114-5916"",""1179-1942""]",Springer-Verlag,resolved,unknown,0,,https://mp.weixin.qq.com/s/h_3PwOTE-7CNowwthUzEzg,pending_clarivate_verification
medicine,998,Epidemiologic Reviews,3.8,公共卫生、环境卫生与职业卫生-1区,2区,,0193-936X,1478-6729,"[""0193-936X"",""1478-6729""]",Oxford University Press,resolved,unknown,0,,https://mp.weixin.qq.com/s/h_3PwOTE-7CNowwthUzEzg,pending_clarivate_verification
medicine,999,Function,3.8,"生理学-1区
细胞生物学-2区",2区,,,2633-8823,"[""2633-8823""]",American Physiological Society,resolved,unknown,0,,https://mp.weixin.qq.com/s/h_3PwOTE-7CNowwthUzEzg,pending_clarivate_verification
medicine,1000,AIDS Patient Care and Stds,3.8,"传染病学-1区
公共卫生、环境卫生与职业卫生-1区",2区,,1087-2914,1557-7449,"[""1087-2914"",""1557-7449""]",SAGE Publications,resolved,unknown,0,,https://mp.weixin.qq.com/s/h_3PwOTE-7CNowwthUzEzg,pending_clarivate_verification
medicine,1001,Journal Der Deutschen Dermatologischen Gesellschaft,3.8,皮肤病学-1区,2区,,,,[],,unresolved,unknown,0,,https://mp.weixin.qq.com/s/h_3PwOTE-7CNowwthUzEzg,pending_clarivate_verification
medicine,1002,Journal of Arthroplasty,3.8,骨科-1区,2区,,,,[],,unresolved,unknown,0,,https://mp.weixin.qq.com/s/h_3PwOTE-7CNowwthUzEzg,pending_clarivate_verification
medicine,1003,American Journal of Geriatric Psychiatry,3.8,"老年医学-1区
精神病学-1区
老年医学-2区",2区,,1064-7481,,"[""1064-7481""]",Elsevier,resolved,unknown,0,,https://mp.weixin.qq.com/s/h_3PwOTE-7CNowwthUzEzg,pending_clarivate_verification
medicine,1004,Journal of Neurotrauma,3.8,"临床神经病学-1区
危重病医学-1区
神经科学-2区",2区,,0897-7151,1557-9042,"[""0897-7151"",""1557-9042""]",SAGE Publications,resolved,unknown,0,,https://mp.weixin.qq.com/s/h_3PwOTE-7CNowwthUzEzg,pending_clarivate_verification
medicine,1005,Journal of Periodontology,3.8,牙科与口腔外科-1区,2区,,0022-3492,1943-3670,"[""0022-3492"",""1943-3670""]",Wiley (John Wiley & Sons),resolved,unknown,0,,https://mp.weixin.qq.com/s/h_3PwOTE-7CNowwthUzEzg,pending_clarivate_verification
medicine,1006,Anesthesia and Analgesia,3.8,麻醉学-1区,2区,,,,[],,unresolved,unknown,0,,https://mp.weixin.qq.com/s/h_3PwOTE-7CNowwthUzEzg,pending_clarivate_verification
medicine,1007,Journals of Gerontology Series A-Biological Sciences and Medical Sciences,3.8,"老年医学-1区
老年医学-2区",2区,,,,[],,unresolved,unknown,0,,https://mp.weixin.qq.com/s/h_3PwOTE-7CNowwthUzEzg,pending_clarivate_verification
medicine,1008,Appetite,3.8,"行为科学-1区
营养学-2区",2区,,0195-6663,1095-8304,"[""0195-6663"",""1095-8304""]",Elsevier,resolved,unknown,0,,https://mp.weixin.qq.com/s/h_3PwOTE-7CNowwthUzEzg,pending_clarivate_verification
medicine,1009,Scandinavian Journal of Medicine & Science in Sports,3.8,运动科学-1区,2区,,,,[],,unresolved,unknown,0,,https://mp.weixin.qq.com/s/h_3PwOTE-7CNowwthUzEzg,pending_clarivate_verification
medicine,1010,Surgery for Obesity and Related Diseases,3.8,外科-1区,2区,,1550-7289,,"[""1550-7289""]",Elsevier,resolved,unknown,0,,https://mp.weixin.qq.com/s/h_3PwOTE-7CNowwthUzEzg,pending_clarivate_verification
medicine,1011,Worldviews on Evidence-Based Nursing,3.8,护理-1区,2区,,1545-102X,1741-6787,"[""1545-102X"",""1741-6787""]",Wiley (Blackwell Publishing),resolved,unknown,0,,https://mp.weixin.qq.com/s/h_3PwOTE-7CNowwthUzEzg,pending_clarivate_verification
medicine,1012,BMC Geriatrics,3.8,"老年医学-1区
老年医学-2区",2区,,1471-2318,1471-2318,"[""1471-2318""]",Springer (Biomed Central Ltd.),resolved,unknown,0,,https://mp.weixin.qq.com/s/h_3PwOTE-7CNowwthUzEzg,pending_clarivate_verification
medicine,1013,ACS Infectious Diseases,3.8,"传染病学-1区
药物化学-2区",2区,,2373-8227,2373-8227,"[""2373-8227""]",American Chemical Society,resolved,unknown,0,,https://mp.weixin.qq.com/s/h_3PwOTE-7CNowwthUzEzg,pending_clarivate_verification
medicine,1014,Geohealth,3.8,"公共卫生、环境卫生与职业卫生-1区
环境科学-2区",3区,,2471-1403,2471-1403,"[""2471-1403""]",American Geophysical Union,resolved,unknown,0,,https://mp.weixin.qq.com/s/h_3PwOTE-7CNowwthUzEzg,pending_clarivate_verification
medicine,1015,Kidney Research and Clinical Practice,3.8,泌尿学与肾脏学-1区,3区,,,,[],,ambiguous,unknown,0,,https://mp.weixin.qq.com/s/h_3PwOTE-7CNowwthUzEzg,pending_clarivate_verification
medicine,1016,Footwear Science,3.8,人体工程学-1区,3区,,1942-4280,1942-4299,"[""1942-4280"",""1942-4299""]",Informa UK (Taylor & Francis),resolved,unknown,0,,https://mp.weixin.qq.com/s/h_3PwOTE-7CNowwthUzEzg,pending_clarivate_verification
medicine,1017,Canadian Journal of Psychiatry-Revue Canadienne de Psychiatrie,3.8,精神病学-1区,3区,,,,[],,unresolved,unknown,0,,https://mp.weixin.qq.com/s/h_3PwOTE-7CNowwthUzEzg,pending_clarivate_verification
medicine,1018,Expert Review of Anti-Infective Therapy,3.8,"传染病学-1区
微生物学-2区
药学-2区",3区,,1478-7210,1744-8336,"[""1478-7210"",""1744-8336""]","Informa Healthcare (Expert Reviews, LTD)",resolved,unknown,0,,https://mp.weixin.qq.com/s/h_3PwOTE-7CNowwthUzEzg,pending_clarivate_verification
medicine,1019,Frontiers in Digital Health,3.8,"卫生保健与服务-1区
医学：信息-2区",3区,,,2673-253X,"[""2673-253X""]",Frontiers Media SA,resolved,unknown,0,,https://mp.weixin.qq.com/s/h_3PwOTE-7CNowwthUzEzg,pending_clarivate_verification
medicine,1020,Internal and Emergency Medicine,3.8,医学：内科-1区,3区,,1828-0447,1970-9366,"[""1828-0447"",""1970-9366""]",Springer-Verlag,resolved,unknown,0,,https://mp.weixin.qq.com/s/h_3PwOTE-7CNowwthUzEzg,pending_clarivate_verification
medicine,1021,Respiration,3.8,呼吸系统-1区,3区,,0025-7931,1423-0356,"[""0025-7931"",""1423-0356""]",S. Karger AG,resolved,unknown,0,,https://mp.weixin.qq.com/s/h_3PwOTE-7CNowwthUzEzg,pending_clarivate_verification
medicine,1022,World Journal of Biological Psychiatry,3.8,精神病学-1区,3区,,,,[],,unresolved,unknown,0,,https://mp.weixin.qq.com/s/h_3PwOTE-7CNowwthUzEzg,pending_clarivate_verification
medicine,1023,Asian Journal of Surgery,3.8,外科-1区,3区,,1015-9584,,"[""1015-9584""]",Elsevier,resolved,unknown,0,,https://mp.weixin.qq.com/s/h_3PwOTE-7CNowwthUzEzg,pending_clarivate_verification
medicine,1024,Open Forum Infectious Diseases,3.8,"传染病学-1区
免疫学-2区
微生物学-2区",4区,,,2328-8957,"[""2328-8957""]",Oxford University Press,resolved,unknown,0,,https://mp.weixin.qq.com/s/h_3PwOTE-7CNowwthUzEzg,pending_clarivate_verification
medicine,1025,JBJS Open Access,3.8,"骨科-1区
外科-1区",4区,,2472-7245,2472-7245,"[""2472-7245""]",Journal of Bone and Joint Surgery,resolved,unknown,0,,https://mp.weixin.qq.com/s/h_3PwOTE-7CNowwthUzEzg,pending_clarivate_verification
medicine,1026,Exercise Immunology Review,3.8,"运动科学-1区
免疫学-2区",4区,,,,[],,unresolved,unknown,0,,https://mp.weixin.qq.com/s/h_3PwOTE-7CNowwthUzEzg,pending_clarivate_verification
medicine,1027,Genetic Epidemiology,3.8,"数学与计算生物学-1区
遗传学-2区",4区,,0741-0395,1098-2272,"[""0741-0395"",""1098-2272""]",Wiley (John Wiley & Sons),resolved,unknown,0,,https://mp.weixin.qq.com/s/h_3PwOTE-7CNowwthUzEzg,pending_clarivate_verification
medicine,1028,Environmental Epidemiology,3.8,"公共卫生、环境卫生与职业卫生-1区
环境科学-2区",4区,,2474-7882,2474-7882,"[""2474-7882""]",Ovid Technologies (Wolters Kluwer) - Lippincott Williams & Wilkins,resolved,unknown,0,,https://mp.weixin.qq.com/s/h_3PwOTE-7CNowwthUzEzg,pending_clarivate_verification
medicine,1029,Current Treatment Options in Infectious Diseases,3.8,传染病学-1区,4区,,,1534-6250,"[""1534-6250""]",Springer-Verlag,resolved,unknown,0,,https://mp.weixin.qq.com/s/h_3PwOTE-7CNowwthUzEzg,pending_clarivate_verification
medicine,1030,Balkan Medical Journal,3.8,医学：内科-1区,4区,,2146-3123,2146-3131,"[""2146-3123"",""2146-3131""]",Galenos Yayinevi,resolved,unknown,0,,https://mp.weixin.qq.com/s/h_3PwOTE-7CNowwthUzEzg,pending_clarivate_verification
medicine,1031,Journal of Pathology Clinical Research,3.7,病理学-1区,2区,,,,[],,unresolved,unknown,0,,https://mp.weixin.qq.com/s/h_3PwOTE-7CNowwthUzEzg,pending_clarivate_verification
medicine,1032,Journal of Orthopaedics and Traumatology,3.7,骨科-1区,2区,,1590-9921,1590-9999,"[""1590-9921"",""1590-9999""]",Springer-Verlag,resolved,unknown,0,,https://mp.weixin.qq.com/s/h_3PwOTE-7CNowwthUzEzg,pending_clarivate_verification
medicine,1033,Clinical Chemistry and Laboratory Medicine,3.7,医学实验技术-1区,2区,,,,[],,unresolved,unknown,0,,https://mp.weixin.qq.com/s/h_3PwOTE-7CNowwthUzEzg,pending_clarivate_verification
medicine,1034,Clinical Research in Cardiology,3.7,心脏和心血管系统-1区,2区,,1861-0684,1861-0692,"[""1861-0684"",""1861-0692""]",Springer-Verlag,resolved,unknown,0,,https://mp.weixin.qq.com/s/h_3PwOTE-7CNowwthUzEzg,pending_clarivate_verification
medicine,1035,Diseases of the Colon & Rectum,3.7,"外科-1区
胃肠肝病学-2区",2区,,0012-3706,1530-0358,"[""0012-3706"",""1530-0358""]",Ovid Technologies (Wolters Kluwer) - Lippincott Williams & Wilkins,resolved,unknown,0,,https://mp.weixin.qq.com/s/h_3PwOTE-7CNowwthUzEzg,pending_clarivate_verification
medicine,1036,European Archives of Psychiatry and Clinical Neuroscience,3.7,"临床神经病学-1区
精神病学-1区",2区,,0940-1334,1433-8491,"[""0940-1334"",""1433-8491""]",Springer-Verlag,resolved,unknown,0,,https://mp.weixin.qq.com/s/h_3PwOTE-7CNowwthUzEzg,pending_clarivate_verification
medicine,1037,General Hospital Psychiatry,3.7,精神病学-1区,2区,,0163-8343,,"[""0163-8343""]",Elsevier,resolved,unknown,0,,https://mp.weixin.qq.com/s/h_3PwOTE-7CNowwthUzEzg,pending_clarivate_verification
medicine,1038,International Dental Journal,3.7,牙科与口腔外科-1区,2区,,0020-6539,1875-595X,"[""0020-6539"",""1875-595X""]",Elsevier,resolved,unknown,0,,https://mp.weixin.qq.com/s/h_3PwOTE-7CNowwthUzEzg,pending_clarivate_verification
medicine,1039,International Journal of Neuropsychopharmacology,3.7,"临床神经病学-1区
精神病学-1区
神经科学-2区
药学-2区",2区,,,,[],,unresolved,unknown,0,,https://mp.weixin.qq.com/s/h_3PwOTE-7CNowwthUzEzg,pending_clarivate_verification
medicine,1040,International Nursing Review,3.7,护理-1区,2区,,0020-8132,1466-7657,"[""0020-8132"",""1466-7657""]",Wiley (Blackwell Publishing),resolved,unknown,0,,https://mp.weixin.qq.com/s/h_3PwOTE-7CNowwthUzEzg,pending_clarivate_verification
medicine,1041,Biological Psychiatry: Global Open Science,3.7,"精神病学-1区
神经科学-2区",2区,,,,[],,unresolved,unknown,0,,https://mp.weixin.qq.com/s/h_3PwOTE-7CNowwthUzEzg,pending_clarivate_verification
medicine,1042,Performance Enhancement & Health,3.7,"酒店、休闲、体育与旅游-1区
心理学：应用-1区
运动科学-1区
药物滥用-1区",2区,,2211-2669,,"[""2211-2669""]",Elsevier,resolved,unknown,0,,https://mp.weixin.qq.com/s/h_3PwOTE-7CNowwthUzEzg,pending_clarivate_verification
medicine,1043,American Journal of Neuroradiology,3.7,"临床神经病学-1区
神经成像-1区
核医学-1区",2区,,0195-6108,1936-959X,"[""0195-6108"",""1936-959X""]",American Society of Neuroradiology,resolved,unknown,0,,https://mp.weixin.qq.com/s/h_3PwOTE-7CNowwthUzEzg,pending_clarivate_verification
medicine,1044,Journal of Epidemiology and Community Health,3.7,公共卫生、环境卫生与职业卫生-1区,2区,,,,[],,unresolved,unknown,0,,https://mp.weixin.qq.com/s/h_3PwOTE-7CNowwthUzEzg,pending_clarivate_verification
medicine,1045,Journal of Gynecologic Oncology,3.7,"妇产科学-1区
肿瘤学-2区",2区,,2005-0380,2005-0399,"[""2005-0380"",""2005-0399""]",Asian Society of Gynecologic Oncology; Korean Society of Gynecologic Oncology and Colposcopy,resolved,unknown,0,,https://mp.weixin.qq.com/s/h_3PwOTE-7CNowwthUzEzg,pending_clarivate_verification
medicine,1046,Journal of Trauma and Acute Care Surgery,3.7,"危重病医学-1区
外科-1区",2区,,,,[],,ambiguous,unknown,0,,https://mp.weixin.qq.com/s/h_3PwOTE-7CNowwthUzEzg,pending_clarivate_verification
medicine,1047,Neurorehabilitation and Neural Repair,3.7,"临床神经病学-1区
康复医学-1区",2区,,0888-4390,1552-6844,"[""0888-4390"",""1545-9683"",""1552-6844""]",SAGE Publications,resolved,unknown,0,,https://mp.weixin.qq.com/s/h_3PwOTE-7CNowwthUzEzg,pending_clarivate_verification
medicine,1048,Nursing Outlook,3.7,护理-1区,2区,,0029-6554,,"[""0029-6554""]",Elsevier,resolved,unknown,0,,https://mp.weixin.qq.com/s/h_3PwOTE-7CNowwthUzEzg,pending_clarivate_verification
medicine,1049,Archives of Physical Medicine and Rehabilitation,3.7,"康复医学-1区
运动科学-1区",2区,,0003-9993,,"[""0003-9993""]",Elsevier,resolved,unknown,0,,https://mp.weixin.qq.com/s/h_3PwOTE-7CNowwthUzEzg,pending_clarivate_verification
medicine,1050,Journal of Ethnobiology and Ethnomedicine,3.7,"生物多样性保护-1区
植物科学-1区
药学-2区",2区,,1746-4269,1746-4269,"[""1746-4269""]",Springer (Biomed Central Ltd.),resolved,unknown,0,,https://mp.weixin.qq.com/s/h_3PwOTE-7CNowwthUzEzg,pending_clarivate_verification
medicine,1051,ESC Heart Failure,3.7,心脏和心血管系统-1区,3区,,2055-5822,2055-5822,"[""2055-5822""]",Oxford University Press,resolved,unknown,0,,https://mp.weixin.qq.com/s/h_3PwOTE-7CNowwthUzEzg,pending_clarivate_verification
medicine,1052,Neurology-Genetics,3.7,"临床神经病学-1区
遗传学-2区",3区,,,,[],,unresolved,unknown,0,,https://mp.weixin.qq.com/s/h_3PwOTE-7CNowwthUzEzg,pending_clarivate_verification
medicine,1053,Canadian Association of Radiologists Journal-Journal de L Association Canadienne Des Radiologistes,3.7,核医学-1区,3区,,,,[],,unresolved,unknown,0,,https://mp.weixin.qq.com/s/h_3PwOTE-7CNowwthUzEzg,pending_clarivate_verification
medicine,1054,Circulation Journal,3.7,心脏和心血管系统-1区,3区,,1346-9843,1347-4820,"[""1346-9843"",""1347-4820""]",The Japanese Circulation Society,resolved,unknown,0,,https://mp.weixin.qq.com/s/h_3PwOTE-7CNowwthUzEzg,pending_clarivate_verification
medicine,1055,Nutrition Metabolism and Cardiovascular Diseases,3.7,"心脏和心血管系统-1区
内分泌学与代谢-2区
营养学-2区",3区,,0939-4753,,"[""0939-4753""]",Elsevier,resolved,unknown,0,,https://mp.weixin.qq.com/s/h_3PwOTE-7CNowwthUzEzg,pending_clarivate_verification
medicine,1056,Contact Lens & Anterior Eye,3.7,眼科学-1区,3区,,,,[],,unresolved,unknown,0,,https://mp.weixin.qq.com/s/h_3PwOTE-7CNowwthUzEzg,pending_clarivate_verification
medicine,1057,Current Problems in Pediatric and Adolescent Health Care,3.7,儿科-1区,3区,,1538-5442,,"[""1538-5442""]",Elsevier,resolved,unknown,0,,https://mp.weixin.qq.com/s/h_3PwOTE-7CNowwthUzEzg,pending_clarivate_verification
medicine,1058,Acta Dermato-Venereologica,3.7,皮肤病学-1区,3区,,0001-5555,1651-2057,"[""0001-5555"",""1651-2057""]","MJS Publishing, Medical Journals Sweden AB",resolved,unknown,0,,https://mp.weixin.qq.com/s/h_3PwOTE-7CNowwthUzEzg,pending_clarivate_verification
medicine,1059,Australian and New Zealand Journal of Psychiatry,3.7,精神病学-1区,3区,,,,[],,unresolved,unknown,0,,https://mp.weixin.qq.com/s/h_3PwOTE-7CNowwthUzEzg,pending_clarivate_verification
medicine,1060,Cardiovascular Toxicology,3.7,"心脏和心血管系统-1区
毒理学-2区",4区,,1530-7905,1530-7905,"[""1530-7905"",""1559-0259""]",Springer-Verlag,resolved,unknown,0,,https://mp.weixin.qq.com/s/h_3PwOTE-7CNowwthUzEzg,pending_clarivate_verification
medicine,1061,Journal of Healthcare Informatics Research,3.7,"卫生保健与服务-1区
计算机：信息系统-2区
医学：信息-2区",4区,,2509-4971,2509-498X,"[""2509-4971"",""2509-498X""]",Springer-Verlag,resolved,unknown,0,,https://mp.weixin.qq.com/s/h_3PwOTE-7CNowwthUzEzg,pending_clarivate_verification
medicine,1062,Experimental and Molecular Pathology,3.7,病理学-1区,4区,,0014-4800,1096-0945,"[""0014-4800"",""1096-0945""]",Elsevier,resolved,unknown,0,,https://mp.weixin.qq.com/s/h_3PwOTE-7CNowwthUzEzg,pending_clarivate_verification
medicine,1063,Peritoneal Dialysis International,3.7,泌尿学与肾脏学-1区,4区,,0896-8608,1718-4304,"[""0896-8608"",""1718-4304""]",SAGE Publications,resolved,unknown,0,,https://mp.weixin.qq.com/s/h_3PwOTE-7CNowwthUzEzg,pending_clarivate_verification
medicine,1064,Health Policy and Technology,3.7,卫生政策与服务-1区,4区,,2211-8837,,"[""2211-8837""]",Elsevier,resolved,unknown,0,,https://mp.weixin.qq.com/s/h_3PwOTE-7CNowwthUzEzg,pending_clarivate_verification
medicine,1065,Neurospine,3.6,"临床神经病学-1区
外科-1区",1区,,2586-6583,2586-6591,"[""2586-6583"",""2586-6591""]",The Korean Spinal Neurosurgery Society (KAMJE),resolved,unknown,0,,https://mp.weixin.qq.com/s/h_3PwOTE-7CNowwthUzEzg,pending_clarivate_verification
medicine,1066,Journal of Health and Social Behavior,3.6,"社会学-1区
心理学：社会-1区
公共卫生、环境卫生与职业卫生-1区
社会科学：生物医学-1区",1区,,0022-1465,2150-6000,"[""0022-1465"",""2150-6000""]",SAGE Publications,resolved,unknown,0,,https://mp.weixin.qq.com/s/h_3PwOTE-7CNowwthUzEzg,pending_clarivate_verification
medicine,1067,BMC Psychiatry,3.6,精神病学-1区,2区,,1471-244X,1471-244X,"[""1471-244X""]",Springer (Biomed Central Ltd.),resolved,unknown,0,,https://mp.weixin.qq.com/s/h_3PwOTE-7CNowwthUzEzg,pending_clarivate_verification
medicine,1068,BMC Public Health,3.6,公共卫生、环境卫生与职业卫生-1区,2区,,1471-2458,1471-2458,"[""1471-2458""]",Springer (Biomed Central Ltd.),resolved,unknown,0,,https://mp.weixin.qq.com/s/h_3PwOTE-7CNowwthUzEzg,pending_clarivate_verification
medicine,1069,Addictive Behaviors,3.6,"心理学：临床-1区
药物滥用-1区",2区,,0306-4603,,"[""0306-4603""]",Elsevier,resolved,unknown,0,,https://mp.weixin.qq.com/s/h_3PwOTE-7CNowwthUzEzg,pending_clarivate_verification
medicine,1070,Drug and Alcohol Dependence,3.6,"精神病学-1区
药物滥用-1区",2区,,0376-8716,1879-0046,"[""0376-8716"",""1879-0046""]",Elsevier,resolved,unknown,0,,https://mp.weixin.qq.com/s/h_3PwOTE-7CNowwthUzEzg,pending_clarivate_verification
medicine,1071,European Radiology Experimental,3.6,核医学-1区,2区,,,2509-9280,"[""2509-9280""]",Springer (Biomed Central Ltd.),resolved,unknown,0,,https://mp.weixin.qq.com/s/h_3PwOTE-7CNowwthUzEzg,pending_clarivate_verification
medicine,1072,American Journal of Pathology,3.6,病理学-1区,2区,,0002-9440,1525-2191,"[""0002-9440"",""1525-2191""]",Elsevier,resolved,unknown,0,,https://mp.weixin.qq.com/s/h_3PwOTE-7CNowwthUzEzg,pending_clarivate_verification
medicine,1073,Journal of Endodontics,3.6,牙科与口腔外科-1区,2区,,0099-2399,,"[""0099-2399""]",Elsevier,resolved,unknown,0,,https://mp.weixin.qq.com/s/h_3PwOTE-7CNowwthUzEzg,pending_clarivate_verification
medicine,1074,Journal of Neurosurgery,3.6,"临床神经病学-1区
外科-1区",2区,,0022-3085,1933-0693,"[""0022-3085"",""1933-0693""]",Journal of Neurosurgery Publishing Group,resolved,unknown,0,,https://mp.weixin.qq.com/s/h_3PwOTE-7CNowwthUzEzg,pending_clarivate_verification
medicine,1075,Journal of Vascular Surgery,3.6,"外周血管病-1区
外科-1区",2区,,0741-5214,,"[""0741-5214""]",Elsevier,resolved,unknown,0,,https://mp.weixin.qq.com/s/h_3PwOTE-7CNowwthUzEzg,pending_clarivate_verification
medicine,1076,Maturitas,3.6,"妇产科学-1区
老年医学-2区",2区,,0378-5122,,"[""0378-5122""]",Elsevier,resolved,unknown,0,,https://mp.weixin.qq.com/s/h_3PwOTE-7CNowwthUzEzg,pending_clarivate_verification
medicine,1077,Neurocritical Care,3.6,"临床神经病学-1区
危重病医学-1区",2区,,1541-6933,1556-0961,"[""1541-6933"",""1556-0961""]",Springer-Verlag,resolved,unknown,0,,https://mp.weixin.qq.com/s/h_3PwOTE-7CNowwthUzEzg,pending_clarivate_verification
medicine,1078,Psychoneuroendocrinology,3.6,"精神病学-1区
内分泌学与代谢-2区
神经科学-2区",2区,,0306-4530,,"[""0306-4530""]",Elsevier,resolved,unknown,0,,https://mp.weixin.qq.com/s/h_3PwOTE-7CNowwthUzEzg,pending_clarivate_verification
medicine,1079,Archives of Disease in Childhood-Fetal and Neonatal Edition,3.6,儿科-1区,2区,,,,[],,unresolved,unknown,0,,https://mp.weixin.qq.com/s/h_3PwOTE-7CNowwthUzEzg,pending_clarivate_verification
medicine,1080,Neuroimage-Clinical,3.6,神经成像-1区,2区,,,,[],,unresolved,unknown,0,,https://mp.weixin.qq.com/s/h_3PwOTE-7CNowwthUzEzg,pending_clarivate_verification
medicine,1081,Clinical Neurophysiology,3.6,"临床神经病学-1区
神经科学-2区",3区,,1388-2457,,"[""1388-2457""]",Elsevier,resolved,unknown,0,,https://mp.weixin.qq.com/s/h_3PwOTE-7CNowwthUzEzg,pending_clarivate_verification
medicine,1082,European Journal of Clinical Investigation,3.6,"医学：内科-1区
医学：研究与实验-2区",3区,,0014-2972,1365-2362,"[""0014-2972"",""1365-2362""]",Wiley (Blackwell Publishing),resolved,unknown,0,,https://mp.weixin.qq.com/s/h_3PwOTE-7CNowwthUzEzg,pending_clarivate_verification
medicine,1083,Clinical and Experimental Pediatrics,3.6,儿科-1区,3区,,,2713-4148,"[""2713-4148""]",Korean Pediatric Society,resolved,unknown,0,,https://mp.weixin.qq.com/s/h_3PwOTE-7CNowwthUzEzg,pending_clarivate_verification
medicine,1084,Expert Review of Molecular Diagnostics,3.6,病理学-1区,3区,,1473-7159,1744-8352,"[""1473-7159"",""1744-8352""]",Informa UK (Taylor & Francis),resolved,unknown,0,,https://mp.weixin.qq.com/s/h_3PwOTE-7CNowwthUzEzg,pending_clarivate_verification
medicine,1085,One Health Outlook,3.6,"公共卫生、环境卫生与职业卫生-1区
传染病学-2区
微生物学-2区",3区,,,2524-4655,"[""2524-4655""]",Springer (Biomed Central Ltd.),resolved,unknown,0,,https://mp.weixin.qq.com/s/h_3PwOTE-7CNowwthUzEzg,pending_clarivate_verification
medicine,1086,Anais Brasileiros de Dermatologia,3.6,皮肤病学-1区,3区,,,1806-4841,"[""0365-0596"",""1806-4841""]",Elsevier,resolved,unknown,0,,https://mp.weixin.qq.com/s/h_3PwOTE-7CNowwthUzEzg,pending_clarivate_verification
medicine,1087,Journal of Prosthodontics-Implant Esthetic and Reconstructive Dentistry,3.6,牙科与口腔外科-1区,3区,,,,[],,unresolved,unknown,0,,https://mp.weixin.qq.com/s/h_3PwOTE-7CNowwthUzEzg,pending_clarivate_verification
medicine,1088,Journal of Evidence-Based Integrative Medicine,3.6,全科医学与补充医学-1区,4区,,2515-690X,2515-690X,"[""2515-690X""]",SAGE Publications,resolved,unknown,0,,https://mp.weixin.qq.com/s/h_3PwOTE-7CNowwthUzEzg,pending_clarivate_verification
medicine,1089,Clinical Hypertension,3.6,外周血管病-1区,4区,,,2056-5909,"[""2056-5909""]",The Korean Society of Hypertension (XMLink),resolved,unknown,0,,https://mp.weixin.qq.com/s/h_3PwOTE-7CNowwthUzEzg,pending_clarivate_verification
medicine,1090,Journal of Mammary Gland Biology and Neoplasia,3.6,"生理学-1区
内分泌学与代谢-2区
肿瘤学-2区",4区,,1083-3021,1573-7039,"[""1083-3021"",""1573-7039""]",Springer-Verlag,resolved,unknown,0,,https://mp.weixin.qq.com/s/h_3PwOTE-7CNowwthUzEzg,pending_clarivate_verification
medicine,1091,Obstetrical & Gynecological Survey,3.6,妇产科学-1区,4区,,0029-7828,1533-9866,"[""0029-7828"",""1533-9866""]",Ovid Technologies (Wolters Kluwer) - Lippincott Williams & Wilkins,resolved,unknown,0,,https://mp.weixin.qq.com/s/h_3PwOTE-7CNowwthUzEzg,pending_clarivate_verification
medicine,1092,Science and Medicine in Football,3.5,运动科学-1区,2区,,2473-3938,2473-4446,"[""2473-3938"",""2473-4446""]",Informa UK (Taylor & Francis),resolved,unknown,0,,https://mp.weixin.qq.com/s/h_3PwOTE-7CNowwthUzEzg,pending_clarivate_verification
medicine,1093,European Journal of Ageing,3.5,老年医学-1区,2区,,1613-9372,1613-9380,"[""1613-9372"",""1613-9380""]",Springer-Verlag,resolved,unknown,0,,https://mp.weixin.qq.com/s/h_3PwOTE-7CNowwthUzEzg,pending_clarivate_verification
medicine,1094,Perspectives on Sexual and Reproductive Health,3.5,"人口学-1区
家庭研究-1区",2区,,1538-6341,1931-2393,"[""1538-6341"",""1931-2393""]",Wiley (Blackwell Publishing),resolved,unknown,0,,https://mp.weixin.qq.com/s/h_3PwOTE-7CNowwthUzEzg,pending_clarivate_verification
medicine,1095,IEEE Transactions on Radiation and Plasma Medical Sciences,3.5,核医学-1区,2区,,2469-7311,2469-7303,"[""2469-7303"",""2469-7311""]",Institute of Electrical and Electronics Engineers,resolved,unknown,0,,https://mp.weixin.qq.com/s/h_3PwOTE-7CNowwthUzEzg,pending_clarivate_verification
medicine,1096,British Journal of Ophthalmology,3.5,眼科学-1区,2区,,0007-1161,1468-2079,"[""0007-1161"",""1468-2079""]",BMJ,resolved,unknown,0,,https://mp.weixin.qq.com/s/h_3PwOTE-7CNowwthUzEzg,pending_clarivate_verification
medicine,1097,Journal of Evidence Based Medicine,3.5,医学：内科-1区,2区,,,,[],,unresolved,unknown,0,,https://mp.weixin.qq.com/s/h_3PwOTE-7CNowwthUzEzg,pending_clarivate_verification
medicine,1098,Journal of Magnetic Resonance Imaging,3.5,核医学-1区,2区,,1053-1807,1522-2586,"[""1053-1807"",""1522-2586""]",Wiley (John Wiley & Sons),resolved,unknown,0,,https://mp.weixin.qq.com/s/h_3PwOTE-7CNowwthUzEzg,pending_clarivate_verification
medicine,1099,Journal of Pain and Symptom Management,3.5,"卫生保健与服务-1区
医学：内科-1区
临床神经病学-2区",2区,,0885-3924,,"[""0885-3924""]",Elsevier,resolved,unknown,0,,https://mp.weixin.qq.com/s/h_3PwOTE-7CNowwthUzEzg,pending_clarivate_verification
medicine,1100,Journal of Pediatrics,3.5,儿科-1区,2区,,,,[],,unresolved,unknown,0,,https://mp.weixin.qq.com/s/h_3PwOTE-7CNowwthUzEzg,pending_clarivate_verification
medicine,1101,Annals of Surgical Oncology,3.5,"外科-1区
肿瘤学-2区",2区,,1068-9265,1534-4681,"[""1068-9265"",""1534-4681""]",Springer - Society of Surgical Oncology,resolved,unknown,0,,https://mp.weixin.qq.com/s/h_3PwOTE-7CNowwthUzEzg,pending_clarivate_verification
medicine,1102,Parasites & Vectors,3.5,"寄生虫学-1区
热带医学-1区",2区,,1756-3305,1756-3305,"[""1756-3305""]",Springer (Biomed Central Ltd.),resolved,unknown,0,,https://mp.weixin.qq.com/s/h_3PwOTE-7CNowwthUzEzg,pending_clarivate_verification
medicine,1103,Psycho-Oncology,3.5,"心理学-1区
心理学：综合-1区
社会科学：生物医学-1区
肿瘤学-2区",2区,,1057-9249,1099-1611,"[""1057-9249"",""1099-1611""]",Wiley (John Wiley & Sons),resolved,unknown,0,,https://mp.weixin.qq.com/s/h_3PwOTE-7CNowwthUzEzg,pending_clarivate_verification
medicine,1104,Regional Anesthesia and Pain Medicine,3.5,麻醉学-1区,2区,,,,[],,unresolved,unknown,0,,https://mp.weixin.qq.com/s/h_3PwOTE-7CNowwthUzEzg,pending_clarivate_verification
medicine,1105,Reproductive Biomedicine Online,3.5,"妇产科学-1区
生殖生物学-1区",2区,,1472-6483,,"[""1472-6483""]",Elsevier,resolved,unknown,0,,https://mp.weixin.qq.com/s/h_3PwOTE-7CNowwthUzEzg,pending_clarivate_verification
medicine,1106,Schizophrenia Research,3.5,精神病学-1区,2区,,0920-9964,1573-2509,"[""0920-9964"",""1573-2509""]",Elsevier,resolved,unknown,0,,https://mp.weixin.qq.com/s/h_3PwOTE-7CNowwthUzEzg,pending_clarivate_verification
medicine,1107,Social Psychiatry and Psychiatric Epidemiology,3.5,精神病学-1区,2区,,0933-7954,1433-9285,"[""0933-7954"",""1433-9285""]",Springer-Verlag,resolved,unknown,0,,https://mp.weixin.qq.com/s/h_3PwOTE-7CNowwthUzEzg,pending_clarivate_verification
medicine,1108,Spine,3.5,"骨科-1区
临床神经病学-2区",2区,,0362-2436,1528-1159,"[""0362-2436"",""1528-1159""]",Ovid Technologies (Wolters Kluwer) - Lippincott Williams & Wilkins,resolved,unknown,0,,https://mp.weixin.qq.com/s/h_3PwOTE-7CNowwthUzEzg,pending_clarivate_verification
medicine,1109,Cancer Imaging,3.5,"核医学-1区
肿瘤学-2区",2区,,1470-7330,1470-7330,"[""1470-7330""]",Springer (Biomed Central Ltd.),resolved,unknown,0,,https://mp.weixin.qq.com/s/h_3PwOTE-7CNowwthUzEzg,pending_clarivate_verification
medicine,1110,Lgbt Health,3.5,公共卫生、环境卫生与职业卫生-1区,2区,,2325-8292,2325-8306,"[""2325-8292"",""2325-8306""]",SAGE Publications,resolved,unknown,0,,https://mp.weixin.qq.com/s/h_3PwOTE-7CNowwthUzEzg,pending_clarivate_verification
medicine,1111,Translational Lung Cancer Research,3.5,"呼吸系统-1区
肿瘤学-2区",3区,,2218-6751,2226-4477,"[""2218-6751"",""2226-4477""]",AME Publishing Company,resolved,unknown,0,,https://mp.weixin.qq.com/s/h_3PwOTE-7CNowwthUzEzg,pending_clarivate_verification
medicine,1112,International Journal of Bipolar Disorders,3.5,精神病学-1区,3区,,2194-7511,2194-7511,"[""2194-7511""]",Springer (Biomed Central Ltd.),resolved,unknown,0,,https://mp.weixin.qq.com/s/h_3PwOTE-7CNowwthUzEzg,pending_clarivate_verification
medicine,1113,Practical Radiation Oncology,3.5,"核医学-1区
肿瘤学-2区",3区,,1879-8500,,"[""1879-8500""]",Elsevier,resolved,unknown,0,,https://mp.weixin.qq.com/s/h_3PwOTE-7CNowwthUzEzg,pending_clarivate_verification
medicine,1114,BJPsych Open,3.5,精神病学-1区,3区,,,2056-4724,"[""2056-4724""]",Royal College of Psychiatrists,resolved,unknown,0,,https://mp.weixin.qq.com/s/h_3PwOTE-7CNowwthUzEzg,pending_clarivate_verification
medicine,1115,Tropical Medicine and Health,3.5,热带医学-1区,3区,,1348-8945,1349-4147,"[""1348-8945"",""1349-4147""]",Springer (Biomed Central Ltd.),resolved,unknown,0,,https://mp.weixin.qq.com/s/h_3PwOTE-7CNowwthUzEzg,pending_clarivate_verification
medicine,1116,Complementary Therapies in Medicine,3.5,全科医学与补充医学-1区,3区,,0965-2299,,"[""0965-2299""]",Elsevier,resolved,unknown,0,,https://mp.weixin.qq.com/s/h_3PwOTE-7CNowwthUzEzg,pending_clarivate_verification
medicine,1117,American Family Physician,3.5,"医学：内科-1区
初级卫生保健-1区",3区,,0002-838X,,"[""0002-838X""]",Elsevier,resolved,unknown,0,,https://mp.weixin.qq.com/s/h_3PwOTE-7CNowwthUzEzg,pending_clarivate_verification
medicine,1118,Brain Behavior & Immunity-Health,3.5,"精神病学-1区
免疫学-2区
神经科学-2区",3区,,,,[],,unresolved,unknown,0,,https://mp.weixin.qq.com/s/h_3PwOTE-7CNowwthUzEzg,pending_clarivate_verification
medicine,1119,Journal of Clinical Nursing,3.5,护理-1区,3区,,0962-1067,1365-2702,"[""0962-1067"",""1365-2702""]",Wiley (Blackwell Publishing),resolved,unknown,0,,https://mp.weixin.qq.com/s/h_3PwOTE-7CNowwthUzEzg,pending_clarivate_verification
medicine,1120,Journal of Exercise Science & Fitness,3.5,运动科学-1区,3区,,1728-869X,,"[""1728-869X""]",Elsevier,resolved,unknown,0,,https://mp.weixin.qq.com/s/h_3PwOTE-7CNowwthUzEzg,pending_clarivate_verification
medicine,1121,American Journal of Physiology-Lung Cellular and Molecular Physiology,3.5,"生理学-1区
呼吸系统-1区",3区,,,,[],,unresolved,unknown,0,,https://mp.weixin.qq.com/s/h_3PwOTE-7CNowwthUzEzg,pending_clarivate_verification
medicine,1122,Journal of the American Dental Association,3.5,牙科与口腔外科-1区,3区,,,,[],,unresolved,unknown,0,,https://mp.weixin.qq.com/s/h_3PwOTE-7CNowwthUzEzg,pending_clarivate_verification
medicine,1123,Molecular Human Reproduction,3.5,"发育生物学-1区
妇产科学-1区
生殖生物学-1区",3区,,1360-9947,1460-2407,"[""1360-9947"",""1460-2407""]",Oxford University Press,resolved,unknown,0,,https://mp.weixin.qq.com/s/h_3PwOTE-7CNowwthUzEzg,pending_clarivate_verification
medicine,1124,Regulatory Toxicology and Pharmacology,3.5,"医学：法-1区
药学-2区
毒理学-2区",3区,,0273-2300,1096-0295,"[""0273-2300"",""1096-0295""]",Elsevier,resolved,unknown,0,,https://mp.weixin.qq.com/s/h_3PwOTE-7CNowwthUzEzg,pending_clarivate_verification
medicine,1125,Seminars in Diagnostic Pathology,3.5,"医学实验技术-1区
病理学-1区",3区,,0740-2570,,"[""0740-2570""]",Elsevier - WB Saunders,resolved,unknown,0,,https://mp.weixin.qq.com/s/h_3PwOTE-7CNowwthUzEzg,pending_clarivate_verification
medicine,1126,Seminars in Nephrology,3.5,泌尿学与肾脏学-1区,3区,,0270-9295,1558-4488,"[""0270-9295"",""1558-4488""]",Elsevier,resolved,unknown,0,,https://mp.weixin.qq.com/s/h_3PwOTE-7CNowwthUzEzg,pending_clarivate_verification
medicine,1127,Eating Disorders,3.5,"精神病学-1区
心理学-1区
心理学：临床-1区",3区,,1064-0266,1532-530X,"[""1064-0266"",""1532-530X""]",Informa UK (Taylor & Francis),resolved,unknown,0,,https://mp.weixin.qq.com/s/h_3PwOTE-7CNowwthUzEzg,pending_clarivate_verification
medicine,1128,Therapeutic Advances in Urology,3.5,泌尿学与肾脏学-1区,4区,,1756-2872,1756-2880,"[""1756-2872"",""1756-2880""]",SAGE Publications,resolved,unknown,0,,https://mp.weixin.qq.com/s/h_3PwOTE-7CNowwthUzEzg,pending_clarivate_verification
medicine,1129,JTO Clinical and Research Reports,3.5,"呼吸系统-1区
肿瘤学-2区",4区,,2666-3643,,"[""2666-3643""]",Elsevier,resolved,unknown,0,,https://mp.weixin.qq.com/s/h_3PwOTE-7CNowwthUzEzg,pending_clarivate_verification
medicine,1130,Alpha Psychiatry,3.5,精神病学-1区,4区,,,2757-8038,"[""2757-8038""]",IMR Press,resolved,unknown,0,,https://mp.weixin.qq.com/s/h_3PwOTE-7CNowwthUzEzg,pending_clarivate_verification
medicine,1131,Journal of Investigative Surgery,3.5,外科-1区,4区,,0894-1939,1521-0553,"[""0894-1939"",""1521-0553""]",Informa UK (Taylor & Francis),resolved,unknown,0,,https://mp.weixin.qq.com/s/h_3PwOTE-7CNowwthUzEzg,pending_clarivate_verification
medicine,1132,Conflict and Health,3.4,公共卫生、环境卫生与职业卫生-1区,2区,,1752-1505,1752-1505,"[""1752-1505""]",Springer (Biomed Central Ltd.),resolved,unknown,0,,https://mp.weixin.qq.com/s/h_3PwOTE-7CNowwthUzEzg,pending_clarivate_verification
medicine,1133,Sexual Medicine Reviews,3.4,泌尿学与肾脏学-1区,2区,,2050-0513,2050-0521,"[""2050-0513"",""2050-0521""]",Oxford University Press,resolved,unknown,0,,https://mp.weixin.qq.com/s/h_3PwOTE-7CNowwthUzEzg,pending_clarivate_verification
medicine,1134,BMC Medical Research Methodology,3.4,卫生保健与服务-1区,2区,,1471-2288,1471-2288,"[""1471-2288""]",Springer (Biomed Central Ltd.),resolved,unknown,0,,https://mp.weixin.qq.com/s/h_3PwOTE-7CNowwthUzEzg,pending_clarivate_verification
medicine,1135,Cancer Epidemiology Biomarkers & Prevention,3.4,"公共卫生、环境卫生与职业卫生-1区
肿瘤学-2区",2区,,1055-9965,1538-7755,"[""1055-9965"",""1538-7755""]",American Association for Cancer Research,resolved,unknown,0,,https://mp.weixin.qq.com/s/h_3PwOTE-7CNowwthUzEzg,pending_clarivate_verification
medicine,1136,European Journal of Pain,3.4,"麻醉学-1区
临床神经病学-2区
神经科学-2区",2区,,1090-3801,1532-2149,"[""1090-3801"",""1532-2149""]",Wiley (John Wiley & Sons),resolved,unknown,0,,https://mp.weixin.qq.com/s/h_3PwOTE-7CNowwthUzEzg,pending_clarivate_verification
medicine,1137,Health and Quality of Life Outcomes,3.4,"卫生保健与服务-1区
卫生政策与服务-1区",2区,,1477-7525,1477-7525,"[""1477-7525""]",Springer (Biomed Central Ltd.),resolved,unknown,0,,https://mp.weixin.qq.com/s/h_3PwOTE-7CNowwthUzEzg,pending_clarivate_verification
medicine,1138,Health Policy,3.4,"卫生保健与服务-1区
卫生政策与服务-1区",2区,,0168-8510,,"[""0168-8510""]",Elsevier,resolved,unknown,0,,https://mp.weixin.qq.com/s/h_3PwOTE-7CNowwthUzEzg,pending_clarivate_verification
medicine,1139,Autism & Developmental Language Impairments,3.4,"特殊教育学-1区
语言学-1区
心理学：发育-1区",2区,,2396-9415,2396-9415,"[""2396-9415""]",SAGE Publications,resolved,unknown,0,,https://mp.weixin.qq.com/s/h_3PwOTE-7CNowwthUzEzg,pending_clarivate_verification
medicine,1140,Journal of Advanced Nursing,3.4,护理-1区,2区,,0309-2402,1365-2648,"[""0309-2402"",""1365-2648""]",Wiley (Blackwell Publishing),resolved,unknown,0,,https://mp.weixin.qq.com/s/h_3PwOTE-7CNowwthUzEzg,pending_clarivate_verification
medicine,1141,American Journal of Physiology-Renal Physiology,3.4,"生理学-1区
泌尿学与肾脏学-1区",2区,,,,[],,unresolved,unknown,0,,https://mp.weixin.qq.com/s/h_3PwOTE-7CNowwthUzEzg,pending_clarivate_verification
medicine,1142,Journal of Science and Medicine in Sport,3.4,运动科学-1区,2区,,1440-2440,,"[""1440-2440""]",Elsevier,resolved,unknown,0,,https://mp.weixin.qq.com/s/h_3PwOTE-7CNowwthUzEzg,pending_clarivate_verification
medicine,1143,Journal of the American College of Surgeons,3.4,外科-1区,2区,,1072-7515,1879-1190,"[""1072-7515"",""1879-1190""]",Ovid Technologies (Wolters Kluwer) - Lippincott Williams & Wilkins,resolved,unknown,0,,https://mp.weixin.qq.com/s/h_3PwOTE-7CNowwthUzEzg,pending_clarivate_verification
medicine,1144,Neuropathology and Applied Neurobiology,3.4,"病理学-1区
临床神经病学-2区
神经科学-2区",2区,,0305-1846,1365-2990,"[""0305-1846"",""1365-2990""]",Wiley (Blackwell Publishing),resolved,unknown,0,,https://mp.weixin.qq.com/s/h_3PwOTE-7CNowwthUzEzg,pending_clarivate_verification
medicine,1145,Plastic and Reconstructive Surgery,3.4,外科-1区,2区,,,,[],,unresolved,unknown,0,,https://mp.weixin.qq.com/s/h_3PwOTE-7CNowwthUzEzg,pending_clarivate_verification
medicine,1146,PLoS Neglected Tropical Diseases,3.4,"寄生虫学-1区
热带医学-1区",2区,,,1935-2735,"[""1935-2735""]",Public Library of Science,resolved,unknown,0,,https://mp.weixin.qq.com/s/h_3PwOTE-7CNowwthUzEzg,pending_clarivate_verification
medicine,1147,Ticks and Tick-Borne Diseases,3.4,"寄生虫学-1区
传染病学-2区
微生物学-2区",2区,,1877-959X,,"[""1877-959X""]",Elsevier,resolved,unknown,0,,https://mp.weixin.qq.com/s/h_3PwOTE-7CNowwthUzEzg,pending_clarivate_verification
medicine,1148,Reproductive Health,3.4,公共卫生、环境卫生与职业卫生-1区,2区,,1742-4755,1742-4755,"[""1742-4755""]",Springer (Biomed Central Ltd.),resolved,unknown,0,,https://mp.weixin.qq.com/s/h_3PwOTE-7CNowwthUzEzg,pending_clarivate_verification
medicine,1149,International Journal for Parasitology-Drugs and Drug Resistance,3.4,"寄生虫学-1区
药学-2区",2区,,,,[],,unresolved,unknown,0,,https://mp.weixin.qq.com/s/h_3PwOTE-7CNowwthUzEzg,pending_clarivate_verification
medicine,1150,Frontiers in Public Health,3.4,公共卫生、环境卫生与职业卫生-1区,3区,,,2296-2565,"[""2296-2565""]",Frontiers Media SA,resolved,unknown,0,,https://mp.weixin.qq.com/s/h_3PwOTE-7CNowwthUzEzg,pending_clarivate_verification
medicine,1151,BMC Complementary Medicine and Therapies,3.4,全科医学与补充医学-1区,3区,,,2662-7671,"[""2662-7671""]",Springer (Biomed Central Ltd.),resolved,unknown,0,,https://mp.weixin.qq.com/s/h_3PwOTE-7CNowwthUzEzg,pending_clarivate_verification
medicine,1152,Drug Healthcare and Patient Safety,3.4,卫生保健与服务-1区,3区,,,1179-1365,"[""1179-1365""]",Dove Medical Press,resolved,unknown,0,,https://mp.weixin.qq.com/s/h_3PwOTE-7CNowwthUzEzg,pending_clarivate_verification
medicine,1153,Clinical and Experimental Otorhinolaryngology,3.4,耳鼻喉科学-1区,3区,,1976-8710,2005-0720,"[""1976-8710"",""2005-0720""]",Korean Society of Otorhinolaryngology-Head and Neck Surgery,resolved,unknown,0,,https://mp.weixin.qq.com/s/h_3PwOTE-7CNowwthUzEzg,pending_clarivate_verification
medicine,1154,Dermatologic Therapy,3.4,皮肤病学-1区,3区,,1396-0296,1529-8019,"[""1396-0296"",""1529-8019""]",Hindawi Limited,resolved,unknown,0,,https://mp.weixin.qq.com/s/h_3PwOTE-7CNowwthUzEzg,pending_clarivate_verification
medicine,1155,Kidney Medicine,3.4,泌尿学与肾脏学-1区,3区,,2590-0595,,"[""2590-0595""]",Elsevier,resolved,unknown,0,,https://mp.weixin.qq.com/s/h_3PwOTE-7CNowwthUzEzg,pending_clarivate_verification
medicine,1156,European Journal of Physical and Rehabilitation Medicine,3.4,康复医学-1区,3区,,1973-9087,1973-9095,"[""1973-9087"",""1973-9095""]",Edizioni Minerva Medica,resolved,unknown,0,,https://mp.weixin.qq.com/s/h_3PwOTE-7CNowwthUzEzg,pending_clarivate_verification
medicine,1157,Jamia Open,3.4,"卫生保健与服务-1区
医学：信息-2区",3区,,,2574-2531,"[""2574-2531""]",Oxford University Press,resolved,unknown,0,,https://mp.weixin.qq.com/s/h_3PwOTE-7CNowwthUzEzg,pending_clarivate_verification
medicine,1158,Journal of Molecular Diagnostics,3.4,病理学-1区,3区,,1525-1578,1525-1578,"[""1525-1578""]",Elsevier,resolved,unknown,0,,https://mp.weixin.qq.com/s/h_3PwOTE-7CNowwthUzEzg,pending_clarivate_verification
medicine,1159,Journal of Periodontal Research,3.4,牙科与口腔外科-1区,3区,,0022-3484,1600-0765,"[""0022-3484"",""1600-0765""]",Wiley (Blackwell Publishing),resolved,unknown,0,,https://mp.weixin.qq.com/s/h_3PwOTE-7CNowwthUzEzg,pending_clarivate_verification
medicine,1160,Physics in Medicine and Biology,3.4,"核医学-1区
工程：生物医学-2区",3区,,0031-9155,1361-6560,"[""0031-9155"",""1361-6560""]",IOP Publishing,resolved,unknown,0,,https://mp.weixin.qq.com/s/h_3PwOTE-7CNowwthUzEzg,pending_clarivate_verification
medicine,1161,Presse Medicale,3.4,医学：内科-1区,3区,,,,[],,unresolved,unknown,0,,https://mp.weixin.qq.com/s/h_3PwOTE-7CNowwthUzEzg,pending_clarivate_verification
medicine,1162,Wound Repair and Regeneration,3.4,"皮肤病学-1区
外科-1区
医学：研究与实验-2区
细胞生物学-3区",3区,,1067-1927,1524-475X,"[""1067-1927"",""1524-475X""]",Wiley (Blackwell Publishing),resolved,unknown,0,,https://mp.weixin.qq.com/s/h_3PwOTE-7CNowwthUzEzg,pending_clarivate_verification
medicine,1163,Andrology,3.4,男科学-1区,3区,,2047-2919,2047-2927,"[""2047-2919"",""2047-2927""]",Wiley (Blackwell Publishing),resolved,unknown,0,,https://mp.weixin.qq.com/s/h_3PwOTE-7CNowwthUzEzg,pending_clarivate_verification
medicine,1164,Frontiers in Physiology,3.4,生理学-1区,3区,,,1664-042X,"[""1664-042X""]",Frontiers Media SA,resolved,unknown,0,,https://mp.weixin.qq.com/s/h_3PwOTE-7CNowwthUzEzg,pending_clarivate_verification
medicine,1165,Journal of Prosthodontic Research,3.4,牙科与口腔外科-1区,3区,,1883-1958,1883-9207,"[""1883-1958"",""1883-9207""]",Japan Prosthodontic Society,resolved,unknown,0,,https://mp.weixin.qq.com/s/h_3PwOTE-7CNowwthUzEzg,pending_clarivate_verification
medicine,1166,British Journal of Radiology,3.4,核医学-1区,4区,,0007-1285,1748-880X,"[""0007-1285"",""1748-880X""]",Oxford University Press,resolved,unknown,0,,https://mp.weixin.qq.com/s/h_3PwOTE-7CNowwthUzEzg,pending_clarivate_verification
medicine,1167,Public Health Research & Practice,3.4,公共卫生、环境卫生与职业卫生-1区,4区,,,2204-2091,"[""2204-2091""]",CSIRO Publishing,resolved,unknown,0,,https://mp.weixin.qq.com/s/h_3PwOTE-7CNowwthUzEzg,pending_clarivate_verification
medicine,1168,Indian Journal of Dermatology Venereology & Leprology,3.4,皮肤病学-1区,4区,,,,[],,unresolved,unknown,0,,https://mp.weixin.qq.com/s/h_3PwOTE-7CNowwthUzEzg,pending_clarivate_verification
medicine,1169,ACS Chemical Health & Safety,3.4,公共卫生、环境卫生与职业卫生-1区,4区,,1871-5532,1878-0504,"[""1074-9098"",""1871-5532"",""1878-0504""]",American Chemical Society,resolved,unknown,0,,https://mp.weixin.qq.com/s/h_3PwOTE-7CNowwthUzEzg,pending_clarivate_verification
medicine,1170,Molecular and Cellular Pediatrics,3.4,儿科-1区,4区,,2194-7791,2194-7791,"[""2194-7791""]",Springer (Biomed Central Ltd.),resolved,unknown,0,,https://mp.weixin.qq.com/s/h_3PwOTE-7CNowwthUzEzg,pending_clarivate_verification
medicine,1171,Pathology International,3.4,病理学-1区,4区,,1320-5463,1440-1827,"[""1320-5463"",""1440-1827""]",Wiley (Blackwell Publishing),resolved,unknown,0,,https://mp.weixin.qq.com/s/h_3PwOTE-7CNowwthUzEzg,pending_clarivate_verification
medicine,1172,Health Economics Policy and Law,3.3,卫生政策与服务-1区,2区,,1744-1331,1744-134X,"[""1744-1331"",""1744-134X""]",Cambridge University Press,resolved,unknown,0,,https://mp.weixin.qq.com/s/h_3PwOTE-7CNowwthUzEzg,pending_clarivate_verification
medicine,1173,Depression and Anxiety,3.3,"心理学-1区
心理学：临床-1区
精神病学-2区",2区,,1091-4269,1520-6394,"[""1091-4269"",""1520-6394""]",Hindawi Limited,resolved,unknown,0,,https://mp.weixin.qq.com/s/h_3PwOTE-7CNowwthUzEzg,pending_clarivate_verification
medicine,1174,European Journal of Radiology,3.3,核医学-1区,2区,,0720-048X,,"[""0720-048X""]",Elsevier,resolved,unknown,0,,https://mp.weixin.qq.com/s/h_3PwOTE-7CNowwthUzEzg,pending_clarivate_verification
medicine,1175,Human Brain Mapping,3.3,"核医学-1区
神经成像-2区
神经科学-2区",2区,,1065-9471,1097-0193,"[""1065-9471"",""1097-0193""]",Wiley (John Wiley & Sons),resolved,unknown,0,,https://mp.weixin.qq.com/s/h_3PwOTE-7CNowwthUzEzg,pending_clarivate_verification
medicine,1176,International Journal of Mental Health Nursing,3.3,"护理-1区
精神病学-2区",2区,,1445-8330,1447-0349,"[""1440-0979"",""1445-8330"",""1447-0349""]",Wiley (Blackwell Publishing),resolved,unknown,0,,https://mp.weixin.qq.com/s/h_3PwOTE-7CNowwthUzEzg,pending_clarivate_verification
medicine,1177,Physics & Imaging in Radiation Oncology,3.3,"核医学-1区
肿瘤学-2区",2区,,,,[],,unresolved,unknown,0,,https://mp.weixin.qq.com/s/h_3PwOTE-7CNowwthUzEzg,pending_clarivate_verification
medicine,1178,Journal of Applied Physiology,3.3,"运动科学-1区
生理学-2区",2区,,8750-7587,1522-1601,"[""1522-1601"",""8750-7587""]",American Physiological Society,resolved,unknown,0,,https://mp.weixin.qq.com/s/h_3PwOTE-7CNowwthUzEzg,pending_clarivate_verification
medicine,1179,Journal of Minimally Invasive Gynecology,3.3,妇产科学-1区,2区,,1553-4650,,"[""1553-4650""]",Elsevier,resolved,unknown,0,,https://mp.weixin.qq.com/s/h_3PwOTE-7CNowwthUzEzg,pending_clarivate_verification
medicine,1180,Journal of Sexual Medicine,3.3,泌尿学与肾脏学-1区,2区,,,,[],,unresolved,unknown,0,,https://mp.weixin.qq.com/s/h_3PwOTE-7CNowwthUzEzg,pending_clarivate_verification
medicine,1181,Journal of Vestibular Research-Equilibrium & Orientation,3.3,"耳鼻喉科学-1区
神经科学-2区",2区,,,,[],,unresolved,unknown,0,,https://mp.weixin.qq.com/s/h_3PwOTE-7CNowwthUzEzg,pending_clarivate_verification
medicine,1182,Disability and Health Journal,3.3,"卫生保健与服务-1区
卫生政策与服务-1区
公共卫生、环境卫生与职业卫生-1区
康复医学-1区",2区,,1936-6574,,"[""1936-6574""]",Elsevier,resolved,unknown,0,,https://mp.weixin.qq.com/s/h_3PwOTE-7CNowwthUzEzg,pending_clarivate_verification
medicine,1183,Applied Health Economics and Health Policy,3.3,"经济学-1区
卫生保健与服务-1区
卫生政策与服务-1区",3区,,1175-5652,1179-1896,"[""1175-5652"",""1179-1896""]",Springer-Verlag,resolved,unknown,0,,https://mp.weixin.qq.com/s/h_3PwOTE-7CNowwthUzEzg,pending_clarivate_verification
medicine,1184,Diagnostics,3.3,医学：内科-1区,3区,,,2075-4418,"[""2075-4418""]",MDPI AG,resolved,unknown,0,,https://mp.weixin.qq.com/s/h_3PwOTE-7CNowwthUzEzg,pending_clarivate_verification
medicine,1185,Reproductive Medicine and Biology,3.3,"妇产科学-1区
生殖生物学-2区",3区,,1445-5781,1447-0578,"[""1445-5781"",""1447-0578""]",Wiley (John Wiley & Sons),resolved,unknown,0,,https://mp.weixin.qq.com/s/h_3PwOTE-7CNowwthUzEzg,pending_clarivate_verification
medicine,1186,Digital Health,3.3,"卫生保健与服务-1区
卫生政策与服务-1区
公共卫生、环境卫生与职业卫生-1区
医学：信息-3区",3区,,2055-2076,2055-2076,"[""2055-2076""]",SAGE Publications,resolved,unknown,0,,https://mp.weixin.qq.com/s/h_3PwOTE-7CNowwthUzEzg,pending_clarivate_verification
medicine,1187,Canadian Journal of Anesthesia-Journal Canadien D Anesthesie,3.3,麻醉学-1区,3区,,,,[],,unresolved,unknown,0,,https://mp.weixin.qq.com/s/h_3PwOTE-7CNowwthUzEzg,pending_clarivate_verification
medicine,1188,Annals of Pediatric Endocrinology & Metabolism,3.3,"儿科-1区
内分泌学与代谢-2区",3区,,2287-1012,2287-1292,"[""2287-1012"",""2287-1292""]",Korean Society of Pediatric Endocrinology,resolved,unknown,0,,https://mp.weixin.qq.com/s/h_3PwOTE-7CNowwthUzEzg,pending_clarivate_verification
medicine,1189,Disease Models & Mechanisms,3.3,"病理学-1区
医学：研究与实验-2区
细胞生物学-3区",3区,,1754-8403,1754-8411,"[""1754-8403"",""1754-8411""]",The Company of Biologists,resolved,unknown,0,,https://mp.weixin.qq.com/s/h_3PwOTE-7CNowwthUzEzg,pending_clarivate_verification
medicine,1190,EJNMMI Radiopharmacy and Chemistry,3.3,"无机化学与核化学-1区
核医学-1区
药物化学-3区",3区,,,2365-421X,"[""2365-421X""]",Springer (Biomed Central Ltd.),resolved,unknown,0,,https://mp.weixin.qq.com/s/h_3PwOTE-7CNowwthUzEzg,pending_clarivate_verification
medicine,1191,Journal of Isakos Joint Disorders & Orthopaedic Sports Medicine,3.3,"骨科-1区
运动科学-1区",3区,,2059-7754,2059-7762,"[""2059-7754"",""2059-7762""]",Elsevier,resolved,unknown,0,,https://mp.weixin.qq.com/s/h_3PwOTE-7CNowwthUzEzg,pending_clarivate_verification
medicine,1192,Journal of Head Trauma Rehabilitation,3.3,"康复医学-1区
临床神经病学-2区",3区,,0885-9701,1550-509X,"[""0885-9701"",""1550-509X""]",Ovid Technologies (Wolters Kluwer) - Lippincott Williams & Wilkins,resolved,unknown,0,,https://mp.weixin.qq.com/s/h_3PwOTE-7CNowwthUzEzg,pending_clarivate_verification
medicine,1193,Journal of Neuroradiology,3.3,"核医学-1区
临床神经病学-2区
神经成像-2区",3区,,0150-9861,,"[""0150-9861""]",Elsevier,resolved,unknown,0,,https://mp.weixin.qq.com/s/h_3PwOTE-7CNowwthUzEzg,pending_clarivate_verification
medicine,1194,Physical Therapy,3.3,"骨科-1区
康复医学-1区",3区,,0031-9023,1538-6724,"[""0031-9023"",""1538-6724""]",Oxford University Press,resolved,unknown,0,,https://mp.weixin.qq.com/s/h_3PwOTE-7CNowwthUzEzg,pending_clarivate_verification
medicine,1195,Risk Analysis,3.3,"数学跨学科应用-1区
公共卫生、环境卫生与职业卫生-1区
社会科学：数理方法-1区",3区,,0272-4332,1539-6924,"[""0272-4332"",""1539-6924""]",Wiley (Blackwell Publishing),resolved,unknown,0,,https://mp.weixin.qq.com/s/h_3PwOTE-7CNowwthUzEzg,pending_clarivate_verification
medicine,1196,Health Reports,3.3,公共卫生、环境卫生与职业卫生-1区,3区,,,,[],,unresolved,unknown,0,,https://mp.weixin.qq.com/s/h_3PwOTE-7CNowwthUzEzg,pending_clarivate_verification
medicine,1197,Pediatric Drugs,3.3,"儿科-1区
药学-2区",3区,,1174-5878,1179-2019,"[""1174-5878"",""1179-2019""]",Springer-Verlag,resolved,unknown,0,,https://mp.weixin.qq.com/s/h_3PwOTE-7CNowwthUzEzg,pending_clarivate_verification
medicine,1198,Adolescent Health Medicine and Therapeutics,3.3,儿科-1区,4区,,,1179-318X,"[""1179-318X""]",Dove Medical Press,resolved,unknown,0,,https://mp.weixin.qq.com/s/h_3PwOTE-7CNowwthUzEzg,pending_clarivate_verification
medicine,1199,Archives of Medical Science,3.3,医学：内科-1区,4区,,1734-1922,1896-9151,"[""1734-1922"",""1896-9151""]",Termedia Sp. z.o.o.,resolved,unknown,0,,https://mp.weixin.qq.com/s/h_3PwOTE-7CNowwthUzEzg,pending_clarivate_verification
medicine,1200,EJNMMI Physics,3.2,核医学-1区,2区,,2197-7364,2197-7364,"[""2197-7364""]",Springer (Biomed Central Ltd.),resolved,unknown,0,,https://mp.weixin.qq.com/s/h_3PwOTE-7CNowwthUzEzg,pending_clarivate_verification
medicine,1201,Addiction Science & Clinical Practice,3.2,药物滥用-1区,2区,,1940-0632,1940-0640,"[""1940-0632"",""1940-0640""]",Springer (Biomed Central Ltd.),resolved,unknown,0,,https://mp.weixin.qq.com/s/h_3PwOTE-7CNowwthUzEzg,pending_clarivate_verification
medicine,1202,Archives of Public Health,3.2,公共卫生、环境卫生与职业卫生-1区,2区,,,,[],,ambiguous,unknown,0,,https://mp.weixin.qq.com/s/h_3PwOTE-7CNowwthUzEzg,pending_clarivate_verification
medicine,1203,Qualitative Research in Sport Exercise and Health,3.2,"运动科学-1区
酒店、休闲、体育与旅游-2区
心理学：应用-2区",2区,,2159-676X,2159-6778,"[""2159-676X"",""2159-6778""]",Informa UK (Taylor & Francis),resolved,unknown,0,,https://mp.weixin.qq.com/s/h_3PwOTE-7CNowwthUzEzg,pending_clarivate_verification
medicine,1204,Gerontologist,3.2,老年医学-1区,2区,,,,[],,unresolved,unknown,0,,https://mp.weixin.qq.com/s/h_3PwOTE-7CNowwthUzEzg,pending_clarivate_verification
medicine,1205,Health Research Policy and Systems,3.2,卫生政策与服务-1区,2区,,1478-4505,1478-4505,"[""1478-4505""]",Springer (Biomed Central Ltd.),resolved,unknown,0,,https://mp.weixin.qq.com/s/h_3PwOTE-7CNowwthUzEzg,pending_clarivate_verification
medicine,1206,Dermatitis,3.2,皮肤病学-1区,2区,,1710-3568,1710-3568,"[""1710-3568"",""2162-5220""]",SAGE Publications,resolved,unknown,0,,https://mp.weixin.qq.com/s/h_3PwOTE-7CNowwthUzEzg,pending_clarivate_verification
medicine,1207,Health Expectations,3.2,"卫生政策与服务-1区
公共卫生、环境卫生与职业卫生-1区
卫生保健与服务-2区",2区,,1369-6513,1369-6513,"[""1369-6513"",""1369-7625""]",Wiley (Blackwell Publishing),resolved,unknown,0,,https://mp.weixin.qq.com/s/h_3PwOTE-7CNowwthUzEzg,pending_clarivate_verification
medicine,1208,Health Services Research,3.2,"卫生政策与服务-1区
卫生保健与服务-2区",2区,,0017-9124,1475-6773,"[""0017-9124"",""1475-6773""]",Wiley (Blackwell Publishing),resolved,unknown,0,,https://mp.weixin.qq.com/s/h_3PwOTE-7CNowwthUzEzg,pending_clarivate_verification
medicine,1209,International Journal for Parasitology,3.2,寄生虫学-1区,2区,,0020-7519,,"[""0020-7519""]",Elsevier,resolved,unknown,0,,https://mp.weixin.qq.com/s/h_3PwOTE-7CNowwthUzEzg,pending_clarivate_verification
medicine,1210,Journal of Addiction Medicine,3.2,药物滥用-1区,2区,,1932-0620,1935-3227,"[""1932-0620"",""1935-3227""]",Ovid Technologies (Wolters Kluwer) - Lippincott Williams & Wilkins,resolved,unknown,0,,https://mp.weixin.qq.com/s/h_3PwOTE-7CNowwthUzEzg,pending_clarivate_verification
medicine,1211,American Journal of Nephrology,3.2,泌尿学与肾脏学-1区,2区,,0250-8095,1421-9670,"[""0250-8095"",""1421-9670""]",S. Karger AG,resolved,unknown,0,,https://mp.weixin.qq.com/s/h_3PwOTE-7CNowwthUzEzg,pending_clarivate_verification
medicine,1212,Journal of Renal Nutrition,3.2,"泌尿学与肾脏学-1区
营养学-2区",2区,,1051-2276,1532-8503,"[""1051-2276"",""1532-8503""]",Elsevier,resolved,unknown,0,,https://mp.weixin.qq.com/s/h_3PwOTE-7CNowwthUzEzg,pending_clarivate_verification
medicine,1213,Angle Orthodontist,3.2,牙科与口腔外科-1区,2区,,,,[],,unresolved,unknown,0,,https://mp.weixin.qq.com/s/h_3PwOTE-7CNowwthUzEzg,pending_clarivate_verification
medicine,1214,Journals of Gerontology Series B-Psychological Sciences and Social Sciences,3.2,"老年医学-1区
心理学-1区
心理学：综合-1区
老年医学-2区",2区,,,,[],,unresolved,unknown,0,,https://mp.weixin.qq.com/s/h_3PwOTE-7CNowwthUzEzg,pending_clarivate_verification
medicine,1215,Preventive Medicine,3.2,"医学：内科-1区
公共卫生、环境卫生与职业卫生-1区",2区,,0091-7435,1096-0260,"[""0091-7435"",""1096-0260""]",Elsevier,resolved,unknown,0,,https://mp.weixin.qq.com/s/h_3PwOTE-7CNowwthUzEzg,pending_clarivate_verification
medicine,1216,Psychiatric Services,3.2,"卫生政策与服务-1区
公共卫生、环境卫生与职业卫生-1区
精神病学-2区",2区,,1075-2730,1557-9700,"[""1075-2730"",""1557-9700""]",American Psychiatric Association Publishing,resolved,unknown,0,,https://mp.weixin.qq.com/s/h_3PwOTE-7CNowwthUzEzg,pending_clarivate_verification
medicine,1217,Radiation Oncology,3.2,"核医学-1区
肿瘤学-2区",2区,,1748-717X,1748-717X,"[""1748-717X""]",Springer (Biomed Central Ltd.),resolved,unknown,0,,https://mp.weixin.qq.com/s/h_3PwOTE-7CNowwthUzEzg,pending_clarivate_verification
medicine,1218,Seminars in Perinatology,3.2,"妇产科学-1区
儿科-1区",2区,,0146-0005,,"[""0146-0005""]",Elsevier - WB Saunders,resolved,unknown,0,,https://mp.weixin.qq.com/s/h_3PwOTE-7CNowwthUzEzg,pending_clarivate_verification
medicine,1219,Academic Emergency Medicine,3.2,急救医学-1区,3区,,1069-6563,1553-2712,"[""1069-6563"",""1553-2712""]",Wiley (Blackwell Publishing),resolved,unknown,0,,https://mp.weixin.qq.com/s/h_3PwOTE-7CNowwthUzEzg,pending_clarivate_verification
medicine,1220,World Journal of Emergency Medicine,3.2,急救医学-1区,3区,,1920-8642,,"[""1920-8642""]",World Journal of Emergency Medicine,resolved,unknown,0,,https://mp.weixin.qq.com/s/h_3PwOTE-7CNowwthUzEzg,pending_clarivate_verification
medicine,1221,Ophthalmology and Therapy,3.2,眼科学-1区,3区,,2193-8245,2193-6528,"[""2193-6528"",""2193-8245""]",Springer-Verlag,resolved,unknown,0,,https://mp.weixin.qq.com/s/h_3PwOTE-7CNowwthUzEzg,pending_clarivate_verification
medicine,1222,Journal of Mental Health,3.2,"心理学：临床-1区
精神病学-2区",3区,,,,[],,ambiguous,unknown,0,,https://mp.weixin.qq.com/s/h_3PwOTE-7CNowwthUzEzg,pending_clarivate_verification
medicine,1223,BMJ Open Sport & Exercise Medicine,3.2,运动科学-1区,3区,,,2055-7647,"[""2055-7647""]",BMJ,resolved,unknown,0,,https://mp.weixin.qq.com/s/h_3PwOTE-7CNowwthUzEzg,pending_clarivate_verification
medicine,1224,Journal of the World Federation of Orthodontists,3.2,牙科与口腔外科-1区,3区,,2212-4438,,"[""2212-4438""]",Elsevier,resolved,unknown,0,,https://mp.weixin.qq.com/s/h_3PwOTE-7CNowwthUzEzg,pending_clarivate_verification
medicine,1225,Eye,3.2,眼科学-1区,3区,,0950-222X,0078-5334,"[""0078-5334"",""0950-222X"",""1476-5454""]",Springer Science and Business Media LLC,resolved,unknown,0,,https://mp.weixin.qq.com/s/h_3PwOTE-7CNowwthUzEzg,pending_clarivate_verification
medicine,1226,International Journal of Medical Sciences,3.2,医学：内科-1区,3区,,,,[],,ambiguous,unknown,0,,https://mp.weixin.qq.com/s/h_3PwOTE-7CNowwthUzEzg,pending_clarivate_verification
medicine,1227,Substance Abuse Treatment Prevention and Policy,3.2,药物滥用-1区,3区,,1747-597X,1747-597X,"[""1747-597X""]",Springer (Biomed Central Ltd.),resolved,unknown,0,,https://mp.weixin.qq.com/s/h_3PwOTE-7CNowwthUzEzg,pending_clarivate_verification
medicine,1228,Ophthalmology Glaucoma,3.2,眼科学-1区,3区,,2589-4196,,"[""2589-4196""]",Elsevier,resolved,unknown,0,,https://mp.weixin.qq.com/s/h_3PwOTE-7CNowwthUzEzg,pending_clarivate_verification
medicine,1229,Journal of Cataract and Refractive Surgery,3.2,"眼科学-1区
外科-1区",3区,,,,[],,unresolved,unknown,0,,https://mp.weixin.qq.com/s/h_3PwOTE-7CNowwthUzEzg,pending_clarivate_verification
medicine,1230,Medical Physics,3.2,核医学-1区,3区,,0094-2405,2473-4209,"[""0094-2405"",""2473-4209""]",Wiley (John Wiley & Sons),resolved,unknown,0,,https://mp.weixin.qq.com/s/h_3PwOTE-7CNowwthUzEzg,pending_clarivate_verification
medicine,1231,Public Health,3.2,公共卫生、环境卫生与职业卫生-1区,3区,,,,[],,ambiguous,unknown,0,,https://mp.weixin.qq.com/s/h_3PwOTE-7CNowwthUzEzg,pending_clarivate_verification
medicine,1232,Brazilian Journal of Physical Therapy,3.2,"骨科-1区
康复医学-1区",3区,,1413-3555,1413-3555,"[""1413-3555"",""1809-9246""]",Elsevier,resolved,unknown,0,,https://mp.weixin.qq.com/s/h_3PwOTE-7CNowwthUzEzg,pending_clarivate_verification
medicine,1233,Seminars in Radiation Oncology,3.2,"核医学-1区
肿瘤学-2区",3区,,1053-4296,,"[""1053-4296""]",Elsevier,resolved,unknown,0,,https://mp.weixin.qq.com/s/h_3PwOTE-7CNowwthUzEzg,pending_clarivate_verification
medicine,1234,Archives of Disease in Childhood,3.2,儿科-1区,3区,,0003-9888,1468-2044,"[""0003-9888"",""1468-2044""]",BMJ,resolved,unknown,0,,https://mp.weixin.qq.com/s/h_3PwOTE-7CNowwthUzEzg,pending_clarivate_verification
medicine,1235,Biomedical Optics Express,3.2,"核医学-1区
生化研究方法-2区
光学-2区",3区,,2156-7085,2156-7085,"[""2156-7085""]",Optica Publishing Group,resolved,unknown,0,,https://mp.weixin.qq.com/s/h_3PwOTE-7CNowwthUzEzg,pending_clarivate_verification
medicine,1236,BMC Medical Imaging,3.2,核医学-1区,3区,,1471-2342,1471-2342,"[""1471-2342""]",Springer (Biomed Central Ltd.),resolved,unknown,0,,https://mp.weixin.qq.com/s/h_3PwOTE-7CNowwthUzEzg,pending_clarivate_verification
medicine,1237,Annals of Global Health,3.2,公共卫生、环境卫生与职业卫生-1区,3区,,2214-9996,2214-9996,"[""2214-9996""]","Ubiquity Press, Ltd.",resolved,unknown,0,,https://mp.weixin.qq.com/s/h_3PwOTE-7CNowwthUzEzg,pending_clarivate_verification
medicine,1238,International Journal of Health Geographics,3.2,公共卫生、环境卫生与职业卫生-1区,3区,,1476-072X,1476-072X,"[""1476-072X""]",Springer (Biomed Central Ltd.),resolved,unknown,0,,https://mp.weixin.qq.com/s/h_3PwOTE-7CNowwthUzEzg,pending_clarivate_verification
medicine,1239,Clinical Epidemiology,3.2,公共卫生、环境卫生与职业卫生-1区,3区,,,1179-1349,"[""1179-1349""]",Dove Medical Press,resolved,unknown,0,,https://mp.weixin.qq.com/s/h_3PwOTE-7CNowwthUzEzg,pending_clarivate_verification
medicine,1240,Climacteric,3.2,妇产科学-1区,4区,,1369-7137,1473-0804,"[""1369-7137"",""1473-0804""]",Informa UK (Taylor & Francis),resolved,unknown,0,,https://mp.weixin.qq.com/s/h_3PwOTE-7CNowwthUzEzg,pending_clarivate_verification
medicine,1241,Cosmetics,3.2,"皮肤病学-1区
生化与分子生物学-2区",4区,,,2079-9284,"[""2079-9284""]",MDPI AG,resolved,unknown,0,,https://mp.weixin.qq.com/s/h_3PwOTE-7CNowwthUzEzg,pending_clarivate_verification
medicine,1242,International Journal of Dermatology,3.2,皮肤病学-1区,4区,,0011-9059,,"[""0011-9059"",""1365-4632""]",Wiley (Blackwell Publishing),resolved,unknown,0,,https://mp.weixin.qq.com/s/h_3PwOTE-7CNowwthUzEzg,pending_clarivate_verification
medicine,1243,Skin Pharmacology and Physiology,3.2,"皮肤病学-1区
药学-2区",4区,,,,[],,ambiguous,unknown,0,,https://mp.weixin.qq.com/s/h_3PwOTE-7CNowwthUzEzg,pending_clarivate_verification
medicine,1244,Skin Research and Technology,3.2,皮肤病学-1区,4区,,0909-752X,1600-0846,"[""0909-752X"",""1600-0846""]",Wiley (Blackwell Publishing),resolved,unknown,0,,https://mp.weixin.qq.com/s/h_3PwOTE-7CNowwthUzEzg,pending_clarivate_verification
medicine,1245,Magnetic Resonance in Medical Sciences,3.2,核医学-1区,4区,,1347-3182,1880-2206,"[""1347-3182"",""1880-2206""]",Japanese Society for Magnetic Resonance in Medicine,resolved,unknown,0,,https://mp.weixin.qq.com/s/h_3PwOTE-7CNowwthUzEzg,pending_clarivate_verification
medicine,1246,Journal of Periodontal and Implant Science,3.2,牙科与口腔外科-1区,4区,,,,[],,unresolved,unknown,0,,https://mp.weixin.qq.com/s/h_3PwOTE-7CNowwthUzEzg,pending_clarivate_verification
medicine,1247,International Journal of Nursing Sciences,3.1,护理-1区,1区,,2352-0132,,"[""2352-0132""]",Elsevier,resolved,unknown,0,,https://mp.weixin.qq.com/s/h_3PwOTE-7CNowwthUzEzg,pending_clarivate_verification
medicine,1248,Annals of Cardiothoracic Surgery,3.1,"外科-1区
心脏和心血管系统-2区",2区,,2225-319X,2304-1021,"[""2225-319X"",""2304-1021""]",AME Publishing Company,resolved,unknown,0,,https://mp.weixin.qq.com/s/h_3PwOTE-7CNowwthUzEzg,pending_clarivate_verification
medicine,1249,Studies in Family Planning,3.1,"人口学-1区
公共卫生、环境卫生与职业卫生-1区",2区,,0039-3665,1728-4465,"[""0039-3665"",""1728-4465""]",Wiley (Blackwell Publishing),resolved,unknown,0,,https://mp.weixin.qq.com/s/h_3PwOTE-7CNowwthUzEzg,pending_clarivate_verification
medicine,1250,Ssm-Population Health,3.1,公共卫生、环境卫生与职业卫生-1区,2区,,,,[],,unresolved,unknown,0,,https://mp.weixin.qq.com/s/h_3PwOTE-7CNowwthUzEzg,pending_clarivate_verification
medicine,1251,Acta Obstetricia et Gynecologica Scandinavica,3.1,妇产科学-1区,2区,,0001-6349,1600-0412,"[""0001-6349"",""1600-0412""]",Wiley (Blackwell Publishing),resolved,unknown,0,,https://mp.weixin.qq.com/s/h_3PwOTE-7CNowwthUzEzg,pending_clarivate_verification
medicine,1252,Clinical Journal of Pain,3.1,"麻醉学-1区
临床神经病学-2区",2区,,0749-8047,,"[""0749-8047""]",Ovid Technologies (Wolters Kluwer) - Lippincott Williams & Wilkins,resolved,unknown,0,,https://mp.weixin.qq.com/s/h_3PwOTE-7CNowwthUzEzg,pending_clarivate_verification
medicine,1253,Clinical Oral Investigations,3.1,牙科与口腔外科-1区,2区,,1432-6981,1436-3771,"[""1432-6981"",""1436-3771""]",Springer-Verlag,resolved,unknown,0,,https://mp.weixin.qq.com/s/h_3PwOTE-7CNowwthUzEzg,pending_clarivate_verification
medicine,1254,Food and Waterborne Parasitology,3.1,"寄生虫学-1区
兽医学-1区",2区,,2405-6766,,"[""2405-6766""]",Elsevier,resolved,unknown,0,,https://mp.weixin.qq.com/s/h_3PwOTE-7CNowwthUzEzg,pending_clarivate_verification
medicine,1255,European Cells & Materials,3.1,"骨科-1区
工程：生物医学-2区
细胞与组织工程-3区
材料科学：生物材料-3区",2区,,,,[],,unresolved,unknown,0,,https://mp.weixin.qq.com/s/h_3PwOTE-7CNowwthUzEzg,pending_clarivate_verification
medicine,1256,American Journal of Obstetrics & Gynecology Mfm,3.1,妇产科学-1区,2区,,2589-9333,,"[""2589-9333""]",Elsevier,resolved,unknown,0,,https://mp.weixin.qq.com/s/h_3PwOTE-7CNowwthUzEzg,pending_clarivate_verification
medicine,1257,Forensic Science International-Genetics,3.1,"医学：法-1区
遗传学-2区",2区,,,,[],,unresolved,unknown,0,,https://mp.weixin.qq.com/s/h_3PwOTE-7CNowwthUzEzg,pending_clarivate_verification
medicine,1258,Bone & Joint Open,3.1,骨科-1区,2区,,,2633-1462,"[""2633-1462""]",British Editorial Society of Bone and Joint Surgery,resolved,unknown,0,,https://mp.weixin.qq.com/s/h_3PwOTE-7CNowwthUzEzg,pending_clarivate_verification
medicine,1259,Journal of Neurosurgery-Spine,3.1,"外科-1区
临床神经病学-2区",2区,,,,[],,unresolved,unknown,0,,https://mp.weixin.qq.com/s/h_3PwOTE-7CNowwthUzEzg,pending_clarivate_verification
medicine,1260,Occupational and Environmental Medicine,3.1,公共卫生、环境卫生与职业卫生-1区,2区,,1351-0711,1470-7926,"[""1351-0711"",""1470-7926""]",BMJ,resolved,unknown,0,,https://mp.weixin.qq.com/s/h_3PwOTE-7CNowwthUzEzg,pending_clarivate_verification
medicine,1261,Social Cognitive and Affective Neuroscience,3.1,"心理学-1区
心理学：实验-1区
神经科学-2区",2区,,1749-5016,1749-5024,"[""1749-5016"",""1749-5024""]",Oxford University Press,resolved,unknown,0,,https://mp.weixin.qq.com/s/h_3PwOTE-7CNowwthUzEzg,pending_clarivate_verification
medicine,1262,Scandinavian Journal of Trauma Resuscitation & Emergency Medicine,3.1,急救医学-1区,2区,,,,[],,unresolved,unknown,0,,https://mp.weixin.qq.com/s/h_3PwOTE-7CNowwthUzEzg,pending_clarivate_verification
medicine,1263,BMC Oral Health,3.1,牙科与口腔外科-1区,2区,,1472-6831,1472-6831,"[""1472-6831""]",Springer (Biomed Central Ltd.),resolved,unknown,0,,https://mp.weixin.qq.com/s/h_3PwOTE-7CNowwthUzEzg,pending_clarivate_verification
medicine,1264,Health Sociology Review,3.1,"卫生政策与服务-1区
社会学-1区",3区,,1446-1242,1839-3551,"[""1446-1242"",""1839-3551""]",Informa UK (Taylor & Francis),resolved,unknown,0,,https://mp.weixin.qq.com/s/h_3PwOTE-7CNowwthUzEzg,pending_clarivate_verification
medicine,1265,Dental Traumatology,3.1,牙科与口腔外科-1区,3区,,1600-4469,1600-9657,"[""1600-4469"",""1600-9657""]",Wiley (Blackwell Publishing),resolved,unknown,0,,https://mp.weixin.qq.com/s/h_3PwOTE-7CNowwthUzEzg,pending_clarivate_verification
medicine,1266,Dentistry Journal,3.1,牙科与口腔外科-1区,3区,,,2304-6767,"[""2304-6767""]",MDPI AG,resolved,unknown,0,,https://mp.weixin.qq.com/s/h_3PwOTE-7CNowwthUzEzg,pending_clarivate_verification
medicine,1267,Health Policy and Planning,3.1,"卫生政策与服务-1区
卫生保健与服务-2区",3区,,0268-1080,1460-2237,"[""0268-1080"",""1460-2237""]",Oxford University Press,resolved,unknown,0,,https://mp.weixin.qq.com/s/h_3PwOTE-7CNowwthUzEzg,pending_clarivate_verification
medicine,1268,Current Research in Parasitology & Vector-Borne Diseases,3.1,寄生虫学-1区,3区,,,,[],,unresolved,unknown,0,,https://mp.weixin.qq.com/s/h_3PwOTE-7CNowwthUzEzg,pending_clarivate_verification
medicine,1269,American Journal of Industrial Medicine,3.1,公共卫生、环境卫生与职业卫生-1区,3区,,0271-3586,1097-0274,"[""0271-3586"",""1097-0274""]",Wiley (John Wiley & Sons),resolved,unknown,0,,https://mp.weixin.qq.com/s/h_3PwOTE-7CNowwthUzEzg,pending_clarivate_verification
medicine,1270,Journal of Dental Sciences,3.1,牙科与口腔外科-1区,3区,,1991-7902,,"[""1991-7902""]",Elsevier,resolved,unknown,0,,https://mp.weixin.qq.com/s/h_3PwOTE-7CNowwthUzEzg,pending_clarivate_verification
medicine,1271,Journal of Hospital Infection,3.1,"公共卫生、环境卫生与职业卫生-1区
传染病学-2区",3区,,0195-6701,,"[""0195-6701""]",Elsevier,resolved,unknown,0,,https://mp.weixin.qq.com/s/h_3PwOTE-7CNowwthUzEzg,pending_clarivate_verification
medicine,1272,Obesity Surgery,3.1,外科-1区,3区,,0960-8923,1708-0428,"[""0960-8923"",""1708-0428""]",Springer-Verlag,resolved,unknown,0,,https://mp.weixin.qq.com/s/h_3PwOTE-7CNowwthUzEzg,pending_clarivate_verification
medicine,1273,Patient Education and Counseling,3.1,"公共卫生、环境卫生与职业卫生-1区
社会科学：跨领域-1区",3区,,0738-3991,,"[""0738-3991""]",Elsevier,resolved,unknown,0,,https://mp.weixin.qq.com/s/h_3PwOTE-7CNowwthUzEzg,pending_clarivate_verification
medicine,1274,Pediatric Research,3.1,儿科-1区,3区,,0031-3998,1530-0447,"[""0031-3998"",""1530-0447""]",Springer Science and Business Media LLC,resolved,unknown,0,,https://mp.weixin.qq.com/s/h_3PwOTE-7CNowwthUzEzg,pending_clarivate_verification
medicine,1275,Italian Journal of Pediatrics,3.1,儿科-1区,3区,,1824-7288,1824-7288,"[""1824-7288""]",Springer (Biomed Central Ltd.),resolved,unknown,0,,https://mp.weixin.qq.com/s/h_3PwOTE-7CNowwthUzEzg,pending_clarivate_verification
medicine,1276,Patient-Patient Centered Outcomes Research,3.1,"卫生政策与服务-1区
卫生保健与服务-2区",3区,,,,[],,unresolved,unknown,0,,https://mp.weixin.qq.com/s/h_3PwOTE-7CNowwthUzEzg,pending_clarivate_verification
medicine,1277,Kidney Diseases,3.1,泌尿学与肾脏学-1区,4区,,2296-9381,2296-9357,"[""2296-9357"",""2296-9381""]",S. Karger AG,resolved,unknown,0,,https://mp.weixin.qq.com/s/h_3PwOTE-7CNowwthUzEzg,pending_clarivate_verification
medicine,1278,Journal of Epidemiology and Global Health,3.1,公共卫生、环境卫生与职业卫生-1区,4区,,2210-6006,2210-6006,"[""2210-6006"",""2210-6014""]",Springer-Verlag,resolved,unknown,0,,https://mp.weixin.qq.com/s/h_3PwOTE-7CNowwthUzEzg,pending_clarivate_verification
medicine,1279,Salud Publica de Mexico,3.1,公共卫生、环境卫生与职业卫生-1区,4区,,,,[],,unresolved,unknown,0,,https://mp.weixin.qq.com/s/h_3PwOTE-7CNowwthUzEzg,pending_clarivate_verification
medicine,1280,Frontiers in Oral Health,3.1,牙科与口腔外科-1区,4区,,,2673-4842,"[""2673-4842""]",Frontiers Media SA,resolved,unknown,0,,https://mp.weixin.qq.com/s/h_3PwOTE-7CNowwthUzEzg,pending_clarivate_verification
medicine,1281,International Journal of Technology Assessment in Health Care,3.1,"公共卫生、环境卫生与职业卫生-1区
卫生保健与服务-2区
医学：信息-3区",4区,,0266-4623,1471-6348,"[""0266-4623"",""1471-6348""]",Cambridge University Press,resolved,unknown,0,,https://mp.weixin.qq.com/s/h_3PwOTE-7CNowwthUzEzg,pending_clarivate_verification
medicine,1282,Journal of Public Health,3.1,公共卫生、环境卫生与职业卫生-1区,4区,,,,[],,ambiguous,unknown,0,,https://mp.weixin.qq.com/s/h_3PwOTE-7CNowwthUzEzg,pending_clarivate_verification
medicine,1283,Molecular Informatics,3.1,"数学与计算生物学-1区
计算机：跨学科应用-2区
药物化学-3区",4区,,1868-1743,1868-1751,"[""1868-1743"",""1868-1751""]",Wiley (John Wiley & Sons),resolved,unknown,0,,https://mp.weixin.qq.com/s/h_3PwOTE-7CNowwthUzEzg,pending_clarivate_verification
medicine,1284,International Journal of Health Services,3.1,"卫生政策与服务-1区
卫生保健与服务-2区",4区,,0020-7314,1541-4469,"[""0020-7314"",""1541-4469""]",SAGE Publications,resolved,unknown,0,,https://mp.weixin.qq.com/s/h_3PwOTE-7CNowwthUzEzg,pending_clarivate_verification
medicine,1285,European Journal of Cardio-Thoracic Surgery,3.0,"外科-1区
心脏和心血管系统-2区
呼吸系统-2区",2区,,1010-7940,1873-734X,"[""1010-7940"",""1873-734X""]",Oxford University Press,resolved,unknown,0,,https://mp.weixin.qq.com/s/h_3PwOTE-7CNowwthUzEzg,pending_clarivate_verification
medicine,1286,American Journal of Orthodontics and Dentofacial Orthopedics,3.0,牙科与口腔外科-1区,2区,,0889-5406,,"[""0889-5406""]",Elsevier,resolved,unknown,0,,https://mp.weixin.qq.com/s/h_3PwOTE-7CNowwthUzEzg,pending_clarivate_verification
medicine,1287,Journal of Refractive Surgery,3.0,"眼科学-1区
外科-1区",2区,,1081-597X,1938-2391,"[""1081-597X"",""1938-2391""]","SLACK, Inc.",resolved,unknown,0,,https://mp.weixin.qq.com/s/h_3PwOTE-7CNowwthUzEzg,pending_clarivate_verification
medicine,1288,Journal of Strength and Conditioning Research,3.0,运动科学-1区,2区,,,,[],,unresolved,unknown,0,,https://mp.weixin.qq.com/s/h_3PwOTE-7CNowwthUzEzg,pending_clarivate_verification
medicine,1289,Neurosurgical Focus,3.0,"外科-1区
临床神经病学-2区",2区,,1092-0684,1092-0684,"[""1092-0684""]",Journal of Neurosurgery Publishing Group,resolved,unknown,0,,https://mp.weixin.qq.com/s/h_3PwOTE-7CNowwthUzEzg,pending_clarivate_verification
medicine,1290,BMC Palliative Care,3.0,"卫生政策与服务-1区
卫生保健与服务-2区",2区,,1472-684X,1472-684X,"[""1472-684X""]",Springer (Biomed Central Ltd.),resolved,unknown,0,,https://mp.weixin.qq.com/s/h_3PwOTE-7CNowwthUzEzg,pending_clarivate_verification
medicine,1291,Journal of Vascular Surgery-Venous and Lymphatic Disorders,3.0,"外科-1区
外周血管病-2区",2区,,,,[],,unresolved,unknown,0,,https://mp.weixin.qq.com/s/h_3PwOTE-7CNowwthUzEzg,pending_clarivate_verification
medicine,1292,Trends in Hearing,3.0,"听力学与言语病理学-1区
耳鼻喉科学-1区",2区,,2331-2165,2331-2165,"[""2331-2165""]",SAGE Publications,resolved,unknown,0,,https://mp.weixin.qq.com/s/h_3PwOTE-7CNowwthUzEzg,pending_clarivate_verification
medicine,1293,Frontiers in Medicine,3.0,医学：内科-1区,3区,,,2296-858X,"[""2296-858X""]",Frontiers Media SA,resolved,unknown,0,,https://mp.weixin.qq.com/s/h_3PwOTE-7CNowwthUzEzg,pending_clarivate_verification
medicine,1294,Global Spine Journal,3.0,"骨科-1区
临床神经病学-2区",3区,,2192-5682,2192-5690,"[""2192-5682"",""2192-5690""]",SAGE Publications,resolved,unknown,0,,https://mp.weixin.qq.com/s/h_3PwOTE-7CNowwthUzEzg,pending_clarivate_verification
medicine,1295,European Journal of Health Economics,3.0,"经济学-1区
卫生政策与服务-1区",3区,,,,[],,unresolved,unknown,0,,https://mp.weixin.qq.com/s/h_3PwOTE-7CNowwthUzEzg,pending_clarivate_verification
medicine,1296,Bioorganic & Medicinal Chemistry,3.0,"有机化学-1区
生化与分子生物学-3区
药物化学-3区",3区,,0968-0896,,"[""0968-0896""]",Elsevier,resolved,unknown,0,,https://mp.weixin.qq.com/s/h_3PwOTE-7CNowwthUzEzg,pending_clarivate_verification
medicine,1297,Journal of Robotic Surgery,3.0,外科-1区,3区,,1863-2483,1863-2491,"[""1863-2483"",""1863-2491""]",Springer-Verlag,resolved,unknown,0,,https://mp.weixin.qq.com/s/h_3PwOTE-7CNowwthUzEzg,pending_clarivate_verification
medicine,1298,Dysphagia,3.0,耳鼻喉科学-1区,3区,,0179-051X,1432-0460,"[""0179-051X"",""1432-0460""]",Springer-Verlag,resolved,unknown,0,,https://mp.weixin.qq.com/s/h_3PwOTE-7CNowwthUzEzg,pending_clarivate_verification
medicine,1299,European Journal of Sport Science,3.0,运动科学-1区,3区,,1746-1391,1536-7290,"[""1536-7290"",""1746-1391""]",Wiley (John Wiley & Sons),resolved,unknown,0,,https://mp.weixin.qq.com/s/h_3PwOTE-7CNowwthUzEzg,pending_clarivate_verification
medicine,1300,Schizophrenia Research-Cognition,3.0,"心理学：实验-1区
精神病学-2区",3区,,,,[],,unresolved,unknown,0,,https://mp.weixin.qq.com/s/h_3PwOTE-7CNowwthUzEzg,pending_clarivate_verification
medicine,1301,Kidney360,3.0,泌尿学与肾脏学-1区,3区,,2641-7650,2641-7650,"[""2641-7650""]",American Society of Nephrology (ASN),resolved,unknown,0,,https://mp.weixin.qq.com/s/h_3PwOTE-7CNowwthUzEzg,pending_clarivate_verification
medicine,1302,Journal of Cognitive Neuroscience,3.0,"心理学：实验-1区
神经科学-2区",3区,,0898-929X,1530-8898,"[""0898-929X"",""1530-8898""]",MIT Press,resolved,unknown,0,,https://mp.weixin.qq.com/s/h_3PwOTE-7CNowwthUzEzg,pending_clarivate_verification
medicine,1303,Malaria Journal,3.0,"热带医学-1区
传染病学-2区
寄生虫学-2区",3区,,1475-2875,1475-2875,"[""1475-2875""]",Springer (Biomed Central Ltd.),resolved,unknown,0,,https://mp.weixin.qq.com/s/h_3PwOTE-7CNowwthUzEzg,pending_clarivate_verification
medicine,1304,Neonatology,3.0,儿科-1区,3区,,1661-7800,1661-7819,"[""1661-7800"",""1661-7819""]",S. Karger AG,resolved,unknown,0,,https://mp.weixin.qq.com/s/h_3PwOTE-7CNowwthUzEzg,pending_clarivate_verification
medicine,1305,Nurse Educator,3.0,护理-1区,3区,,0363-3624,1538-9855,"[""0363-3624"",""1538-9855""]",Ovid Technologies (Wolters Kluwer) - Lippincott Williams & Wilkins,resolved,unknown,0,,https://mp.weixin.qq.com/s/h_3PwOTE-7CNowwthUzEzg,pending_clarivate_verification
medicine,1306,Nursing Inquiry,3.0,护理-1区,3区,,1320-7881,1440-1800,"[""1320-7881"",""1440-1800""]",Wiley (Blackwell Publishing),resolved,unknown,0,,https://mp.weixin.qq.com/s/h_3PwOTE-7CNowwthUzEzg,pending_clarivate_verification
medicine,1307,Pain Medicine,3.0,"麻醉学-1区
医学：内科-1区",3区,,,,[],,ambiguous,unknown,0,,https://mp.weixin.qq.com/s/h_3PwOTE-7CNowwthUzEzg,pending_clarivate_verification
medicine,1308,Physiotherapy,3.0,康复医学-1区,3区,,,,[],,ambiguous,unknown,0,,https://mp.weixin.qq.com/s/h_3PwOTE-7CNowwthUzEzg,pending_clarivate_verification
medicine,1309,Renal Failure,3.0,泌尿学与肾脏学-1区,3区,,0886-022X,1525-6049,"[""0886-022X"",""1525-6049""]",Informa UK (Taylor & Francis),resolved,unknown,0,,https://mp.weixin.qq.com/s/h_3PwOTE-7CNowwthUzEzg,pending_clarivate_verification
medicine,1310,Supportive Care in Cancer,3.0,"康复医学-1区
卫生保健与服务-2区
肿瘤学-2区",3区,,0941-4355,1433-7339,"[""0941-4355"",""1433-7339""]",Springer-Verlag,resolved,unknown,0,,https://mp.weixin.qq.com/s/h_3PwOTE-7CNowwthUzEzg,pending_clarivate_verification
medicine,1311,Transplant International,3.0,"外科-1区
移植-2区",3区,,0934-0874,1432-2277,"[""0934-0874"",""1432-2277""]",Frontiers Media SA,resolved,unknown,0,,https://mp.weixin.qq.com/s/h_3PwOTE-7CNowwthUzEzg,pending_clarivate_verification
medicine,1312,Journal of Medical Economics,3.0,"医学：内科-1区
卫生保健与服务-2区",3区,,1369-6998,1941-837X,"[""1369-6998"",""1941-837X""]",Informa UK (Taylor & Francis),resolved,unknown,0,,https://mp.weixin.qq.com/s/h_3PwOTE-7CNowwthUzEzg,pending_clarivate_verification
medicine,1313,Journal of Osteoporosis,3.0,骨科-1区,4区,,2090-8059,2042-0064,"[""2042-0064"",""2090-8059""]",Hindawi Limited,resolved,unknown,0,,https://mp.weixin.qq.com/s/h_3PwOTE-7CNowwthUzEzg,pending_clarivate_verification
medicine,1314,Precision and Future Medicine,3.0,医学：内科-1区,4区,,2508-7940,2508-7959,"[""2508-7940"",""2508-7959""]",Sungkyunkwan University School of Medicine,resolved,unknown,0,,https://mp.weixin.qq.com/s/h_3PwOTE-7CNowwthUzEzg,pending_clarivate_verification
medicine,1315,Strength and Conditioning Journal,3.0,运动科学-1区,4区,,,,[],,unresolved,unknown,0,,https://mp.weixin.qq.com/s/h_3PwOTE-7CNowwthUzEzg,pending_clarivate_verification
medicine,1316,EJSO,2.9,"外科-1区
肿瘤学-2区",2区,,,,[],,unresolved,unknown,0,,https://mp.weixin.qq.com/s/h_3PwOTE-7CNowwthUzEzg,pending_clarivate_verification
medicine,1317,Journal of Family Nursing,2.9,"家庭研究-1区
护理-1区",2区,,1074-8407,,"[""1074-8407"",""1552-549X""]",SAGE Publications,resolved,unknown,0,,https://mp.weixin.qq.com/s/h_3PwOTE-7CNowwthUzEzg,pending_clarivate_verification
medicine,1318,Journal of Professional Nursing,2.9,护理-1区,2区,,8755-7223,,"[""8755-7223""]",Elsevier,resolved,unknown,0,,https://mp.weixin.qq.com/s/h_3PwOTE-7CNowwthUzEzg,pending_clarivate_verification
medicine,1319,Journal of Shoulder and Elbow Surgery,2.9,"骨科-1区
运动科学-1区
外科-1区",2区,,1058-2746,,"[""1058-2746""]",Elsevier,resolved,unknown,0,,https://mp.weixin.qq.com/s/h_3PwOTE-7CNowwthUzEzg,pending_clarivate_verification
medicine,1320,Ultraschall in Der Medizin,2.9,"声学-1区
核医学-2区",2区,,,,[],,unresolved,unknown,0,,https://mp.weixin.qq.com/s/h_3PwOTE-7CNowwthUzEzg,pending_clarivate_verification
medicine,1321,Journal of Cancer Survivorship,2.9,"社会问题-1区
肿瘤学-2区",2区,,1932-2259,1932-2267,"[""1932-2259"",""1932-2267""]",Springer-Verlag,resolved,unknown,0,,https://mp.weixin.qq.com/s/h_3PwOTE-7CNowwthUzEzg,pending_clarivate_verification
medicine,1322,Language Speech and Hearing Services in Schools,2.9,"听力学与言语病理学-1区
语言学-1区
康复医学-1区",2区,,0161-1461,1558-9129,"[""0161-1461"",""1558-9129""]",American Speech-Language-Hearing Association,resolved,unknown,0,,https://mp.weixin.qq.com/s/h_3PwOTE-7CNowwthUzEzg,pending_clarivate_verification
medicine,1323,Journal of Clinical Medicine,2.9,医学：内科-1区,3区,,,2077-0383,"[""2077-0383""]",MDPI AG,resolved,unknown,0,,https://mp.weixin.qq.com/s/h_3PwOTE-7CNowwthUzEzg,pending_clarivate_verification
medicine,1324,Journal of Behavioral Medicine,2.9,心理学：临床-1区,3区,,0160-7715,1573-3521,"[""0160-7715"",""1573-3521""]",Springer-Verlag,resolved,unknown,0,,https://mp.weixin.qq.com/s/h_3PwOTE-7CNowwthUzEzg,pending_clarivate_verification
medicine,1325,Biological Psychology,2.9,"行为科学-1区
心理学：生物-1区
心理学：实验-1区
心理学-2区",3区,,0301-0511,,"[""0301-0511""]",Elsevier,resolved,unknown,0,,https://mp.weixin.qq.com/s/h_3PwOTE-7CNowwthUzEzg,pending_clarivate_verification
medicine,1326,Womens Health,2.9,妇产科学-1区,3区,,,,[],,unresolved,unknown,0,,https://mp.weixin.qq.com/s/h_3PwOTE-7CNowwthUzEzg,pending_clarivate_verification
medicine,1327,Brain Structure & Function,2.9,"解剖学与形态学-1区
神经科学-2区",3区,,,,[],,unresolved,unknown,0,,https://mp.weixin.qq.com/s/h_3PwOTE-7CNowwthUzEzg,pending_clarivate_verification
medicine,1328,Burns,2.9,"外科-1区
危重病医学-2区
皮肤病学-2区",3区,,0305-4179,,"[""0305-4179""]",Elsevier,resolved,unknown,0,,https://mp.weixin.qq.com/s/h_3PwOTE-7CNowwthUzEzg,pending_clarivate_verification
medicine,1329,Clinical Rehabilitation,2.9,康复医学-1区,3区,,0269-2155,1477-0873,"[""0269-2155"",""1477-0873""]",SAGE Publications,resolved,unknown,0,,https://mp.weixin.qq.com/s/h_3PwOTE-7CNowwthUzEzg,pending_clarivate_verification
medicine,1330,Journal of Patient-Reported Outcomes,2.9,"卫生政策与服务-1区
卫生保健与服务-2区",3区,,,2509-8020,"[""2509-8020""]",Springer (Biomed Central Ltd.),resolved,unknown,0,,https://mp.weixin.qq.com/s/h_3PwOTE-7CNowwthUzEzg,pending_clarivate_verification
medicine,1331,Archives of Physiotherapy,2.9,康复医学-1区,3区,,2057-0082,2057-0082,"[""2057-0082""]",Aboutscience Srl,resolved,unknown,0,,https://mp.weixin.qq.com/s/h_3PwOTE-7CNowwthUzEzg,pending_clarivate_verification
medicine,1332,Sports,2.9,运动科学-1区,3区,,,2075-4663,"[""2075-4663""]",MDPI AG,resolved,unknown,0,,https://mp.weixin.qq.com/s/h_3PwOTE-7CNowwthUzEzg,pending_clarivate_verification
medicine,1333,Journal of Nursing Scholarship,2.9,护理-1区,3区,,1527-6546,1547-5069,"[""1527-6546"",""1547-5069""]",Wiley (Blackwell Publishing),resolved,unknown,0,,https://mp.weixin.qq.com/s/h_3PwOTE-7CNowwthUzEzg,pending_clarivate_verification
medicine,1334,Journal of Psychiatric and Mental Health Nursing,2.9,"护理-1区
精神病学-2区",3区,,1351-0126,1365-2850,"[""1351-0126"",""1365-2850""]",Wiley (Blackwell Publishing),resolved,unknown,0,,https://mp.weixin.qq.com/s/h_3PwOTE-7CNowwthUzEzg,pending_clarivate_verification
medicine,1335,Molecular Oral Microbiology,2.9,"牙科与口腔外科-1区
微生物学-3区",3区,,2041-1006,2041-1014,"[""2041-1006"",""2041-1014""]",Wiley (Blackwell Publishing),resolved,unknown,0,,https://mp.weixin.qq.com/s/h_3PwOTE-7CNowwthUzEzg,pending_clarivate_verification
medicine,1336,Oral Diseases,2.9,牙科与口腔外科-1区,3区,,1354-523X,1601-0825,"[""1354-523X"",""1601-0825""]",Wiley (Blackwell Publishing),resolved,unknown,0,,https://mp.weixin.qq.com/s/h_3PwOTE-7CNowwthUzEzg,pending_clarivate_verification
medicine,1337,Shock,2.9,"外科-1区
危重病医学-2区
血液学-2区
外周血管病-2区",3区,,1073-2322,1540-0514,"[""1073-2322"",""1540-0514""]",Ovid Technologies (Wolters Kluwer) - Lippincott Williams & Wilkins,resolved,unknown,0,,https://mp.weixin.qq.com/s/h_3PwOTE-7CNowwthUzEzg,pending_clarivate_verification
medicine,1338,Techniques in Coloproctology,2.9,"外科-1区
胃肠肝病学-2区",3区,,1123-6337,1128-045X,"[""1123-6337"",""1128-045X""]",Springer-Verlag,resolved,unknown,0,,https://mp.weixin.qq.com/s/h_3PwOTE-7CNowwthUzEzg,pending_clarivate_verification
medicine,1339,Breast Cancer,2.9,"妇产科学-1区
肿瘤学-2区",3区,,1340-6868,1880-4233,"[""1340-6868"",""1880-4233""]",Springer-Verlag,resolved,unknown,0,,https://mp.weixin.qq.com/s/h_3PwOTE-7CNowwthUzEzg,pending_clarivate_verification
medicine,1340,Frontiers in Integrative Neuroscience,2.9,"行为科学-1区
神经科学-2区",4区,,1662-5145,1662-5145,"[""1662-5145""]",Frontiers Media SA,resolved,unknown,0,,https://mp.weixin.qq.com/s/h_3PwOTE-7CNowwthUzEzg,pending_clarivate_verification
medicine,1341,Annals of Rehabilitation Medicine-Arm,2.9,康复医学-1区,4区,,,,[],,unresolved,unknown,0,,https://mp.weixin.qq.com/s/h_3PwOTE-7CNowwthUzEzg,pending_clarivate_verification
medicine,1342,Canadian Journal of Nursing Research,2.9,护理-1区,4区,,0844-5621,1705-7051,"[""0844-5621"",""1705-7051""]",SAGE Publications,resolved,unknown,0,,https://mp.weixin.qq.com/s/h_3PwOTE-7CNowwthUzEzg,pending_clarivate_verification
medicine,1343,Documenta Ophthalmologica,2.9,眼科学-1区,4区,,0012-4486,1573-2622,"[""0012-4486"",""1573-2622""]",Springer-Verlag,resolved,unknown,0,,https://mp.weixin.qq.com/s/h_3PwOTE-7CNowwthUzEzg,pending_clarivate_verification
medicine,1344,Frontiers in Behavioral Neuroscience,2.9,"行为科学-1区
神经科学-2区",4区,,1662-5153,1662-5153,"[""1662-5153""]",Frontiers Media SA,resolved,unknown,0,,https://mp.weixin.qq.com/s/h_3PwOTE-7CNowwthUzEzg,pending_clarivate_verification
medicine,1345,Pregnancy Hypertension-An International Journal of Womens Cardiovascular Health,2.9,"妇产科学-1区
外周血管病-2区",4区,,,,[],,unresolved,unknown,0,,https://mp.weixin.qq.com/s/h_3PwOTE-7CNowwthUzEzg,pending_clarivate_verification
medicine,1346,International Breastfeeding Journal,2.8,"妇产科学-1区
儿科-1区",2区,,1746-4358,1746-4358,"[""1746-4358""]",Springer (Biomed Central Ltd.),resolved,unknown,0,,https://mp.weixin.qq.com/s/h_3PwOTE-7CNowwthUzEzg,pending_clarivate_verification
medicine,1347,BMJ Sexual & Reproductive Health,2.8,"家庭研究-1区
妇产科学-1区
社会科学：生物医学-1区",2区,,2515-1991,2515-2009,"[""2515-1991"",""2515-2009""]",BMJ,resolved,unknown,0,,https://mp.weixin.qq.com/s/h_3PwOTE-7CNowwthUzEzg,pending_clarivate_verification
medicine,1348,Best Practice & Research-Clinical Anaesthesiology,2.8,麻醉学-1区,2区,,,,[],,unresolved,unknown,0,,https://mp.weixin.qq.com/s/h_3PwOTE-7CNowwthUzEzg,pending_clarivate_verification
medicine,1349,Ear and Hearing,2.8,"听力学与言语病理学-1区
耳鼻喉科学-1区",2区,,0196-0202,0196-0202,"[""0196-0202""]",Ovid Technologies (Wolters Kluwer) - Lippincott Williams & Wilkins,resolved,unknown,0,,https://mp.weixin.qq.com/s/h_3PwOTE-7CNowwthUzEzg,pending_clarivate_verification
medicine,1350,Journal of Health Politics Policy and Law,2.8,"社会问题-1区
社会科学：生物医学-1区
卫生保健与服务-2区
卫生政策与服务-2区",2区,,0361-6878,1527-1927,"[""0361-6878"",""1527-1927""]",Duke University Press,resolved,unknown,0,,https://mp.weixin.qq.com/s/h_3PwOTE-7CNowwthUzEzg,pending_clarivate_verification
medicine,1351,BMC Sports Science Medicine and Rehabilitation,2.8,"康复医学-1区
运动科学-1区",3区,,2052-1847,2052-1847,"[""2052-1847""]",Springer (Biomed Central Ltd.),resolved,unknown,0,,https://mp.weixin.qq.com/s/h_3PwOTE-7CNowwthUzEzg,pending_clarivate_verification
medicine,1352,Academic Pediatrics,2.8,儿科-1区,3区,,1876-2859,,"[""1876-2859""]",Elsevier,resolved,unknown,0,,https://mp.weixin.qq.com/s/h_3PwOTE-7CNowwthUzEzg,pending_clarivate_verification
medicine,1353,Games for Health Journal,2.8,"康复医学-1区
公共卫生、环境卫生与职业卫生-2区",3区,,2161-783X,2161-7856,"[""2161-783X"",""2161-7856""]",SAGE Publications,resolved,unknown,0,,https://mp.weixin.qq.com/s/h_3PwOTE-7CNowwthUzEzg,pending_clarivate_verification
medicine,1354,Acta Ophthalmologica,2.8,眼科学-1区,3区,,1755-375X,1755-3776,"[""1755-375X"",""1755-3768"",""1755-3776""]",Wiley (Blackwell Publishing),resolved,unknown,0,,https://mp.weixin.qq.com/s/h_3PwOTE-7CNowwthUzEzg,pending_clarivate_verification
medicine,1355,Maxillofacial Plastic and Reconstructive Surgery,2.8,牙科与口腔外科-1区,3区,,2288-8101,2288-8586,"[""2288-8101"",""2288-8586""]",Springer (Biomed Central Ltd.),resolved,unknown,0,,https://mp.weixin.qq.com/s/h_3PwOTE-7CNowwthUzEzg,pending_clarivate_verification
medicine,1356,Aesthetic Plastic Surgery,2.8,外科-1区,3区,,0364-216X,1432-5241,"[""0364-216X"",""1432-5241""]",Springer-Verlag,resolved,unknown,0,,https://mp.weixin.qq.com/s/h_3PwOTE-7CNowwthUzEzg,pending_clarivate_verification
medicine,1357,International Journal of Geriatric Psychiatry,2.8,"老年医学-1区
精神病学-2区
老年医学-3区",3区,,0885-6230,1099-1166,"[""0885-6230"",""1099-1166""]",Wiley (John Wiley & Sons),resolved,unknown,0,,https://mp.weixin.qq.com/s/h_3PwOTE-7CNowwthUzEzg,pending_clarivate_verification
medicine,1358,Journal of Athletic Training,2.8,运动科学-1区,3区,,1062-6050,1938-162X,"[""1062-6050"",""1938-162X""]",National Athletic Trainers' Association,resolved,unknown,0,,https://mp.weixin.qq.com/s/h_3PwOTE-7CNowwthUzEzg,pending_clarivate_verification
medicine,1359,Journal of Hepato-Biliary-Pancreatic Sciences,2.8,"外科-1区
胃肠肝病学-2区",3区,,1868-6974,1868-6982,"[""1868-6974"",""1868-6982""]",Wiley (John Wiley & Sons),resolved,unknown,0,,https://mp.weixin.qq.com/s/h_3PwOTE-7CNowwthUzEzg,pending_clarivate_verification
medicine,1360,Journal of Human Kinetics,2.8,运动科学-1区,3区,,1640-5544,1899-7562,"[""1640-5544"",""1899-7562""]",Termedia Sp. z.o.o.,resolved,unknown,0,,https://mp.weixin.qq.com/s/h_3PwOTE-7CNowwthUzEzg,pending_clarivate_verification
medicine,1361,Journal of the American Academy of Orthopaedic Surgeons,2.8,"骨科-1区
外科-1区",3区,,1067-151X,1940-5480,"[""1067-151X"",""1940-5480""]",American Academy of Orthopaedic Surgeons,resolved,unknown,0,,https://mp.weixin.qq.com/s/h_3PwOTE-7CNowwthUzEzg,pending_clarivate_verification
medicine,1362,Seminars in Fetal & Neonatal Medicine,2.8,儿科-1区,3区,,,,[],,unresolved,unknown,0,,https://mp.weixin.qq.com/s/h_3PwOTE-7CNowwthUzEzg,pending_clarivate_verification
medicine,1363,Surgical Clinics of North America,2.8,外科-1区,3区,,0039-6109,,"[""0039-6109""]",Elsevier,resolved,unknown,0,,https://mp.weixin.qq.com/s/h_3PwOTE-7CNowwthUzEzg,pending_clarivate_verification
medicine,1364,Yonsei Medical Journal,2.8,医学：内科-1区,3区,,0513-5796,1976-2437,"[""0513-5796"",""1976-2437""]",Yonsei University College of Medicine,resolved,unknown,0,,https://mp.weixin.qq.com/s/h_3PwOTE-7CNowwthUzEzg,pending_clarivate_verification
medicine,1365,Journal of Orthopaedic Surgery and Research,2.8,骨科-1区,3区,,1749-799X,1749-799X,"[""1749-799X""]",Springer (Biomed Central Ltd.),resolved,unknown,0,,https://mp.weixin.qq.com/s/h_3PwOTE-7CNowwthUzEzg,pending_clarivate_verification
medicine,1366,Journal of Tissue Viability,2.8,"护理-1区
皮肤病学-2区",3区,,,,[],,ambiguous,unknown,0,,https://mp.weixin.qq.com/s/h_3PwOTE-7CNowwthUzEzg,pending_clarivate_verification
medicine,1367,Archives of Osteoporosis,2.8,"骨科-1区
内分泌学与代谢-3区",3区,,1862-3522,1862-3514,"[""1862-3514"",""1862-3522""]",Springer-Verlag,resolved,unknown,0,,https://mp.weixin.qq.com/s/h_3PwOTE-7CNowwthUzEzg,pending_clarivate_verification
medicine,1368,Asia-Pacific Journal of Oncology Nursing,2.8,护理-1区,4区,,2347-5625,,"[""2347-5625""]",Elsevier,resolved,unknown,0,,https://mp.weixin.qq.com/s/h_3PwOTE-7CNowwthUzEzg,pending_clarivate_verification
medicine,1369,Academic Psychiatry,2.8,"教育学和教育研究-1区
精神病学-2区",4区,,1042-9670,1545-7230,"[""1042-9670"",""1545-7230""]",Springer-Verlag,resolved,unknown,0,,https://mp.weixin.qq.com/s/h_3PwOTE-7CNowwthUzEzg,pending_clarivate_verification
medicine,1370,Canadian Journal of Ophthalmology-Journal Canadien D Ophtalmologie,2.8,眼科学-1区,4区,,,,[],,unresolved,unknown,0,,https://mp.weixin.qq.com/s/h_3PwOTE-7CNowwthUzEzg,pending_clarivate_verification
medicine,1371,Wearable Technologies,2.8,"康复医学-1区
工程：生物医学-3区
机器人学-3区",4区,,,2631-7176,"[""2631-7176""]",Cambridge University Press,resolved,unknown,0,,https://mp.weixin.qq.com/s/h_3PwOTE-7CNowwthUzEzg,pending_clarivate_verification
medicine,1372,Journal of Bone and Joint Infection,2.8,"骨科-1区
外科-1区
传染病学-2区",4区,,2206-3552,2206-3552,"[""2206-3552""]",Copernicus GmbH,resolved,unknown,0,,https://mp.weixin.qq.com/s/h_3PwOTE-7CNowwthUzEzg,pending_clarivate_verification
medicine,1373,Osteoporosis and Sarcopenia,2.8,"骨科-1区
内分泌学与代谢-3区",4区,,2405-5255,,"[""2405-5255""]",Elsevier,resolved,unknown,0,,https://mp.weixin.qq.com/s/h_3PwOTE-7CNowwthUzEzg,pending_clarivate_verification
medicine,1374,Current Pediatrics Reports,2.8,儿科-1区,4区,,,2167-4841,"[""2167-4841""]",Springer-Verlag,resolved,unknown,0,,https://mp.weixin.qq.com/s/h_3PwOTE-7CNowwthUzEzg,pending_clarivate_verification
medicine,1375,Minerva Anestesiologica,2.8,"麻醉学-1区
危重病医学-2区",4区,,0375-9393,1827-1596,"[""0375-9393"",""1827-1596""]",Edizioni Minerva Medica,resolved,unknown,0,,https://mp.weixin.qq.com/s/h_3PwOTE-7CNowwthUzEzg,pending_clarivate_verification
medicine,1376,Postgraduate Medicine,2.8,医学：内科-1区,4区,,0032-5481,1941-9260,"[""0032-5481"",""1941-9260""]",Informa UK (Taylor & Francis),resolved,unknown,0,,https://mp.weixin.qq.com/s/h_3PwOTE-7CNowwthUzEzg,pending_clarivate_verification
medicine,1377,Pm&r,2.8,"康复医学-1区
运动科学-1区",4区,,1934-1482,1934-1563,"[""1934-1482"",""1934-1563""]",Wiley (John Wiley & Sons),resolved,unknown,0,,https://mp.weixin.qq.com/s/h_3PwOTE-7CNowwthUzEzg,pending_clarivate_verification
medicine,1378,Psychology of Addictive Behaviors,2.7,"心理学：综合-1区
药物滥用-2区",2区,,0893-164X,1939-1501,"[""0893-164X"",""1939-1501""]",American Psychological Association,resolved,unknown,0,,https://mp.weixin.qq.com/s/h_3PwOTE-7CNowwthUzEzg,pending_clarivate_verification
medicine,1379,Sociology of Health & Illness,2.7,"社会科学：生物医学-1区
社会学-1区
公共卫生、环境卫生与职业卫生-2区",2区,,0141-9889,1467-9566,"[""0141-9889"",""1467-9566""]",Wiley (Blackwell Publishing),resolved,unknown,0,,https://mp.weixin.qq.com/s/h_3PwOTE-7CNowwthUzEzg,pending_clarivate_verification
medicine,1380,Colorectal Disease,2.7,"外科-1区
胃肠肝病学-2区",2区,,1462-8910,1463-1318,"[""1462-8910"",""1463-1318""]",Wiley (Blackwell Publishing),resolved,unknown,0,,https://mp.weixin.qq.com/s/h_3PwOTE-7CNowwthUzEzg,pending_clarivate_verification
medicine,1381,European Journal of Orthodontics,2.7,牙科与口腔外科-1区,2区,,0141-5387,1460-2210,"[""0141-5387"",""1460-2210""]",Oxford University Press,resolved,unknown,0,,https://mp.weixin.qq.com/s/h_3PwOTE-7CNowwthUzEzg,pending_clarivate_verification
medicine,1382,European Journal of Paediatric Dentistry,2.7,"牙科与口腔外科-1区
儿科-1区",2区,,,,[],,unresolved,unknown,0,,https://mp.weixin.qq.com/s/h_3PwOTE-7CNowwthUzEzg,pending_clarivate_verification
medicine,1383,Prenatal Diagnosis,2.7,"妇产科学-1区
遗传学-2区",2区,,0197-3851,1097-0223,"[""0197-3851"",""1097-0223""]",Wiley (John Wiley & Sons),resolved,unknown,0,,https://mp.weixin.qq.com/s/h_3PwOTE-7CNowwthUzEzg,pending_clarivate_verification
medicine,1384,Surgery,2.7,外科-1区,2区,,,,[],,ambiguous,unknown,0,,https://mp.weixin.qq.com/s/h_3PwOTE-7CNowwthUzEzg,pending_clarivate_verification
medicine,1385,Surgical Endoscopy and Other Interventional Techniques,2.7,外科-1区,2区,,,,[],,unresolved,unknown,0,,https://mp.weixin.qq.com/s/h_3PwOTE-7CNowwthUzEzg,pending_clarivate_verification
medicine,1386,BMC Pregnancy and Childbirth,2.7,妇产科学-1区,2区,,1471-2393,1471-2393,"[""1471-2393""]",Springer (Biomed Central Ltd.),resolved,unknown,0,,https://mp.weixin.qq.com/s/h_3PwOTE-7CNowwthUzEzg,pending_clarivate_verification
medicine,1387,Health Communication,2.7,"传播学-1区
卫生政策与服务-2区",3区,,1041-0236,1532-7027,"[""1041-0236"",""1532-7027""]",Informa UK (Taylor & Francis),resolved,unknown,0,,https://mp.weixin.qq.com/s/h_3PwOTE-7CNowwthUzEzg,pending_clarivate_verification
medicine,1388,Transcultural Psychiatry,2.7,"人类学-1区
精神病学-2区",3区,,1363-4615,,"[""1363-4615"",""1461-7471""]",SAGE Publications,resolved,unknown,0,,https://mp.weixin.qq.com/s/h_3PwOTE-7CNowwthUzEzg,pending_clarivate_verification
medicine,1389,Emergency Medicine Journal,2.7,急救医学-1区,3区,,1472-0205,1472-0213,"[""1472-0205"",""1472-0213""]",BMJ,resolved,unknown,0,,https://mp.weixin.qq.com/s/h_3PwOTE-7CNowwthUzEzg,pending_clarivate_verification
medicine,1390,Journal of Experimental Orthopaedics,2.7,"外科-1区
骨科-2区",3区,,2197-1153,2197-1153,"[""2197-1153""]",Wiley (John Wiley & Sons),resolved,unknown,0,,https://mp.weixin.qq.com/s/h_3PwOTE-7CNowwthUzEzg,pending_clarivate_verification
medicine,1391,European Journal of Oncology Nursing,2.7,"护理-1区
肿瘤学-3区",3区,,1462-3889,,"[""1462-3889""]",Elsevier,resolved,unknown,0,,https://mp.weixin.qq.com/s/h_3PwOTE-7CNowwthUzEzg,pending_clarivate_verification
medicine,1392,International Journal of Nursing Studies Advances,2.7,护理-1区,3区,,2666-142X,,"[""2666-142X""]",Elsevier,resolved,unknown,0,,https://mp.weixin.qq.com/s/h_3PwOTE-7CNowwthUzEzg,pending_clarivate_verification
medicine,1393,Hormone Research in Paediatrics,2.7,"儿科-1区
内分泌学与代谢-3区",3区,,1663-2818,1663-2826,"[""1663-2818"",""1663-2826""]",S. Karger AG,resolved,unknown,0,,https://mp.weixin.qq.com/s/h_3PwOTE-7CNowwthUzEzg,pending_clarivate_verification
medicine,1394,International Journal of Oral and Maxillofacial Surgery,2.7,"牙科与口腔外科-1区
外科-1区",3区,,0901-5027,1399-0020,"[""0901-5027"",""1399-0020""]",Elsevier,resolved,unknown,0,,https://mp.weixin.qq.com/s/h_3PwOTE-7CNowwthUzEzg,pending_clarivate_verification
medicine,1395,Journal of Adhesive Dentistry,2.7,牙科与口腔外科-1区,3区,,,,[],,unresolved,unknown,0,,https://mp.weixin.qq.com/s/h_3PwOTE-7CNowwthUzEzg,pending_clarivate_verification
medicine,1396,Journal of Assisted Reproduction and Genetics,2.7,"妇产科学-1区
遗传学-2区
生殖生物学-2区",3区,,1058-0468,1573-7330,"[""1058-0468"",""1573-7330""]",Springer-Verlag,resolved,unknown,0,,https://mp.weixin.qq.com/s/h_3PwOTE-7CNowwthUzEzg,pending_clarivate_verification
medicine,1397,American Journal of Surgery,2.7,外科-1区,3区,,,,[],,unresolved,unknown,0,,https://mp.weixin.qq.com/s/h_3PwOTE-7CNowwthUzEzg,pending_clarivate_verification
medicine,1398,Australian Critical Care,2.7,"护理-1区
危重病医学-2区",3区,,1036-7314,,"[""1036-7314""]",Elsevier,resolved,unknown,0,,https://mp.weixin.qq.com/s/h_3PwOTE-7CNowwthUzEzg,pending_clarivate_verification
medicine,1399,BMC Womens Health,2.7,"妇产科学-1区
公共卫生、环境卫生与职业卫生-2区",3区,,,,[],,unresolved,unknown,0,,https://mp.weixin.qq.com/s/h_3PwOTE-7CNowwthUzEzg,pending_clarivate_verification
medicine,1400,Pediatric Obesity,2.7,儿科-1区,3区,,2047-6302,2047-6310,"[""2047-6302"",""2047-6310""]",Wiley (Blackwell Publishing),resolved,unknown,0,,https://mp.weixin.qq.com/s/h_3PwOTE-7CNowwthUzEzg,pending_clarivate_verification
medicine,1401,Pragmatic and Observational Research,2.7,医学：内科-1区,4区,,,1179-7266,"[""1179-7266""]",Dove Medical Press,resolved,unknown,0,,https://mp.weixin.qq.com/s/h_3PwOTE-7CNowwthUzEzg,pending_clarivate_verification
medicine,1402,NMR in Biomedicine,2.7,"光谱学-1区
生物物理-2区
核医学-2区",4区,,0952-3480,1099-1492,"[""0952-3480"",""1099-1492""]",Wiley (John Wiley & Sons),resolved,unknown,0,,https://mp.weixin.qq.com/s/h_3PwOTE-7CNowwthUzEzg,pending_clarivate_verification
medicine,1403,Postgraduate Medical Journal,2.7,医学：内科-1区,4区,,0032-5473,1469-0756,"[""0032-5473"",""1469-0756""]",Oxford University Press,resolved,unknown,0,,https://mp.weixin.qq.com/s/h_3PwOTE-7CNowwthUzEzg,pending_clarivate_verification
medicine,1404,Research in Developmental Disabilities,2.6,"特殊教育学-1区
康复医学-1区",2区,,0891-4222,,"[""0891-4222""]",Elsevier,resolved,unknown,0,,https://mp.weixin.qq.com/s/h_3PwOTE-7CNowwthUzEzg,pending_clarivate_verification
medicine,1405,Suicide and Life-Threatening Behavior,2.6,"心理学：综合-1区
精神病学-2区",2区,,0363-0234,1943-278X,"[""0363-0234"",""1943-278X""]",Wiley (Blackwell Publishing),resolved,unknown,0,,https://mp.weixin.qq.com/s/h_3PwOTE-7CNowwthUzEzg,pending_clarivate_verification
medicine,1406,Maternal and Child Nutrition,2.6,"儿科-1区
营养学-3区",2区,,1740-8695,1740-8709,"[""1740-8695"",""1740-8709""]",Wiley (Blackwell Publishing),resolved,unknown,0,,https://mp.weixin.qq.com/s/h_3PwOTE-7CNowwthUzEzg,pending_clarivate_verification
medicine,1407,BMC Emergency Medicine,2.6,急救医学-1区,3区,,1471-227X,1471-227X,"[""1471-227X""]",Springer (Biomed Central Ltd.),resolved,unknown,0,,https://mp.weixin.qq.com/s/h_3PwOTE-7CNowwthUzEzg,pending_clarivate_verification
medicine,1408,International Journal of Womens Health,2.6,妇产科学-1区,3区,,,,[],,unresolved,unknown,0,,https://mp.weixin.qq.com/s/h_3PwOTE-7CNowwthUzEzg,pending_clarivate_verification
medicine,1409,Tropical Medicine and Infectious Disease,2.6,"热带医学-1区
传染病学-2区
寄生虫学-2区",3区,,,2414-6366,"[""2414-6366""]",MDPI AG,resolved,unknown,0,,https://mp.weixin.qq.com/s/h_3PwOTE-7CNowwthUzEzg,pending_clarivate_verification
medicine,1410,European Journal of Pediatrics,2.6,儿科-1区,3区,,0340-6199,1432-1076,"[""0340-6199"",""0340-6997"",""0943-9676"",""1432-1076""]",Springer-Verlag,resolved,unknown,0,,https://mp.weixin.qq.com/s/h_3PwOTE-7CNowwthUzEzg,pending_clarivate_verification
medicine,1411,BMC Primary Care,2.6,"医学：内科-1区
初级卫生保健-1区",3区,,,2731-4553,"[""2731-4553""]",Springer (Biomed Central Ltd.),resolved,unknown,0,,https://mp.weixin.qq.com/s/h_3PwOTE-7CNowwthUzEzg,pending_clarivate_verification
medicine,1412,Policy Politics & Nursing Practice,2.6,"护理-1区
卫生政策与服务-2区",3区,,1527-1544,,"[""1527-1544"",""1552-7468""]",SAGE Publications,resolved,unknown,0,,https://mp.weixin.qq.com/s/h_3PwOTE-7CNowwthUzEzg,pending_clarivate_verification
medicine,1413,Wiley Interdisciplinary Reviews: Forensic Science,2.6,"犯罪学与刑罚学-1区
医学：法-1区",3区,,,,[],,unresolved,unknown,0,,https://mp.weixin.qq.com/s/h_3PwOTE-7CNowwthUzEzg,pending_clarivate_verification
medicine,1414,Journal of Pediatric Gastroenterology and Nutrition,2.6,"儿科-1区
胃肠肝病学-2区
营养学-3区",3区,,0277-2116,1536-4801,"[""0277-2116"",""1536-4801""]",Wiley (John Wiley & Sons),resolved,unknown,0,,https://mp.weixin.qq.com/s/h_3PwOTE-7CNowwthUzEzg,pending_clarivate_verification
medicine,1415,Pediatric Nephrology,2.6,"儿科-1区
泌尿学与肾脏学-2区",3区,,0931-041X,1432-198X,"[""0931-041X"",""1432-198X""]",Springer-Verlag,resolved,unknown,0,,https://mp.weixin.qq.com/s/h_3PwOTE-7CNowwthUzEzg,pending_clarivate_verification
medicine,1416,Journal of the Pediatric Infectious Diseases Society,2.6,"儿科-1区
传染病学-2区",4区,,2048-7193,2048-7207,"[""2048-7193"",""2048-7207""]",Oxford University Press,resolved,unknown,0,,https://mp.weixin.qq.com/s/h_3PwOTE-7CNowwthUzEzg,pending_clarivate_verification
medicine,1417,Crisis-the Journal of Crisis Intervention and Suicide Prevention,2.6,"心理学：综合-1区
精神病学-2区",4区,,,,[],,unresolved,unknown,0,,https://mp.weixin.qq.com/s/h_3PwOTE-7CNowwthUzEzg,pending_clarivate_verification
medicine,1418,Korean Journal of Family Medicine,2.6,初级卫生保健-1区,4区,,2005-6443,2092-6715,"[""2005-6443"",""2092-6715""]",The Korean Academy of Family Medicine,resolved,unknown,0,,https://mp.weixin.qq.com/s/h_3PwOTE-7CNowwthUzEzg,pending_clarivate_verification
medicine,1419,Heart & Lung,2.6,"护理-1区
心脏和心血管系统-2区
呼吸系统-2区",4区,,0147-9563,,"[""0147-9563""]",Elsevier,resolved,unknown,0,,https://mp.weixin.qq.com/s/h_3PwOTE-7CNowwthUzEzg,pending_clarivate_verification
medicine,1420,Journal of Cardiovascular Nursing,2.6,"护理-1区
心脏和心血管系统-2区",4区,,2149-4975,2149-4975,"[""2149-4975""]",Turkish Society of Cardiology,resolved,unknown,0,,https://mp.weixin.qq.com/s/h_3PwOTE-7CNowwthUzEzg,pending_clarivate_verification
medicine,1421,Journal of the American Board of Family Medicine,2.6,"医学：内科-1区
初级卫生保健-1区",4区,,,,[],,unresolved,unknown,0,,https://mp.weixin.qq.com/s/h_3PwOTE-7CNowwthUzEzg,pending_clarivate_verification
medicine,1422,Nursing in Critical Care,2.6,护理-1区,4区,,1362-1017,1478-5153,"[""1362-1017"",""1478-5153""]",Wiley (Blackwell Publishing),resolved,unknown,0,,https://mp.weixin.qq.com/s/h_3PwOTE-7CNowwthUzEzg,pending_clarivate_verification
medicine,1423,Hong Kong Medical Journal,2.6,医学：内科-1区,4区,,1024-2708,2226-8707,"[""1024-2708"",""2226-8707""]",Hong Kong Academy of Medicine Press,resolved,unknown,0,,https://mp.weixin.qq.com/s/h_3PwOTE-7CNowwthUzEzg,pending_clarivate_verification
medicine,1424,Hearing Research,2.5,"听力学与言语病理学-1区
耳鼻喉科学-1区
神经科学-3区",2区,,0378-5955,,"[""0378-5955""]",Elsevier,resolved,unknown,0,,https://mp.weixin.qq.com/s/h_3PwOTE-7CNowwthUzEzg,pending_clarivate_verification
medicine,1425,Journal of Pediatric Surgery,2.5,"儿科-1区
外科-1区",2区,,0022-3468,1531-5037,"[""0022-3468"",""1531-5037""]",Elsevier,resolved,unknown,0,,https://mp.weixin.qq.com/s/h_3PwOTE-7CNowwthUzEzg,pending_clarivate_verification
medicine,1426,Paediatric and Perinatal Epidemiology,2.5,"儿科-1区
妇产科学-2区
公共卫生、环境卫生与职业卫生-2区",2区,,0269-5022,1365-3016,"[""0269-5022"",""1365-3016""]",Wiley (Blackwell Publishing),resolved,unknown,0,,https://mp.weixin.qq.com/s/h_3PwOTE-7CNowwthUzEzg,pending_clarivate_verification
medicine,1427,Womens Health Issues,2.5,"女性研究-1区
公共卫生、环境卫生与职业卫生-2区",3区,,,,[],,unresolved,unknown,0,,https://mp.weixin.qq.com/s/h_3PwOTE-7CNowwthUzEzg,pending_clarivate_verification
medicine,1428,Journal of Occupational Rehabilitation,2.5,"康复医学-1区
社会问题-1区",3区,,1053-0487,1573-3688,"[""1053-0487"",""1573-3688""]",Springer-Verlag,resolved,unknown,0,,https://mp.weixin.qq.com/s/h_3PwOTE-7CNowwthUzEzg,pending_clarivate_verification
medicine,1429,Birth-Issues in Perinatal Care,2.5,"护理-1区
儿科-1区
妇产科学-2区",3区,,,,[],,unresolved,unknown,0,,https://mp.weixin.qq.com/s/h_3PwOTE-7CNowwthUzEzg,pending_clarivate_verification
medicine,1430,Journal of Policy and Practice in Intellectual Disabilities,2.5,"康复医学-1区
卫生政策与服务-2区",3区,,1741-1122,1741-1130,"[""1741-1122"",""1741-1130""]",Wiley (Blackwell Publishing),resolved,unknown,0,,https://mp.weixin.qq.com/s/h_3PwOTE-7CNowwthUzEzg,pending_clarivate_verification
medicine,1431,Cancer Nursing,2.5,"护理-1区
肿瘤学-3区",3区,,0162-220X,1538-9804,"[""0162-220X"",""1538-9804""]",Ovid Technologies (Wolters Kluwer) - Lippincott Williams & Wilkins,resolved,unknown,0,,https://mp.weixin.qq.com/s/h_3PwOTE-7CNowwthUzEzg,pending_clarivate_verification
medicine,1432,Acta Tropica,2.5,"热带医学-1区
寄生虫学-2区",3区,,0001-706X,1873-6254,"[""0001-706X"",""1873-6254""]",Elsevier,resolved,unknown,0,,https://mp.weixin.qq.com/s/h_3PwOTE-7CNowwthUzEzg,pending_clarivate_verification
medicine,1433,Sage Open Nursing,2.5,护理-1区,3区,,2377-9608,2377-9608,"[""2377-9608""]",SAGE Publications,resolved,unknown,0,,https://mp.weixin.qq.com/s/h_3PwOTE-7CNowwthUzEzg,pending_clarivate_verification
medicine,1434,Forensic Science International,2.5,医学：法-1区,3区,,0379-0738,,"[""0379-0738""]",Elsevier,resolved,unknown,0,,https://mp.weixin.qq.com/s/h_3PwOTE-7CNowwthUzEzg,pending_clarivate_verification
medicine,1435,Jornal de Pediatria,2.5,儿科-1区,3区,,0021-7557,0021-7557,"[""0021-7557"",""1678-4782""]",Elsevier,resolved,unknown,0,,https://mp.weixin.qq.com/s/h_3PwOTE-7CNowwthUzEzg,pending_clarivate_verification
medicine,1436,Journal of the Formosan Medical Association,2.5,医学：内科-1区,3区,,0929-6646,1876-0821,"[""0929-6646"",""1876-0821""]",Elsevier,resolved,unknown,0,,https://mp.weixin.qq.com/s/h_3PwOTE-7CNowwthUzEzg,pending_clarivate_verification
medicine,1437,Memorias Do Instituto Oswaldo Cruz,2.5,"热带医学-1区
寄生虫学-2区",3区,,,,[],,unresolved,unknown,0,,https://mp.weixin.qq.com/s/h_3PwOTE-7CNowwthUzEzg,pending_clarivate_verification
medicine,1438,Midwifery,2.5,护理-1区,3区,,0266-6138,,"[""0266-6138""]",Elsevier,resolved,unknown,0,,https://mp.weixin.qq.com/s/h_3PwOTE-7CNowwthUzEzg,pending_clarivate_verification
medicine,1439,Neurosurgical Review,2.5,"外科-1区
临床神经病学-2区",3区,,0344-5607,1437-2320,"[""0344-5607"",""1437-2320""]",Springer-Verlag,resolved,unknown,0,,https://mp.weixin.qq.com/s/h_3PwOTE-7CNowwthUzEzg,pending_clarivate_verification
medicine,1440,Nursing Philosophy,2.5,护理-1区,3区,,1466-7681,1466-769X,"[""1466-7681"",""1466-769X""]",Wiley (Blackwell Publishing),resolved,unknown,0,,https://mp.weixin.qq.com/s/h_3PwOTE-7CNowwthUzEzg,pending_clarivate_verification
medicine,1441,Otolaryngology-Head and Neck Surgery,2.5,"耳鼻喉科学-1区
外科-1区",3区,,,,[],,unresolved,unknown,0,,https://mp.weixin.qq.com/s/h_3PwOTE-7CNowwthUzEzg,pending_clarivate_verification
medicine,1442,Surgeon-Journal of the Royal Colleges of Surgeons of Edinburgh and Ireland,2.5,外科-1区,3区,,,,[],,unresolved,unknown,0,,https://mp.weixin.qq.com/s/h_3PwOTE-7CNowwthUzEzg,pending_clarivate_verification
medicine,1443,Topics in Stroke Rehabilitation,2.5,康复医学-1区,3区,,1074-9357,1945-5119,"[""1074-9357"",""1945-5119""]",Maney Publishing,resolved,unknown,0,,https://mp.weixin.qq.com/s/h_3PwOTE-7CNowwthUzEzg,pending_clarivate_verification
medicine,1444,World Journal of Surgery,2.5,外科-1区,3区,,0364-2313,1432-2323,"[""0364-2313"",""1432-2323""]",Wiley (John Wiley & Sons),resolved,unknown,0,,https://mp.weixin.qq.com/s/h_3PwOTE-7CNowwthUzEzg,pending_clarivate_verification
medicine,1445,World Journal of Surgical Oncology,2.5,"外科-1区
肿瘤学-3区",3区,,1477-7819,1477-7819,"[""1477-7819""]",Springer (Biomed Central Ltd.),resolved,unknown,0,,https://mp.weixin.qq.com/s/h_3PwOTE-7CNowwthUzEzg,pending_clarivate_verification
medicine,1446,International Wound Journal,2.5,"外科-1区
皮肤病学-2区",3区,,1742-4801,1742-481X,"[""1742-4801"",""1742-481X""]",Wiley (Blackwell Publishing),resolved,unknown,0,,https://mp.weixin.qq.com/s/h_3PwOTE-7CNowwthUzEzg,pending_clarivate_verification
medicine,1447,American Journal of Speech-Language Pathology,2.5,"听力学与言语病理学-1区
语言学-1区
康复医学-1区",3区,,1058-0360,1558-9110,"[""1058-0360"",""1558-9110""]",American Speech-Language-Hearing Association,resolved,unknown,0,,https://mp.weixin.qq.com/s/h_3PwOTE-7CNowwthUzEzg,pending_clarivate_verification
medicine,1448,European Journal of General Practice,2.5,"医学：内科-1区
初级卫生保健-2区",3区,,1381-4788,1751-1402,"[""1381-4788"",""1751-1402""]",Informa UK (Taylor & Francis),resolved,unknown,0,,https://mp.weixin.qq.com/s/h_3PwOTE-7CNowwthUzEzg,pending_clarivate_verification
medicine,1449,Journal of Nursing Research,2.5,护理-1区,3区,,,,[],,ambiguous,unknown,0,,https://mp.weixin.qq.com/s/h_3PwOTE-7CNowwthUzEzg,pending_clarivate_verification
medicine,1450,Clinical Simulation in Nursing,2.5,护理-1区,3区,,1876-1399,,"[""1876-1399""]",Elsevier,resolved,unknown,0,,https://mp.weixin.qq.com/s/h_3PwOTE-7CNowwthUzEzg,pending_clarivate_verification
medicine,1451,Prehospital and Disaster Medicine,2.5,急救医学-1区,4区,,1049-023X,1945-1938,"[""1049-023X"",""1945-1938""]",Cambridge University Press,resolved,unknown,0,,https://mp.weixin.qq.com/s/h_3PwOTE-7CNowwthUzEzg,pending_clarivate_verification
medicine,1452,Journal of Tropical Medicine,2.5,"热带医学-1区
公共卫生、环境卫生与职业卫生-2区",4区,,1687-9686,1687-9694,"[""1687-9686"",""1687-9694""]",Hindawi Limited,resolved,unknown,0,,https://mp.weixin.qq.com/s/h_3PwOTE-7CNowwthUzEzg,pending_clarivate_verification
medicine,1453,Assistive Technology,2.5,康复医学-1区,4区,,1040-0435,1949-3614,"[""1040-0435"",""1949-3614""]",Informa UK (Taylor & Francis),resolved,unknown,0,,https://mp.weixin.qq.com/s/h_3PwOTE-7CNowwthUzEzg,pending_clarivate_verification
medicine,1454,Biomedicine-Taiwan,2.5,医学：内科-1区,4区,,,,[],,unresolved,unknown,0,,https://mp.weixin.qq.com/s/h_3PwOTE-7CNowwthUzEzg,pending_clarivate_verification
medicine,1455,Current Opinion in Pediatrics,2.5,儿科-1区,4区,,1040-8703,1531-698X,"[""1040-8703"",""1531-698X""]",Ovid Technologies (Wolters Kluwer) - Lippincott Williams & Wilkins,resolved,unknown,0,,https://mp.weixin.qq.com/s/h_3PwOTE-7CNowwthUzEzg,pending_clarivate_verification
medicine,1456,Current Developmental Disorders Reports,2.5,"康复医学-1区
心理学：发育-2区
神经科学-3区",4区,,,2196-2987,"[""2196-2987""]",Springer-Verlag,resolved,unknown,0,,https://mp.weixin.qq.com/s/h_3PwOTE-7CNowwthUzEzg,pending_clarivate_verification
medicine,1457,Indian Journal of Medical Research,2.5,"医学：内科-1区
免疫学-3区
医学：研究与实验-3区",4区,,,,[],,unresolved,unknown,0,,https://mp.weixin.qq.com/s/h_3PwOTE-7CNowwthUzEzg,pending_clarivate_verification
medicine,1458,Seminars in Pediatric Surgery,2.5,"儿科-1区
外科-1区",4区,,1055-8586,,"[""1055-8586""]",Elsevier - WB Saunders,resolved,unknown,0,,https://mp.weixin.qq.com/s/h_3PwOTE-7CNowwthUzEzg,pending_clarivate_verification
medicine,1459,Pathogens and Global Health,2.5,"热带医学-1区
寄生虫学-2区
公共卫生、环境卫生与职业卫生-2区",4区,,2047-7724,2047-7732,"[""2047-7724"",""2047-7732""]",Maney Publishing,resolved,unknown,0,,https://mp.weixin.qq.com/s/h_3PwOTE-7CNowwthUzEzg,pending_clarivate_verification
medicine,1460,Qualitative Health Research,2.4,"社会科学：跨领域-1区
图书情报与档案管理-2区
社会科学：生物医学-2区",2区,,1049-7323,,"[""1049-7323"",""1552-7557""]",SAGE Publications,resolved,unknown,0,,https://mp.weixin.qq.com/s/h_3PwOTE-7CNowwthUzEzg,pending_clarivate_verification
medicine,1461,Clinics in Perinatology,2.4,"儿科-1区
妇产科学-2区",2区,,0095-5108,,"[""0095-5108""]",Elsevier,resolved,unknown,0,,https://mp.weixin.qq.com/s/h_3PwOTE-7CNowwthUzEzg,pending_clarivate_verification
medicine,1462,Hernia,2.4,外科-1区,2区,,1265-4906,1248-9204,"[""1248-9204"",""1265-4906""]",Springer-Verlag,resolved,unknown,0,,https://mp.weixin.qq.com/s/h_3PwOTE-7CNowwthUzEzg,pending_clarivate_verification
medicine,1463,Seminars in Vascular Surgery,2.4,"外科-1区
外周血管病-2区",2区,,0895-7967,,"[""0895-7967""]",Elsevier - WB Saunders,resolved,unknown,0,,https://mp.weixin.qq.com/s/h_3PwOTE-7CNowwthUzEzg,pending_clarivate_verification
medicine,1464,Journal of Health Communication,2.4,"传播学-1区
图书情报与档案管理-2区",3区,,1081-0730,1087-0415,"[""1081-0730"",""1087-0415""]",Informa UK (Taylor & Francis),resolved,unknown,0,,https://mp.weixin.qq.com/s/h_3PwOTE-7CNowwthUzEzg,pending_clarivate_verification
medicine,1465,Resuscitation Plus,2.4,"急救医学-1区
危重病医学-2区",3区,,2666-5204,,"[""2666-5204""]",Elsevier,resolved,unknown,0,,https://mp.weixin.qq.com/s/h_3PwOTE-7CNowwthUzEzg,pending_clarivate_verification
medicine,1466,Frontiers in Global Womens Health,2.4,"女性研究-1区
妇产科学-2区
公共卫生、环境卫生与职业卫生-2区",3区,,,,[],,unresolved,unknown,0,,https://mp.weixin.qq.com/s/h_3PwOTE-7CNowwthUzEzg,pending_clarivate_verification
medicine,1467,Geriatric Nursing,2.4,"护理-1区
老年医学-2区
老年医学-3区",3区,,0197-4572,,"[""0197-4572""]",Elsevier,resolved,unknown,0,,https://mp.weixin.qq.com/s/h_3PwOTE-7CNowwthUzEzg,pending_clarivate_verification
medicine,1468,Journal of Gastrointestinal Surgery,2.4,"外科-1区
胃肠肝病学-3区",3区,,1091-255X,1873-4626,"[""1091-255X"",""1873-4626""]",Elsevier,resolved,unknown,0,,https://mp.weixin.qq.com/s/h_3PwOTE-7CNowwthUzEzg,pending_clarivate_verification
medicine,1469,Journal of Neurosurgical Anesthesiology,2.4,"外科-1区
麻醉学-2区
临床神经病学-3区",3区,,0898-4921,1537-1921,"[""0898-4921"",""1537-1921""]",Ovid Technologies (Wolters Kluwer) - Lippincott Williams & Wilkins,resolved,unknown,0,,https://mp.weixin.qq.com/s/h_3PwOTE-7CNowwthUzEzg,pending_clarivate_verification
medicine,1470,Journal of Perinatology,2.4,"儿科-1区
妇产科学-2区",3区,,0743-8346,0743-8346,"[""0743-8346"",""1300-5251"",""1476-5543""]",Springer Science and Business Media LLC,resolved,unknown,0,,https://mp.weixin.qq.com/s/h_3PwOTE-7CNowwthUzEzg,pending_clarivate_verification
medicine,1471,Journal of Plastic Reconstructive and Aesthetic Surgery,2.4,外科-1区,3区,,,,[],,unresolved,unknown,0,,https://mp.weixin.qq.com/s/h_3PwOTE-7CNowwthUzEzg,pending_clarivate_verification
medicine,1472,Physical Therapy in Sport,2.4,"康复医学-1区
运动科学-2区",3区,,1466-853X,,"[""1466-853X""]",Elsevier,resolved,unknown,0,,https://mp.weixin.qq.com/s/h_3PwOTE-7CNowwthUzEzg,pending_clarivate_verification
medicine,1473,Research in Nursing & Health,2.4,护理-1区,3区,,0160-6891,1098-240X,"[""0160-6891"",""1098-240X""]",Wiley (John Wiley & Sons),resolved,unknown,0,,https://mp.weixin.qq.com/s/h_3PwOTE-7CNowwthUzEzg,pending_clarivate_verification
medicine,1474,Surgical Oncology Clinics of North America,2.4,"外科-1区
肿瘤学-3区",3区,,1055-3207,,"[""1055-3207""]",Elsevier,resolved,unknown,0,,https://mp.weixin.qq.com/s/h_3PwOTE-7CNowwthUzEzg,pending_clarivate_verification
medicine,1475,Surgical Oncology-Oxford,2.4,"外科-1区
肿瘤学-3区",3区,,,,[],,unresolved,unknown,0,,https://mp.weixin.qq.com/s/h_3PwOTE-7CNowwthUzEzg,pending_clarivate_verification
medicine,1476,HPB,2.4,"外科-1区
胃肠肝病学-3区",3区,,1365-182X,1477-2574,"[""1365-182X"",""1477-2574""]",Elsevier,resolved,unknown,0,,https://mp.weixin.qq.com/s/h_3PwOTE-7CNowwthUzEzg,pending_clarivate_verification
medicine,1477,Jbjs Reviews,2.4,外科-1区,4区,,2329-9185,2329-9185,"[""2329-9185""]",Journal of Bone and Joint Surgery,resolved,unknown,0,,https://mp.weixin.qq.com/s/h_3PwOTE-7CNowwthUzEzg,pending_clarivate_verification
medicine,1478,Canadian Family Physician,2.4,"医学：内科-1区
初级卫生保健-2区",4区,,0008-350X,1715-5258,"[""0008-350X"",""1715-5258""]",The College of Family Physicians of Canada,resolved,unknown,0,,https://mp.weixin.qq.com/s/h_3PwOTE-7CNowwthUzEzg,pending_clarivate_verification
medicine,1479,Pleura and Peritoneum,2.4,"外科-1区
肿瘤学-3区",4区,,2364-7671,2364-768X,"[""2364-7671"",""2364-768X""]",Walter de Gruyter GmbH,resolved,unknown,0,,https://mp.weixin.qq.com/s/h_3PwOTE-7CNowwthUzEzg,pending_clarivate_verification
medicine,1480,Clinics,2.4,医学：内科-1区,4区,,1807-5932,1807-5932,"[""1807-5932"",""1980-5322""]",Elsevier,resolved,unknown,0,,https://mp.weixin.qq.com/s/h_3PwOTE-7CNowwthUzEzg,pending_clarivate_verification
medicine,1481,International Journal of Clinical Practice,2.4,医学：内科-1区,4区,,1368-5031,1742-1241,"[""1368-5031"",""1742-1241""]",Hindawi Limited,resolved,unknown,0,,https://mp.weixin.qq.com/s/h_3PwOTE-7CNowwthUzEzg,pending_clarivate_verification
medicine,1482,International Journal of Radiation Biology,2.4,"核科学技术-1区
生物学-2区
核医学-2区",4区,,0955-3002,1362-3095,"[""0955-3002"",""1362-3095""]",Informa UK (Taylor & Francis),resolved,unknown,0,,https://mp.weixin.qq.com/s/h_3PwOTE-7CNowwthUzEzg,pending_clarivate_verification
medicine,1483,American Journal of Physical Medicine & Rehabilitation,2.4,"康复医学-1区
运动科学-2区",4区,,0894-9115,1537-7385,"[""0894-9115"",""1537-7385""]",Ovid Technologies (Wolters Kluwer) - Lippincott Williams & Wilkins,resolved,unknown,0,,https://mp.weixin.qq.com/s/h_3PwOTE-7CNowwthUzEzg,pending_clarivate_verification
medicine,1484,Journal of the Chinese Medical Association,2.4,医学：内科-1区,4区,,1726-4901,1726-4901,"[""1726-4901"",""1728-7731""]",Ovid Technologies (Wolters Kluwer) - Lippincott Williams & Wilkins,resolved,unknown,0,,https://mp.weixin.qq.com/s/h_3PwOTE-7CNowwthUzEzg,pending_clarivate_verification
medicine,1485,Journal of Voice,2.4,"听力学与言语病理学-1区
耳鼻喉科学-1区",4区,,0892-1997,,"[""0892-1997""]",Elsevier,resolved,unknown,0,,https://mp.weixin.qq.com/s/h_3PwOTE-7CNowwthUzEzg,pending_clarivate_verification
medicine,1486,Lasers in Medical Science,2.4,"外科-1区
工程：生物医学-3区",4区,,0268-8921,1435-604X,"[""0268-8921"",""1435-604X""]",Springer-Verlag,resolved,unknown,0,,https://mp.weixin.qq.com/s/h_3PwOTE-7CNowwthUzEzg,pending_clarivate_verification
medicine,1487,Medicina-Lithuania,2.4,医学：内科-1区,4区,,,,[],,unresolved,unknown,0,,https://mp.weixin.qq.com/s/h_3PwOTE-7CNowwthUzEzg,pending_clarivate_verification
medicine,1488,Stereotactic and Functional Neurosurgery,2.4,"外科-1区
神经成像-3区
神经科学-3区",4区,,1011-6125,1423-0372,"[""1011-6125"",""1423-0372""]",S. Karger AG,resolved,unknown,0,,https://mp.weixin.qq.com/s/h_3PwOTE-7CNowwthUzEzg,pending_clarivate_verification
medicine,1489,European Annals of Otorhinolaryngology-Head and Neck Diseases,2.4,耳鼻喉科学-1区,4区,,,,[],,unresolved,unknown,0,,https://mp.weixin.qq.com/s/h_3PwOTE-7CNowwthUzEzg,pending_clarivate_verification
medicine,1490,Korean Journal of Internal Medicine,2.4,医学：内科-1区,4区,,,,[],,unresolved,unknown,0,,https://mp.weixin.qq.com/s/h_3PwOTE-7CNowwthUzEzg,pending_clarivate_verification
medicine,1491,JARO-Journal of the Association for Research in Otolaryngology,2.3,"耳鼻喉科学-1区
神经科学-3区",2区,,,,[],,unresolved,unknown,0,,https://mp.weixin.qq.com/s/h_3PwOTE-7CNowwthUzEzg,pending_clarivate_verification
medicine,1492,Chiropractic & Manual Therapies,2.3,康复医学-1区,3区,,2045-709X,2045-709X,"[""2045-709X""]",Springer (Biomed Central Ltd.),resolved,unknown,0,,https://mp.weixin.qq.com/s/h_3PwOTE-7CNowwthUzEzg,pending_clarivate_verification
medicine,1493,International Journal of Qualitative Studies on Health and Well-Being,2.3,"护理-1区
公共卫生、环境卫生与职业卫生-2区
社会科学：生物医学-2区",3区,,1748-2623,1748-2631,"[""1748-2623"",""1748-2631""]",Informa UK (Taylor & Francis),resolved,unknown,0,,https://mp.weixin.qq.com/s/h_3PwOTE-7CNowwthUzEzg,pending_clarivate_verification
medicine,1494,Nursing Research and Practice,2.3,护理-1区,3区,,2090-1429,2090-1437,"[""2090-1429"",""2090-1437""]",Hindawi Limited,resolved,unknown,0,,https://mp.weixin.qq.com/s/h_3PwOTE-7CNowwthUzEzg,pending_clarivate_verification
medicine,1495,Journal of Electromyography and Kinesiology,2.3,"康复医学-1区
生理学-2区
运动科学-2区
神经科学-3区",3区,,1050-6411,,"[""1050-6411""]",Elsevier,resolved,unknown,0,,https://mp.weixin.qq.com/s/h_3PwOTE-7CNowwthUzEzg,pending_clarivate_verification
medicine,1496,American Journal of Rhinology & Allergy,2.3,耳鼻喉科学-1区,3区,,,,[],,unresolved,unknown,0,,https://mp.weixin.qq.com/s/h_3PwOTE-7CNowwthUzEzg,pending_clarivate_verification
medicine,1497,Medical Mycology,2.3,"兽医学-1区
传染病学-3区
真菌学-3区",3区,,1369-3786,1460-2709,"[""1369-3786"",""1460-2709""]",Oxford University Press,resolved,unknown,0,,https://mp.weixin.qq.com/s/h_3PwOTE-7CNowwthUzEzg,pending_clarivate_verification
medicine,1498,Journal of Pediatric Nursing-Nursing Care of Children & Families,2.3,"护理-1区
儿科-2区",3区,,,,[],,unresolved,unknown,0,,https://mp.weixin.qq.com/s/h_3PwOTE-7CNowwthUzEzg,pending_clarivate_verification
medicine,1499,Nursing Open,2.3,护理-1区,4区,,2054-1058,2054-1058,"[""2054-1058""]",Wiley (John Wiley & Sons),resolved,unknown,0,,https://mp.weixin.qq.com/s/h_3PwOTE-7CNowwthUzEzg,pending_clarivate_verification
medicine,1500,Health & Social Care in the Community,2.3,"社会工作-1区
公共卫生、环境卫生与职业卫生-2区",4区,,0966-0410,1365-2524,"[""0966-0410"",""1365-2524""]",Hindawi Limited,resolved,unknown,0,,https://mp.weixin.qq.com/s/h_3PwOTE-7CNowwthUzEzg,pending_clarivate_verification
medicine,1501,Turkish Journal of Emergency Medicine,2.3,急救医学-1区,4区,,1304-7361,2452-2473,"[""1304-7361"",""2452-2473""]",Ovid Technologies (Wolters Kluwer) - Medknow Publications,resolved,unknown,0,,https://mp.weixin.qq.com/s/h_3PwOTE-7CNowwthUzEzg,pending_clarivate_verification
medicine,1502,Clinical and Experimental Emergency Medicine,2.3,急救医学-1区,4区,,3022-1811,2383-4625,"[""2383-4625"",""3022-1811""]",Korean Society of Emergency Medicine,resolved,unknown,0,,https://mp.weixin.qq.com/s/h_3PwOTE-7CNowwthUzEzg,pending_clarivate_verification
medicine,1503,Clinical Anatomy,2.3,解剖学与形态学-1区,4区,,0897-3806,1098-2353,"[""0897-3806"",""1098-2353""]",Wiley (John Wiley & Sons),resolved,unknown,0,,https://mp.weixin.qq.com/s/h_3PwOTE-7CNowwthUzEzg,pending_clarivate_verification
medicine,1504,Journal of Emergency Nursing,2.3,"急救医学-1区
护理-1区",4区,,0099-1767,,"[""0099-1767""]",Elsevier,resolved,unknown,0,,https://mp.weixin.qq.com/s/h_3PwOTE-7CNowwthUzEzg,pending_clarivate_verification
medicine,1505,Journal of Midwifery & Womens Health,2.3,护理-1区,4区,,,,[],,unresolved,unknown,0,,https://mp.weixin.qq.com/s/h_3PwOTE-7CNowwthUzEzg,pending_clarivate_verification
medicine,1506,Journal of Rehabilitation Medicine,2.3,"康复医学-1区
运动科学-2区",4区,,1650-1977,1651-2081,"[""1650-1977"",""1651-2081""]","MJS Publishing, Medical Journals Sweden AB",resolved,unknown,0,,https://mp.weixin.qq.com/s/h_3PwOTE-7CNowwthUzEzg,pending_clarivate_verification
medicine,1507,Rehabilitation,2.3,康复医学-1区,4区,,,,[],,unresolved,unknown,0,,https://mp.weixin.qq.com/s/h_3PwOTE-7CNowwthUzEzg,pending_clarivate_verification
medicine,1508,Frontiers in Neuroanatomy,2.3,"解剖学与形态学-1区
神经科学-3区",4区,,1662-5129,1662-5129,"[""1662-5129""]",Frontiers Media SA,resolved,unknown,0,,https://mp.weixin.qq.com/s/h_3PwOTE-7CNowwthUzEzg,pending_clarivate_verification
medicine,1509,Asian Nursing Research,2.3,护理-1区,4区,,1976-1317,,"[""1976-1317""]",Elsevier,resolved,unknown,0,,https://mp.weixin.qq.com/s/h_3PwOTE-7CNowwthUzEzg,pending_clarivate_verification
medicine,1510,Journal of Speech Language and Hearing Research,2.2,"语言学-1区
康复医学-1区
听力学与言语病理学-2区",2区,,1092-4388,1558-9102,"[""1092-4388"",""1558-9102""]",American Speech-Language-Hearing Association,resolved,unknown,0,,https://mp.weixin.qq.com/s/h_3PwOTE-7CNowwthUzEzg,pending_clarivate_verification
medicine,1511,Musculoskeletal Science and Practice,2.2,康复医学-1区,3区,,2468-7812,,"[""2468-7812""]",Elsevier,resolved,unknown,0,,https://mp.weixin.qq.com/s/h_3PwOTE-7CNowwthUzEzg,pending_clarivate_verification
medicine,1512,European Archives of Oto-Rhino-Laryngology,2.2,耳鼻喉科学-1区,3区,,0937-4477,1434-4726,"[""0937-4477"",""1434-4726""]",Springer-Verlag,resolved,unknown,0,,https://mp.weixin.qq.com/s/h_3PwOTE-7CNowwthUzEzg,pending_clarivate_verification
medicine,1513,Head and Neck-Journal for the Sciences and Specialties of the Head and Neck,2.2,"耳鼻喉科学-1区
外科-2区",3区,,,,[],,unresolved,unknown,0,,https://mp.weixin.qq.com/s/h_3PwOTE-7CNowwthUzEzg,pending_clarivate_verification
medicine,1514,Journal of Otolaryngology-Head & Neck Surgery,2.2,耳鼻喉科学-1区,3区,,,,[],,unresolved,unknown,0,,https://mp.weixin.qq.com/s/h_3PwOTE-7CNowwthUzEzg,pending_clarivate_verification
medicine,1515,Disability and Rehabilitation-Assistive Technology,2.2,康复医学-1区,4区,,,,[],,unresolved,unknown,0,,https://mp.weixin.qq.com/s/h_3PwOTE-7CNowwthUzEzg,pending_clarivate_verification
medicine,1516,International Journal of Population Data Science (IJPDS),2.2,"社会科学：跨领域-1区
卫生保健与服务-2区
公共卫生、环境卫生与职业卫生-2区",4区,,,,[],,unresolved,unknown,0,,https://mp.weixin.qq.com/s/h_3PwOTE-7CNowwthUzEzg,pending_clarivate_verification
medicine,1517,Spinal Cord,2.2,"康复医学-1区
临床神经病学-3区",4区,,1362-4393,1362-4393,"[""1362-4393"",""1476-5624""]",Springer Science and Business Media LLC,resolved,unknown,0,,https://mp.weixin.qq.com/s/h_3PwOTE-7CNowwthUzEzg,pending_clarivate_verification
medicine,1518,International Journal of Sexual Health,2.1,"社会科学：跨领域-1区
心理学：临床-2区
公共卫生、环境卫生与职业卫生-2区",3区,,1931-7611,1931-762X,"[""1931-7611"",""1931-762X""]",Informa UK (Taylor & Francis),resolved,unknown,0,,https://mp.weixin.qq.com/s/h_3PwOTE-7CNowwthUzEzg,pending_clarivate_verification
medicine,1519,Journal of Comparative Neurology,2.1,"动物学-1区
神经科学-3区",3区,,0092-7317,1550-7130,"[""0092-7317"",""1550-7130""]",Wiley (John Wiley & Sons),resolved,unknown,0,,https://mp.weixin.qq.com/s/h_3PwOTE-7CNowwthUzEzg,pending_clarivate_verification
medicine,1520,American Journal of Orthopsychiatry,2.1,社会工作-1区,3区,,0002-9432,1939-0025,"[""0002-9432"",""1939-0025""]",American Psychological Association,resolved,unknown,0,,https://mp.weixin.qq.com/s/h_3PwOTE-7CNowwthUzEzg,pending_clarivate_verification
medicine,1521,Journal of Communication Disorders,2.1,"语言学-1区
听力学与言语病理学-2区
康复医学-2区",3区,,0021-9924,,"[""0021-9924""]",Elsevier,resolved,unknown,0,,https://mp.weixin.qq.com/s/h_3PwOTE-7CNowwthUzEzg,pending_clarivate_verification
medicine,1522,Research in Autism Spectrum Disorders,2.1,"特殊教育学-1区
康复医学-2区
精神病学-3区
心理学：发育-3区",4区,,1750-9467,,"[""1750-9467""]",Elsevier,resolved,unknown,0,,https://mp.weixin.qq.com/s/h_3PwOTE-7CNowwthUzEzg,pending_clarivate_verification
medicine,1523,Anatomical Record-Advances in Integrative Anatomy and Evolutionary Biology,2.1,解剖学与形态学-1区,4区,,,,[],,unresolved,unknown,0,,https://mp.weixin.qq.com/s/h_3PwOTE-7CNowwthUzEzg,pending_clarivate_verification
medicine,1524,Aphasiology,2.1,"语言学-1区
听力学与言语病理学-2区
康复医学-2区
临床神经病学-3区",4区,,0268-7038,1464-5041,"[""0268-7038"",""1464-5041""]",Informa UK (Taylor & Francis),resolved,unknown,0,,https://mp.weixin.qq.com/s/h_3PwOTE-7CNowwthUzEzg,pending_clarivate_verification
medicine,1525,International Journal of Language & Communication Disorders,2.1,"语言学-1区
听力学与言语病理学-2区
康复医学-2区",4区,,1368-2822,1460-6984,"[""0963-7273"",""1368-2822"",""1460-6984""]",Wiley (Blackwell Publishing),resolved,unknown,0,,https://mp.weixin.qq.com/s/h_3PwOTE-7CNowwthUzEzg,pending_clarivate_verification
medicine,1526,Journal of Intellectual Disability Research,2.0,"特殊教育学-1区
康复医学-2区",3区,,0964-2633,1365-2788,"[""0964-2633"",""1365-2788""]",Wiley (Blackwell Publishing),resolved,unknown,0,,https://mp.weixin.qq.com/s/h_3PwOTE-7CNowwthUzEzg,pending_clarivate_verification
medicine,1527,Ethnicity & Health,2.0,"民族研究-1区
公共卫生、环境卫生与职业卫生-3区",3区,,,,[],,unresolved,unknown,0,,https://mp.weixin.qq.com/s/h_3PwOTE-7CNowwthUzEzg,pending_clarivate_verification
medicine,1528,Journal of the American Academy of Psychiatry and the Law,2.0,"法学-1区
精神病学-3区",4区,,,,[],,unresolved,unknown,0,,https://mp.weixin.qq.com/s/h_3PwOTE-7CNowwthUzEzg,pending_clarivate_verification
medicine,1529,AJIDD-American Journal on Intellectual and Developmental Disabilities,2.0,"特殊教育学-1区
康复医学-2区",4区,,,,[],,unresolved,unknown,0,,https://mp.weixin.qq.com/s/h_3PwOTE-7CNowwthUzEzg,pending_clarivate_verification
medicine,1530,Journal of Womens Health,1.9,"女性研究-1区
医学：内科-2区
妇产科学-2区
公共卫生、环境卫生与职业卫生-3区",3区,,,,[],,unresolved,unknown,0,,https://mp.weixin.qq.com/s/h_3PwOTE-7CNowwthUzEzg,pending_clarivate_verification
medicine,1531,Health & Social Work,1.9,社会工作-1区,4区,,0360-7283,1545-6854,"[""0360-7283"",""1545-6854""]",Oxford University Press,resolved,unknown,0,,https://mp.weixin.qq.com/s/h_3PwOTE-7CNowwthUzEzg,pending_clarivate_verification
medicine,1532,International Journal of Speech-Language Pathology,1.9,"语言学-1区
听力学与言语病理学-2区
康复医学-2区",4区,,1754-9507,1754-9515,"[""1754-9507"",""1754-9515""]",Informa UK (Taylor & Francis),resolved,unknown,0,,https://mp.weixin.qq.com/s/h_3PwOTE-7CNowwthUzEzg,pending_clarivate_verification
medicine,1533,Social Work in Health Care,1.8,社会工作-1区,3区,,0098-1389,1541-034X,"[""0098-1389"",""1541-034X""]",Informa UK (Taylor & Francis),resolved,unknown,0,,https://mp.weixin.qq.com/s/h_3PwOTE-7CNowwthUzEzg,pending_clarivate_verification
medicine,1534,Language Cognition and Neuroscience,1.8,"语言学-1区
听力学与言语病理学-2区
行为科学-3区
心理学：实验-3区",3区,,2327-3798,2327-3801,"[""2327-3798"",""2327-3801""]",Informa UK (Taylor & Francis),resolved,unknown,0,,https://mp.weixin.qq.com/s/h_3PwOTE-7CNowwthUzEzg,pending_clarivate_verification
medicine,1535,Culture Medicine and Psychiatry,1.8,"人类学-1区
精神病学-3区
社会科学：生物医学-3区",4区,,0165-005X,1573-076X,"[""0165-005X"",""1573-076X""]",Springer-Verlag,resolved,unknown,0,,https://mp.weixin.qq.com/s/h_3PwOTE-7CNowwthUzEzg,pending_clarivate_verification
medicine,1536,Focus on Autism and Other Developmental Disabilities,1.8,"特殊教育学-1区
康复医学-2区
心理学：发育-3区",4区,,1088-3576,1538-4829,"[""1088-3576"",""1538-4829""]",SAGE Publications,resolved,unknown,0,,https://mp.weixin.qq.com/s/h_3PwOTE-7CNowwthUzEzg,pending_clarivate_verification
medicine,1537,Medical Law Review,1.7,"法学-1区
医学：法-2区",3区,,0967-0742,1464-3790,"[""0967-0742"",""1464-3790""]",Oxford University Press,resolved,unknown,0,,https://mp.weixin.qq.com/s/h_3PwOTE-7CNowwthUzEzg,pending_clarivate_verification
medicine,1538,Child and Adolescent Social Work Journal,1.7,社会工作-1区,4区,,0738-0151,1573-2797,"[""0738-0151"",""1573-2797""]",Springer-Verlag,resolved,unknown,0,,https://mp.weixin.qq.com/s/h_3PwOTE-7CNowwthUzEzg,pending_clarivate_verification
medicine,1539,American Journal of Human Biology,1.7,"人类学-1区
生物学-2区",4区,,1042-0533,1520-6300,"[""1042-0533"",""1520-6300""]",Wiley (John Wiley & Sons),resolved,unknown,0,,https://mp.weixin.qq.com/s/h_3PwOTE-7CNowwthUzEzg,pending_clarivate_verification
medicine,1540,Medicine Science and the Law,1.7,"法学-1区
医学：法-2区",4区,,0025-8024,2042-1818,"[""0025-8024"",""2042-1818""]",SAGE Publications,resolved,unknown,0,,https://mp.weixin.qq.com/s/h_3PwOTE-7CNowwthUzEzg,pending_clarivate_verification
medicine,1541,Intellectual and Developmental Disabilities,1.6,"特殊教育学-1区
康复医学-2区",4区,,1934-9556,1934-9556,"[""1934-9491"",""1934-9556""]",Informa UK (Taylor & Francis),resolved,unknown,0,,https://mp.weixin.qq.com/s/h_3PwOTE-7CNowwthUzEzg,pending_clarivate_verification
medicine,1542,Journal of Early Intervention,1.6,"特殊教育学-1区
康复医学-2区
心理学：教育-3区",4区,,1053-8151,2154-3992,"[""1053-8151"",""2154-3992""]",SAGE Publications,resolved,unknown,0,,https://mp.weixin.qq.com/s/h_3PwOTE-7CNowwthUzEzg,pending_clarivate_verification
medicine,1543,Psychiatry Psychology and Law,1.5,"法学-1区
犯罪学与刑罚学-2区
精神病学-3区
心理学：综合-3区",4区,,1321-8719,1934-1687,"[""1321-8719"",""1934-1687""]",Informa UK (Taylor & Francis),resolved,unknown,0,,https://mp.weixin.qq.com/s/h_3PwOTE-7CNowwthUzEzg,pending_clarivate_verification
medicine,1544,New Genetics and Society,1.5,"科学史与科学哲学-1区
社会问题-3区
社会科学：生物医学-3区
生物工程与应用微生物-4区
遗传学-4区",4区,,1463-6778,1469-9915,"[""1463-6778"",""1469-9915""]",Informa UK (Taylor & Francis),resolved,unknown,0,,https://mp.weixin.qq.com/s/h_3PwOTE-7CNowwthUzEzg,pending_clarivate_verification
medicine,1545,International Journal of Law and Psychiatry,1.3,"法学-1区
精神病学-3区",4区,,0160-2527,,"[""0160-2527""]",Elsevier,resolved,unknown,0,,https://mp.weixin.qq.com/s/h_3PwOTE-7CNowwthUzEzg,pending_clarivate_verification
medicine,1546,Zeitschrift Fur Psychosomatische Medizin Und Psychotherapie,0.8,"心理学：分析-1区
心理学：综合-3区
精神病学-4区
心理学-4区
心理学：临床-4区",4区,,,,[],,unresolved,unknown,0,,https://mp.weixin.qq.com/s/h_3PwOTE-7CNowwthUzEzg,pending_clarivate_verification
biology,1,NATURE REVIEWS MOLECULAR CELL BIOLOGY,118,Q1,1区,,1471-0072,1471-0080,"[""1471-0072"",""1471-0080""]",Springer Science and Business Media LLC,resolved,unknown,0,,https://mp.weixin.qq.com/s/WF9YQz6_lCBo4rw_3ZeHWw,pending_clarivate_verification
biology,2,NATURE REVIEWS MICROBIOLOGY,104.6,Q1,1区,,1740-1526,1740-1534,"[""1740-1526"",""1740-1534""]",Springer Science and Business Media LLC,resolved,unknown,0,,https://mp.weixin.qq.com/s/WF9YQz6_lCBo4rw_3ZeHWw,pending_clarivate_verification
biology,3,NATURE REVIEWS GENETICS,51.4,Q1,1区,,1471-0056,1471-0064,"[""1471-0056"",""1471-0064""]",Springer Science and Business Media LLC,resolved,unknown,0,,https://mp.weixin.qq.com/s/WF9YQz6_lCBo4rw_3ZeHWw,pending_clarivate_verification
biology,4,CELL,45.1,Q1,1区,,0092-8674,,"[""0092-8674""]",Elsevier,resolved,unknown,0,,https://mp.weixin.qq.com/s/WF9YQz6_lCBo4rw_3ZeHWw,pending_clarivate_verification
biology,5,NATURE BIOTECHNOLOGY,44.5,Q1,1区,,1087-0156,1546-1696,"[""1087-0156"",""1546-1696""]",Springer Science and Business Media LLC,resolved,unknown,0,,https://mp.weixin.qq.com/s/WF9YQz6_lCBo4rw_3ZeHWw,pending_clarivate_verification
biology,6,iMeta,44.4,Q1,1区,,2770-596X,2770-596X,"[""2770-596X"",""2770-5986""]",Wiley (John Wiley & Sons),resolved,unknown,0,,https://mp.weixin.qq.com/s/WF9YQz6_lCBo4rw_3ZeHWw,pending_clarivate_verification
biology,7,Cell Metabolism,37,Q1,1区,,1550-4131,,"[""1550-4131""]",Elsevier,resolved,unknown,0,,https://mp.weixin.qq.com/s/WF9YQz6_lCBo4rw_3ZeHWw,pending_clarivate_verification
biology,8,Molecular Plant,32.7,Q1,1区,,,1752-9867,"[""1674-2052"",""1752-9859"",""1752-9867""]",Elsevier,resolved,unknown,0,,https://mp.weixin.qq.com/s/WF9YQz6_lCBo4rw_3ZeHWw,pending_clarivate_verification
biology,9,CELL RESEARCH,31.1,Q1,1区,,1001-0602,1748-7838,"[""1001-0602"",""1748-7838""]",Springer Science and Business Media LLC,resolved,unknown,0,,https://mp.weixin.qq.com/s/WF9YQz6_lCBo4rw_3ZeHWw,pending_clarivate_verification
biology,10,NATURE METHODS,28.3,Q1,1区,,1548-7091,1548-7105,"[""1548-7091"",""1548-7105""]",Springer Science and Business Media LLC,resolved,unknown,0,,https://mp.weixin.qq.com/s/WF9YQz6_lCBo4rw_3ZeHWw,pending_clarivate_verification
biology,11,FUNGAL DIVERSITY,27,Q1,1区,,1560-2745,1878-9129,"[""1560-2745"",""1878-9129""]",BioAcademic Press,resolved,unknown,0,,https://mp.weixin.qq.com/s/WF9YQz6_lCBo4rw_3ZeHWw,pending_clarivate_verification
biology,12,Annual Review of Plant Biology,26.4,Q1,1区,,1543-5008,1545-2123,"[""1543-5008"",""1545-2123""]",Annual Reviews,resolved,unknown,0,,https://mp.weixin.qq.com/s/WF9YQz6_lCBo4rw_3ZeHWw,pending_clarivate_verification
biology,13,NATURE GENETICS,25.5,Q1,1区,,1061-4036,1546-1718,"[""1061-4036"",""1546-1718""]",Springer Science and Business Media LLC,resolved,unknown,0,,https://mp.weixin.qq.com/s/WF9YQz6_lCBo4rw_3ZeHWw,pending_clarivate_verification
biology,14,TRENDS IN CELL BIOLOGY,25.3,Q1,1区,,0962-8924,,"[""0962-8924""]",Elsevier,resolved,unknown,0,,https://mp.weixin.qq.com/s/WF9YQz6_lCBo4rw_3ZeHWw,pending_clarivate_verification
biology,15,Annual Review of Biochemistry,24.9,Q1,1区,,0066-4154,1545-4509,"[""0066-4154"",""1545-4509""]",Annual Reviews,resolved,unknown,0,,https://mp.weixin.qq.com/s/WF9YQz6_lCBo4rw_3ZeHWw,pending_clarivate_verification
biology,16,NATURE CELL BIOLOGY,22.7,Q1,1区,,1465-7392,1476-4679,"[""1465-7392"",""1476-4679""]",Springer Science and Business Media LLC,resolved,unknown,0,,https://mp.weixin.qq.com/s/WF9YQz6_lCBo4rw_3ZeHWw,pending_clarivate_verification
biology,17,Lancet Microbe,21.9,Q1,1区,,,,[],,unresolved,unknown,0,,https://mp.weixin.qq.com/s/WF9YQz6_lCBo4rw_3ZeHWw,pending_clarivate_verification
biology,18,TRENDS IN PLANT SCIENCE,21.2,Q1,1区,,1360-1385,1878-4372,"[""1360-1385"",""1878-4372""]",Elsevier,resolved,unknown,0,,https://mp.weixin.qq.com/s/WF9YQz6_lCBo4rw_3ZeHWw,pending_clarivate_verification
biology,19,Mycosphere,19.9,Q1,1区,,2077-7019,2077-7019,"[""2077-7000"",""2077-7019""]",Maximum Academic Press,resolved,unknown,0,,https://mp.weixin.qq.com/s/WF9YQz6_lCBo4rw_3ZeHWw,pending_clarivate_verification
biology,20,Nature Microbiology,18.7,Q1,1区,,,2058-5276,"[""2058-5276""]",Springer Science and Business Media LLC,resolved,unknown,0,,https://mp.weixin.qq.com/s/WF9YQz6_lCBo4rw_3ZeHWw,pending_clarivate_verification
biology,21,TRENDS IN MICROBIOLOGY,18.7,Q1,1区,,0966-842X,,"[""0966-842X""]",Elsevier,resolved,unknown,0,,https://mp.weixin.qq.com/s/WF9YQz6_lCBo4rw_3ZeHWw,pending_clarivate_verification
biology,22,Autophagy,18.6,Q1,1区,,1554-8627,1554-8635,"[""1554-8627"",""1554-8635""]",Landes Bioscience,resolved,unknown,0,,https://mp.weixin.qq.com/s/WF9YQz6_lCBo4rw_3ZeHWw,pending_clarivate_verification
biology,23,Nature Protocols,18.4,Q1,2区,,1750-2799,1754-2189,"[""1750-2799"",""1754-2189""]",Springer Science and Business Media LLC,resolved,unknown,0,,https://mp.weixin.qq.com/s/WF9YQz6_lCBo4rw_3ZeHWw,pending_clarivate_verification
biology,24,STUDIES IN MYCOLOGY,18.3,Q1,1区,,0166-0616,1872-9797,"[""0166-0616"",""1872-9797""]",Westerdijk Fungal Biodiversity Institute,resolved,unknown,0,,https://mp.weixin.qq.com/s/WF9YQz6_lCBo4rw_3ZeHWw,pending_clarivate_verification
biology,25,Protein & Cell,18.2,Q1,1区,,1674-800X,1674-8018,"[""1674-800X"",""1674-8018""]",Oxford University Press,resolved,unknown,0,,https://mp.weixin.qq.com/s/WF9YQz6_lCBo4rw_3ZeHWw,pending_clarivate_verification
biology,26,TRENDS IN ECOLOGY & EVOLUTION,17.9,Q1,1区,,0169-5347,,"[""0169-5347""]",Elsevier,resolved,unknown,0,,https://mp.weixin.qq.com/s/WF9YQz6_lCBo4rw_3ZeHWw,pending_clarivate_verification
biology,27,Nature Ecology & Evolution,17.1,Q1,1区,,,2397-334X,"[""2397-334X""]",Springer Science and Business Media LLC,resolved,unknown,0,,https://mp.weixin.qq.com/s/WF9YQz6_lCBo4rw_3ZeHWw,pending_clarivate_verification
biology,28,Cell Discovery,16.9,Q1,1区,,,2056-5968,"[""2056-5968""]",Springer Science and Business Media LLC,resolved,unknown,0,,https://mp.weixin.qq.com/s/WF9YQz6_lCBo4rw_3ZeHWw,pending_clarivate_verification
biology,29,FEMS MICROBIOLOGY REVIEWS,16.9,Q1,1区,,0168-6445,1574-6976,"[""0168-6445"",""1574-6976""]",Oxford University Press,resolved,unknown,0,,https://mp.weixin.qq.com/s/WF9YQz6_lCBo4rw_3ZeHWw,pending_clarivate_verification
biology,30,TRENDS IN BIOTECHNOLOGY,16.6,Q1,1区,,0167-7799,,"[""0167-7799""]",Elsevier,resolved,unknown,0,,https://mp.weixin.qq.com/s/WF9YQz6_lCBo4rw_3ZeHWw,pending_clarivate_verification
biology,31,Redox Biology,16.2,Q1,1区,,2213-2317,,"[""2213-2317""]",Elsevier,resolved,unknown,0,,https://mp.weixin.qq.com/s/WF9YQz6_lCBo4rw_3ZeHWw,pending_clarivate_verification
biology,32,Molecular Cell,16,Q1,1区,,1097-2765,,"[""1097-2765""]",Elsevier,resolved,unknown,0,,https://mp.weixin.qq.com/s/WF9YQz6_lCBo4rw_3ZeHWw,pending_clarivate_verification
biology,33,Nature Chemical Biology,15.8,Q1,1区,,1552-4450,1552-4469,"[""1552-4450"",""1552-4469""]",Springer Science and Business Media LLC,resolved,unknown,0,,https://mp.weixin.qq.com/s/WF9YQz6_lCBo4rw_3ZeHWw,pending_clarivate_verification
biology,34,Nature Plants,15,Q1,1区,,2055-026X,2055-0278,"[""2055-026X"",""2055-0278""]",Springer Science and Business Media LLC,resolved,unknown,0,,https://mp.weixin.qq.com/s/WF9YQz6_lCBo4rw_3ZeHWw,pending_clarivate_verification
biology,35,NUCLEIC ACIDS RESEARCH,15,Q1,2区,,0305-1048,1362-4962,"[""0305-1048"",""1362-4962""]",Oxford University Press,resolved,unknown,0,,https://mp.weixin.qq.com/s/WF9YQz6_lCBo4rw_3ZeHWw,pending_clarivate_verification
biology,36,JOURNAL OF NANOBIOTECHNOLOGY,15,Q1,1区,,1477-3155,1477-3155,"[""1477-3155""]",Springer (Biomed Central Ltd.),resolved,unknown,0,,https://mp.weixin.qq.com/s/WF9YQz6_lCBo4rw_3ZeHWw,pending_clarivate_verification
biology,37,Microbiome,14.9,Q1,1区,,2049-2618,2049-2618,"[""2049-2618""]",Springer (Biomed Central Ltd.),resolved,unknown,0,,https://mp.weixin.qq.com/s/WF9YQz6_lCBo4rw_3ZeHWw,pending_clarivate_verification
biology,38,TRENDS IN BIOCHEMICAL SCIENCES,14.4,Q1,1区,,0968-0004,,"[""0968-0004""]",Elsevier,resolved,unknown,0,,https://mp.weixin.qq.com/s/WF9YQz6_lCBo4rw_3ZeHWw,pending_clarivate_verification
biology,39,BIOTECHNOLOGY ADVANCES,14.1,Q1,1区,,0734-9750,,"[""0734-9750""]",Elsevier,resolved,unknown,0,,https://mp.weixin.qq.com/s/WF9YQz6_lCBo4rw_3ZeHWw,pending_clarivate_verification
biology,40,Plant Communications,13.7,Q1,1区,,2590-3462,,"[""2590-3462""]",Elsevier,resolved,unknown,0,,https://mp.weixin.qq.com/s/WF9YQz6_lCBo4rw_3ZeHWw,pending_clarivate_verification
biology,41,CELL DEATH AND DIFFERENTIATION,13.6,Q1,1区,,1350-9047,1350-9047,"[""1350-9047"",""1476-5403""]",Springer Science and Business Media LLC,resolved,unknown,0,,https://mp.weixin.qq.com/s/WF9YQz6_lCBo4rw_3ZeHWw,pending_clarivate_verification
biology,42,PLANT CELL,13.5,Q1,1区,,,,[],,unresolved,unknown,0,,https://mp.weixin.qq.com/s/WF9YQz6_lCBo4rw_3ZeHWw,pending_clarivate_verification
biology,43,Annual Review of Biophysics,12.9,Q1,1区,,1936-122X,1936-1238,"[""1936-122X"",""1936-1238""]",Annual Reviews,resolved,unknown,0,,https://mp.weixin.qq.com/s/WF9YQz6_lCBo4rw_3ZeHWw,pending_clarivate_verification
biology,44,TRENDS IN GENETICS,12.9,Q1,1区,,0168-9525,,"[""0168-9525""]",Elsevier,resolved,unknown,0,,https://mp.weixin.qq.com/s/WF9YQz6_lCBo4rw_3ZeHWw,pending_clarivate_verification
biology,45,Annual Review of Ecology Evolution and Systematics,12.9,Q1,1区,,1543-592X,1545-2069,"[""1543-592X"",""1545-2069""]",Annual Reviews,resolved,unknown,0,,https://mp.weixin.qq.com/s/WF9YQz6_lCBo4rw_3ZeHWw,pending_clarivate_verification
biology,46,PLANT BIOTECHNOLOGY JOURNAL,12.8,Q1,1区,,1467-7644,1467-7652,"[""1467-7644"",""1467-7652""]",Wiley (Blackwell Publishing),resolved,unknown,0,,https://mp.weixin.qq.com/s/WF9YQz6_lCBo4rw_3ZeHWw,pending_clarivate_verification
biology,47,Journal of Integrative Plant Biology,12.5,Q1,1区,,1672-9072,1744-7909,"[""1672-9072"",""1744-7909""]",Wiley (Blackwell Publishing),resolved,unknown,0,,https://mp.weixin.qq.com/s/WF9YQz6_lCBo4rw_3ZeHWw,pending_clarivate_verification
biology,48,NATURAL PRODUCT REPORTS,12.5,Q1,1区,,0265-0568,1460-4752,"[""0265-0568"",""1460-4752""]",The Royal Society of Chemistry,resolved,unknown,0,,https://mp.weixin.qq.com/s/WF9YQz6_lCBo4rw_3ZeHWw,pending_clarivate_verification
biology,49,Annual Review of Cell and Developmental Biology,12.5,Q1,1区,,1081-0706,1530-8995,"[""1081-0706"",""1530-8995""]",Annual Reviews,resolved,unknown,0,,https://mp.weixin.qq.com/s/WF9YQz6_lCBo4rw_3ZeHWw,pending_clarivate_verification
biology,50,CELLULAR & MOLECULAR BIOLOGY LETTERS,12.2,Q1,1区,,1425-8153,1689-1392,"[""1425-8153"",""1689-1392""]",Springer (Biomed Central Ltd.),resolved,unknown,0,,https://mp.weixin.qq.com/s/WF9YQz6_lCBo4rw_3ZeHWw,pending_clarivate_verification
biology,51,Cell Death & Disease,12.2,Q1,1区,,,,[],,unresolved,unknown,0,,https://mp.weixin.qq.com/s/WF9YQz6_lCBo4rw_3ZeHWw,pending_clarivate_verification
biology,52,Annual Review of Microbiology,12.2,Q1,1区,,0066-4227,1545-3251,"[""0066-4227"",""1545-3251""]",Annual Reviews,resolved,unknown,0,,https://mp.weixin.qq.com/s/WF9YQz6_lCBo4rw_3ZeHWw,pending_clarivate_verification
biology,53,Physics of Life Reviews,11.8,Q1,1区,,1571-0645,,"[""1571-0645""]",Elsevier,resolved,unknown,0,,https://mp.weixin.qq.com/s/WF9YQz6_lCBo4rw_3ZeHWw,pending_clarivate_verification
biology,54,MICROBIOLOGY AND MOLECULAR BIOLOGY REVIEWS,11.8,Q1,2区,,1092-2172,1098-5557,"[""1092-2172"",""1098-5557""]",American Society for Microbiology,resolved,unknown,0,,https://mp.weixin.qq.com/s/WF9YQz6_lCBo4rw_3ZeHWw,pending_clarivate_verification
biology,55,International Journal of Biological Sciences,11.7,Q1,1区,,,,[],,ambiguous,unknown,0,,https://mp.weixin.qq.com/s/WF9YQz6_lCBo4rw_3ZeHWw,pending_clarivate_verification
biology,56,Cell Communication and Signaling,11.6,Q1,2区,,1478-811X,1478-811X,"[""1478-811X""]",Springer (Biomed Central Ltd.),resolved,unknown,0,,https://mp.weixin.qq.com/s/WF9YQz6_lCBo4rw_3ZeHWw,pending_clarivate_verification
biology,57,npj Biofilms and Microbiomes,11.4,Q1,1区,,,2055-5008,"[""2055-5008""]",Springer Science and Business Media LLC,resolved,unknown,0,,https://mp.weixin.qq.com/s/WF9YQz6_lCBo4rw_3ZeHWw,pending_clarivate_verification
biology,58,BIOLOGICAL REVIEWS,10.9,Q1,1区,,1464-7931,1469-185X,"[""1464-7931"",""1469-185X""]",Wiley (Blackwell Publishing),resolved,unknown,0,,https://mp.weixin.qq.com/s/WF9YQz6_lCBo4rw_3ZeHWw,pending_clarivate_verification
biology,59,Genome Medicine,10.8,Q1,1区,,1756-994X,1756-994X,"[""1756-994X""]",Springer (Biomed Central Ltd.),resolved,unknown,0,,https://mp.weixin.qq.com/s/WF9YQz6_lCBo4rw_3ZeHWw,pending_clarivate_verification
biology,60,Cell Death Discovery,10.4,Q1,2区,,,2058-7716,"[""2058-7716""]",Springer Science and Business Media LLC,resolved,unknown,0,,https://mp.weixin.qq.com/s/WF9YQz6_lCBo4rw_3ZeHWw,pending_clarivate_verification
biology,61,NATURE STRUCTURAL & MOLECULAR BIOLOGY,10.1,Q1,1区,,1545-9993,1545-9985,"[""1545-9985"",""1545-9993""]",Springer Science and Business Media LLC,resolved,unknown,0,,https://mp.weixin.qq.com/s/WF9YQz6_lCBo4rw_3ZeHWw,pending_clarivate_verification
biology,62,Science China-Life Sciences,9.6,Q1,1区,,,,[],,unresolved,unknown,0,,https://mp.weixin.qq.com/s/WF9YQz6_lCBo4rw_3ZeHWw,pending_clarivate_verification
biology,63,PERSOONIA,9.5,Q1,1区,,,,[],,unresolved,unknown,0,,https://mp.weixin.qq.com/s/WF9YQz6_lCBo4rw_3ZeHWw,pending_clarivate_verification
biology,64,BIOSCIENCE,9.5,Q1,1区,,,,[],,ambiguous,unknown,0,,https://mp.weixin.qq.com/s/WF9YQz6_lCBo4rw_3ZeHWw,pending_clarivate_verification
biology,65,GENOME BIOLOGY,9.2,Q1,1区,,1465-6906,1465-6906,"[""1465-6906"",""1474-760X""]",Springer (Biomed Central Ltd.),resolved,unknown,0,,https://mp.weixin.qq.com/s/WF9YQz6_lCBo4rw_3ZeHWw,pending_clarivate_verification
biology,66,DEVELOPMENTAL CELL,9.2,Q1,1区,,1534-5807,,"[""1534-5807""]",Elsevier,resolved,unknown,0,,https://mp.weixin.qq.com/s/WF9YQz6_lCBo4rw_3ZeHWw,pending_clarivate_verification
biology,67,Annual Review of Genetics,9.1,Q1,1区,,0066-4197,1545-2948,"[""0066-4197"",""1545-2948""]",Annual Reviews,resolved,unknown,0,,https://mp.weixin.qq.com/s/WF9YQz6_lCBo4rw_3ZeHWw,pending_clarivate_verification
biology,68,Cell Chemical Biology,9,Q1,1区,,2451-9456,,"[""2451-9456""]",Elsevier,resolved,unknown,0,,https://mp.weixin.qq.com/s/WF9YQz6_lCBo4rw_3ZeHWw,pending_clarivate_verification
biology,69,APOPTOSIS,9,Q1,2区,,1360-8185,1573-675X,"[""1360-8185"",""1573-675X""]",Springer-Verlag,resolved,unknown,0,,https://mp.weixin.qq.com/s/WF9YQz6_lCBo4rw_3ZeHWw,pending_clarivate_verification
biology,70,CLADISTICS,8.9,Q1,1区,,0748-3007,1096-0031,"[""0748-3007"",""1096-0031""]",Wiley (Blackwell Publishing),resolved,unknown,0,,https://mp.weixin.qq.com/s/WF9YQz6_lCBo4rw_3ZeHWw,pending_clarivate_verification
biology,71,NEW PHYTOLOGIST,8.7,Q1,1区,,0028-646X,1469-8137,"[""0028-646X"",""1469-8137""]",Wiley (Blackwell Publishing),resolved,unknown,0,,https://mp.weixin.qq.com/s/WF9YQz6_lCBo4rw_3ZeHWw,pending_clarivate_verification
biology,72,International Journal of Biological Macromolecules,8.7,Q1,2区,,0141-8130,,"[""0141-8130""]",Elsevier,resolved,unknown,0,,https://mp.weixin.qq.com/s/WF9YQz6_lCBo4rw_3ZeHWw,pending_clarivate_verification
biology,73,CRITICAL REVIEWS IN BIOTECHNOLOGY,8.7,Q1,2区,,0738-8551,1549-7801,"[""0738-8551"",""1549-7801""]",Informa UK (Taylor & Francis),resolved,unknown,0,,https://mp.weixin.qq.com/s/WF9YQz6_lCBo4rw_3ZeHWw,pending_clarivate_verification
biology,74,CRITICAL REVIEWS IN BIOCHEMISTRY AND MOLECULAR BIOLOGY,8.7,Q1,2区,,1040-9238,1549-7798,"[""1040-9238"",""1549-7798""]",Informa UK (Taylor & Francis),resolved,unknown,0,,https://mp.weixin.qq.com/s/WF9YQz6_lCBo4rw_3ZeHWw,pending_clarivate_verification
biology,75,MICROBIOLOGICAL RESEARCH,8.5,Q1,2区,,0944-5013,,"[""0944-5013""]",Elsevier,resolved,unknown,0,,https://mp.weixin.qq.com/s/WF9YQz6_lCBo4rw_3ZeHWw,pending_clarivate_verification
biology,76,Cold Spring Harbor Perspectives in Biology,8.5,Q1,1区,,,1943-0264,"[""1943-0264""]",Cold Spring Harbor Laboratory,resolved,unknown,0,,https://mp.weixin.qq.com/s/WF9YQz6_lCBo4rw_3ZeHWw,pending_clarivate_verification
biology,77,Cell Genomics,8.4,Q1,1区,,2666-979X,,"[""2666-979X""]",Elsevier,resolved,unknown,0,,https://mp.weixin.qq.com/s/WF9YQz6_lCBo4rw_3ZeHWw,pending_clarivate_verification
biology,78,EMBO JOURNAL,8.4,Q1,1区,,,,[],,unresolved,unknown,0,,https://mp.weixin.qq.com/s/WF9YQz6_lCBo4rw_3ZeHWw,pending_clarivate_verification
biology,79,Annual Review of Genomics and Human Genetics,8.3,Q1,1区,,1527-8204,1545-293X,"[""1527-8204"",""1545-293X""]",Annual Reviews,resolved,unknown,0,,https://mp.weixin.qq.com/s/WF9YQz6_lCBo4rw_3ZeHWw,pending_clarivate_verification
biology,80,PLANT PHYSIOLOGY,8.2,Q1,1区,,0032-0889,1532-2548,"[""0032-0889"",""1532-2548""]",Oxford University Press,resolved,unknown,0,,https://mp.weixin.qq.com/s/WF9YQz6_lCBo4rw_3ZeHWw,pending_clarivate_verification
biology,81,MOLECULES AND CELLS,8.2,Q1,3区,,1016-8478,0219-1032,"[""0219-1032"",""1016-8478""]",Elsevier,resolved,unknown,0,,https://mp.weixin.qq.com/s/WF9YQz6_lCBo4rw_3ZeHWw,pending_clarivate_verification
biology,82,Plant Stress,8.1,Q1,2区,,2667-064X,,"[""2667-064X""]",Elsevier,resolved,unknown,0,,https://mp.weixin.qq.com/s/WF9YQz6_lCBo4rw_3ZeHWw,pending_clarivate_verification
biology,83,Research Synthesis Methods,8,Q1,2区,,1759-2879,1759-2887,"[""1759-2879"",""1759-2887""]",Cambridge University Press,resolved,unknown,0,,https://mp.weixin.qq.com/s/WF9YQz6_lCBo4rw_3ZeHWw,pending_clarivate_verification
biology,84,FREE RADICAL BIOLOGY AND MEDICINE,8,Q1,2区,,0891-5849,,"[""0891-5849""]",Elsevier,resolved,unknown,0,,https://mp.weixin.qq.com/s/WF9YQz6_lCBo4rw_3ZeHWw,pending_clarivate_verification
biology,85,CURRENT OPINION IN MICROBIOLOGY,8,Q1,2区,,1369-5274,1369-5274,"[""1369-5274""]",Elsevier,resolved,unknown,0,,https://mp.weixin.qq.com/s/WF9YQz6_lCBo4rw_3ZeHWw,pending_clarivate_verification
biology,86,Journal of Genetics and Genomics,7.9,Q1,1区,,1673-8527,,"[""1673-8527""]",Elsevier,resolved,unknown,0,,https://mp.weixin.qq.com/s/WF9YQz6_lCBo4rw_3ZeHWw,pending_clarivate_verification
biology,87,BioData Mining,7.9,Q1,3区,,1756-0381,1756-0381,"[""1756-0381""]",Springer (Biomed Central Ltd.),resolved,unknown,0,,https://mp.weixin.qq.com/s/WF9YQz6_lCBo4rw_3ZeHWw,pending_clarivate_verification
biology,88,CURRENT OPINION IN STRUCTURAL BIOLOGY,7.8,Q1,2区,,0959-440X,,"[""0959-440X""]",Elsevier,resolved,unknown,0,,https://mp.weixin.qq.com/s/WF9YQz6_lCBo4rw_3ZeHWw,pending_clarivate_verification
biology,89,CURRENT OPINION IN BIOTECHNOLOGY,7.8,Q1,2区,,0958-1669,,"[""0958-1669""]",Elsevier,resolved,unknown,0,,https://mp.weixin.qq.com/s/WF9YQz6_lCBo4rw_3ZeHWw,pending_clarivate_verification
biology,90,AMERICAN JOURNAL OF HUMAN GENETICS,7.7,Q1,1区,,,,[],,unresolved,unknown,0,,https://mp.weixin.qq.com/s/WF9YQz6_lCBo4rw_3ZeHWw,pending_clarivate_verification
biology,91,CURRENT BIOLOGY,7.7,Q1,1区,,0960-9822,,"[""0960-9822""]",Elsevier,resolved,unknown,0,,https://mp.weixin.qq.com/s/WF9YQz6_lCBo4rw_3ZeHWw,pending_clarivate_verification
biology,92,Cell Reports,7.7,Q1,1区,,2211-1247,,"[""2211-1247""]",Elsevier,resolved,unknown,0,,https://mp.weixin.qq.com/s/WF9YQz6_lCBo4rw_3ZeHWw,pending_clarivate_verification
biology,93,CELL PROLIFERATION,7.6,Q1,1区,,0960-7722,1365-2184,"[""0960-7722"",""1365-2184""]",Wiley (Blackwell Publishing),resolved,unknown,0,,https://mp.weixin.qq.com/s/WF9YQz6_lCBo4rw_3ZeHWw,pending_clarivate_verification
biology,94,Cell Systems,7.5,Q1,1区,,2405-4712,,"[""2405-4712""]",Elsevier,resolved,unknown,0,,https://mp.weixin.qq.com/s/WF9YQz6_lCBo4rw_3ZeHWw,pending_clarivate_verification
biology,95,CRITICAL REVIEWS IN PLANT SCIENCES,7.5,Q1,2区,,0735-2689,1549-7836,"[""0735-2689"",""1549-7836""]",Informa UK (Taylor & Francis),resolved,unknown,0,,https://mp.weixin.qq.com/s/WF9YQz6_lCBo4rw_3ZeHWw,pending_clarivate_verification
biology,96,GENES & DEVELOPMENT,7.4,Q1,1区,,0890-9369,0890-9369,"[""0890-9369"",""1549-5477""]",Cold Spring Harbor Laboratory,resolved,unknown,0,,https://mp.weixin.qq.com/s/WF9YQz6_lCBo4rw_3ZeHWw,pending_clarivate_verification
biology,97,BRIEFINGS IN BIOINFORMATICS,7.3,Q1,2区,,1467-5463,1477-4054,"[""1467-5463"",""1477-4054""]",Oxford University Press,resolved,unknown,0,,https://mp.weixin.qq.com/s/WF9YQz6_lCBo4rw_3ZeHWw,pending_clarivate_verification
biology,98,METABOLIC ENGINEERING,7.3,Q1,1区,,1096-7176,1096-7184,"[""1096-7176"",""1096-7184""]",Elsevier,resolved,unknown,0,,https://mp.weixin.qq.com/s/WF9YQz6_lCBo4rw_3ZeHWw,pending_clarivate_verification
biology,99,CURRENT OPINION IN PLANT BIOLOGY,7.3,Q1,2区,,1369-5266,,"[""1369-5266""]",Elsevier,resolved,unknown,0,,https://mp.weixin.qq.com/s/WF9YQz6_lCBo4rw_3ZeHWw,pending_clarivate_verification
biology,100,GENOMICS PROTEOMICS & BIOINFORMATICS,7.2,Q1,2区,,1672-0229,2210-3244,"[""1672-0229"",""2210-3244""]",Oxford University Press,resolved,unknown,0,,https://mp.weixin.qq.com/s/WF9YQz6_lCBo4rw_3ZeHWw,pending_clarivate_verification
biology,101,Current Molecular Pharmacology,7.2,Q1,4区,,1874-4672,1874-4702,"[""1874-4672"",""1874-4702""]",Elsevier,resolved,unknown,0,,https://mp.weixin.qq.com/s/WF9YQz6_lCBo4rw_3ZeHWw,pending_clarivate_verification
biology,102,CURRENT OPINION IN CHEMICAL BIOLOGY,7.2,Q1,2区,,1367-5931,1367-5931,"[""1367-5931""]",Elsevier,resolved,unknown,0,,https://mp.weixin.qq.com/s/WF9YQz6_lCBo4rw_3ZeHWw,pending_clarivate_verification
biology,103,Science Signaling,7,Q1,1区,,1945-0877,1937-9145,"[""1937-9145"",""1945-0877""]",American Association for the Advancement of Science (AAAS),resolved,unknown,0,,https://mp.weixin.qq.com/s/WF9YQz6_lCBo4rw_3ZeHWw,pending_clarivate_verification
biology,104,BIOMASS & BIOENERGY,7,Q1,2区,,,,[],,unresolved,unknown,0,,https://mp.weixin.qq.com/s/WF9YQz6_lCBo4rw_3ZeHWw,pending_clarivate_verification
biology,105,CRITICAL REVIEWS IN MICROBIOLOGY,7,Q1,2区,,1040-841X,1549-7828,"[""1040-841X"",""1549-7828""]",Informa UK (Taylor & Francis),resolved,unknown,0,,https://mp.weixin.qq.com/s/WF9YQz6_lCBo4rw_3ZeHWw,pending_clarivate_verification
biology,106,PLANT CELL AND ENVIRONMENT,6.9,Q1,1区,,,,[],,unresolved,unknown,0,,https://mp.weixin.qq.com/s/WF9YQz6_lCBo4rw_3ZeHWw,pending_clarivate_verification
biology,107,PLOS BIOLOGY,6.9,Q1,1区,,1544-9173,1545-7885,"[""1544-9173"",""1545-7885""]",Public Library of Science,resolved,unknown,0,,https://mp.weixin.qq.com/s/WF9YQz6_lCBo4rw_3ZeHWw,pending_clarivate_verification
biology,108,REDOX REPORT,6.9,Q1,2区,,1351-0002,,"[""1351-0002"",""1743-2928""]",Maney Publishing,resolved,unknown,0,,https://mp.weixin.qq.com/s/WF9YQz6_lCBo4rw_3ZeHWw,pending_clarivate_verification
biology,109,ANTIOXIDANTS & REDOX SIGNALING,6.8,Q1,2区,,1523-0864,1557-7716,"[""1523-0864"",""1557-7716""]",SAGE Publications,resolved,unknown,0,,https://mp.weixin.qq.com/s/WF9YQz6_lCBo4rw_3ZeHWw,pending_clarivate_verification
biology,110,Biofilm,6.7,Q1,2区,,2590-2075,,"[""2590-2075""]",Elsevier,resolved,unknown,0,,https://mp.weixin.qq.com/s/WF9YQz6_lCBo4rw_3ZeHWw,pending_clarivate_verification
biology,111,Molecular Systems Biology,6.7,Q1,1区,,1744-4292,1744-4292,"[""1744-4292""]",Springer Science and Business Media LLC,resolved,unknown,0,,https://mp.weixin.qq.com/s/WF9YQz6_lCBo4rw_3ZeHWw,pending_clarivate_verification
biology,112,Microbial Biotechnology,6.7,Q1,2区,,1751-7907,1751-7915,"[""1751-7907"",""1751-7915""]",Wiley (Blackwell Publishing),resolved,unknown,0,,https://mp.weixin.qq.com/s/WF9YQz6_lCBo4rw_3ZeHWw,pending_clarivate_verification
biology,113,Current Research in Biotechnology,6.7,Q1,3区,,2590-2628,,"[""2590-2628""]",Elsevier,resolved,unknown,0,,https://mp.weixin.qq.com/s/WF9YQz6_lCBo4rw_3ZeHWw,pending_clarivate_verification
biology,114,mLife,6.7,Q1,2区,,2770-100X,2770-100X,"[""2097-1699"",""2770-100X""]",Wiley (John Wiley & Sons),resolved,unknown,0,,https://mp.weixin.qq.com/s/WF9YQz6_lCBo4rw_3ZeHWw,pending_clarivate_verification
biology,115,SEMINARS IN CELL & DEVELOPMENTAL BIOLOGY,6.7,Q1,2区,,,,[],,unresolved,unknown,0,,https://mp.weixin.qq.com/s/WF9YQz6_lCBo4rw_3ZeHWw,pending_clarivate_verification
biology,116,GENETICS,6.5,Q1,3区,,0016-6731,1943-2631,"[""0016-6731"",""1943-2631""]",Oxford University Press,resolved,unknown,0,,https://mp.weixin.qq.com/s/WF9YQz6_lCBo4rw_3ZeHWw,pending_clarivate_verification
biology,117,JOURNAL OF EXPERIMENTAL BOTANY,6.5,Q1,2区,,0022-0957,1460-2431,"[""0022-0957"",""1460-2431""]",Oxford University Press,resolved,unknown,0,,https://mp.weixin.qq.com/s/WF9YQz6_lCBo4rw_3ZeHWw,pending_clarivate_verification
biology,118,Cell and Bioscience,6.5,Q1,2区,,,,[],,unresolved,unknown,0,,https://mp.weixin.qq.com/s/WF9YQz6_lCBo4rw_3ZeHWw,pending_clarivate_verification
biology,119,CELLULAR AND MOLECULAR LIFE SCIENCES,6.5,Q1,2区,,1420-682X,1420-9071,"[""0014-4754"",""1420-682X"",""1420-9071""]",Springer-Verlag,resolved,unknown,0,,https://mp.weixin.qq.com/s/WF9YQz6_lCBo4rw_3ZeHWw,pending_clarivate_verification
biology,120,MOLECULAR BIOLOGY AND EVOLUTION,6.4,Q1,1区,,0737-4038,1537-1719,"[""0737-4038"",""1537-1719""]",Oxford University Press,resolved,unknown,0,,https://mp.weixin.qq.com/s/WF9YQz6_lCBo4rw_3ZeHWw,pending_clarivate_verification
biology,121,ISME Communications,6.4,Q1,2区,,,2730-6151,"[""2730-6151""]",Oxford University Press,resolved,unknown,0,,https://mp.weixin.qq.com/s/WF9YQz6_lCBo4rw_3ZeHWw,pending_clarivate_verification
biology,122,MOLECULAR & CELLULAR PROTEOMICS,6.3,Q1,2区,,1535-9476,1535-9484,"[""1535-9476"",""1535-9484""]",Elsevier,resolved,unknown,0,,https://mp.weixin.qq.com/s/WF9YQz6_lCBo4rw_3ZeHWw,pending_clarivate_verification
biology,123,GENOME RESEARCH,6.3,Q1,1区,,1088-9051,1088-9051,"[""1054-9803"",""1088-9051"",""1549-5469""]",Cold Spring Harbor Laboratory,resolved,unknown,0,,https://mp.weixin.qq.com/s/WF9YQz6_lCBo4rw_3ZeHWw,pending_clarivate_verification
biology,124,PHYTOCHEMISTRY REVIEWS,6.3,Q1,2区,,1568-7767,1572-980X,"[""1568-7767"",""1572-980X""]",Springer-Verlag,resolved,unknown,0,,https://mp.weixin.qq.com/s/WF9YQz6_lCBo4rw_3ZeHWw,pending_clarivate_verification
biology,125,Journal of Biological Engineering,6.3,Q1,2区,,1754-1611,1754-1611,"[""1754-1611""]",Springer (Biomed Central Ltd.),resolved,unknown,0,,https://mp.weixin.qq.com/s/WF9YQz6_lCBo4rw_3ZeHWw,pending_clarivate_verification
biology,126,Bioresources and Bioprocessing,6.3,Q1,3区,,2197-4365,2197-4365,"[""2197-4365""]",Springer (Biomed Central Ltd.),resolved,unknown,0,,https://mp.weixin.qq.com/s/WF9YQz6_lCBo4rw_3ZeHWw,pending_clarivate_verification
biology,127,Organogenesis,6.3,Q1,4区,,1547-6278,1555-8592,"[""1547-6278"",""1555-8592""]",Landes Bioscience,resolved,unknown,0,,https://mp.weixin.qq.com/s/WF9YQz6_lCBo4rw_3ZeHWw,pending_clarivate_verification
biology,128,Systematic Biology,6.2,Q1,1区,,1063-5157,1076-836X,"[""1063-5157"",""1076-836X""]",Oxford University Press,resolved,unknown,0,,https://mp.weixin.qq.com/s/WF9YQz6_lCBo4rw_3ZeHWw,pending_clarivate_verification
biology,129,PLANT PHYSIOLOGY AND BIOCHEMISTRY,6.2,Q1,2区,,0981-9428,,"[""0981-9428""]",Elsevier,resolved,unknown,0,,https://mp.weixin.qq.com/s/WF9YQz6_lCBo4rw_3ZeHWw,pending_clarivate_verification
biology,130,PLANT JOURNAL,6.2,Q1,1区,,,,[],,unresolved,unknown,0,,https://mp.weixin.qq.com/s/WF9YQz6_lCBo4rw_3ZeHWw,pending_clarivate_verification
biology,131,EXCLI Journal,6.2,Q1,3区,,,,[],,unresolved,unknown,0,,https://mp.weixin.qq.com/s/WF9YQz6_lCBo4rw_3ZeHWw,pending_clarivate_verification
biology,132,QUARTERLY REVIEWS OF BIOPHYSICS,6.1,Q1,2区,,0033-5835,1469-8994,"[""0033-5835"",""1469-8994""]",Cambridge University Press,resolved,unknown,0,,https://mp.weixin.qq.com/s/WF9YQz6_lCBo4rw_3ZeHWw,pending_clarivate_verification
biology,133,EMBO REPORTS,6,Q1,1区,,1469-221X,1469-3178,"[""1469-221X"",""1469-3178""]",Springer Science and Business Media LLC,resolved,unknown,0,,https://mp.weixin.qq.com/s/WF9YQz6_lCBo4rw_3ZeHWw,pending_clarivate_verification
biology,134,Biotechnology for Biofuels and Bioproducts,6,Q1,2区,,,2731-3654,"[""2731-3654""]",Springer (Biomed Central Ltd.),resolved,unknown,0,,https://mp.weixin.qq.com/s/WF9YQz6_lCBo4rw_3ZeHWw,pending_clarivate_verification
biology,135,Emerging Topics in Life Sciences,6,Q1,3区,,2397-8554,2397-8562,"[""2397-8554"",""2397-8562""]",Portland Press,resolved,unknown,0,,https://mp.weixin.qq.com/s/WF9YQz6_lCBo4rw_3ZeHWw,pending_clarivate_verification
biology,136,Plant Diversity,5.9,Q1,1区,,2468-2659,,"[""2468-2659""]",Elsevier,resolved,unknown,0,,https://mp.weixin.qq.com/s/WF9YQz6_lCBo4rw_3ZeHWw,pending_clarivate_verification
biology,137,Molecular Ecology Resources,5.9,Q1,1区,,1755-098X,1755-0998,"[""1755-098X"",""1755-0998""]",Wiley (Blackwell Publishing),resolved,unknown,0,,https://mp.weixin.qq.com/s/WF9YQz6_lCBo4rw_3ZeHWw,pending_clarivate_verification
biology,138,Frontiers in Plant Science,5.9,Q1,2区,,,1664-462X,"[""1664-462X""]",Frontiers Media SA,resolved,unknown,0,,https://mp.weixin.qq.com/s/WF9YQz6_lCBo4rw_3ZeHWw,pending_clarivate_verification
biology,139,MATRIX BIOLOGY,5.9,Q1,1区,,0945-053X,,"[""0945-053X""]",Elsevier,resolved,unknown,0,,https://mp.weixin.qq.com/s/WF9YQz6_lCBo4rw_3ZeHWw,pending_clarivate_verification
biology,140,Frontiers in Genome Editing,5.9,Q1,2区,,,2673-3439,"[""2673-3439""]",Frontiers Media SA,resolved,unknown,0,,https://mp.weixin.qq.com/s/WF9YQz6_lCBo4rw_3ZeHWw,pending_clarivate_verification
biology,141,Communications Biology,5.8,Q1,1区,,,2399-3642,"[""2399-3642""]",Springer Science and Business Media LLC,resolved,unknown,0,,https://mp.weixin.qq.com/s/WF9YQz6_lCBo4rw_3ZeHWw,pending_clarivate_verification
biology,142,Microbial Cell Factories,5.8,Q1,2区,,1475-2859,1475-2859,"[""1475-2859""]",Springer (Biomed Central Ltd.),resolved,unknown,0,,https://mp.weixin.qq.com/s/WF9YQz6_lCBo4rw_3ZeHWw,pending_clarivate_verification
biology,143,Frontiers in Microbiology,5.8,Q1,2区,,,1664-302X,"[""1664-302X""]",Frontiers Media SA,resolved,unknown,0,,https://mp.weixin.qq.com/s/WF9YQz6_lCBo4rw_3ZeHWw,pending_clarivate_verification
biology,144,Cell Reports Methods,5.8,Q1,3区,,2667-2375,,"[""2667-2375""]",Elsevier,resolved,unknown,0,,https://mp.weixin.qq.com/s/WF9YQz6_lCBo4rw_3ZeHWw,pending_clarivate_verification
biology,145,Frontiers in Bioengineering and Biotechnology,5.8,Q1,3区,,,2296-4185,"[""2296-4185""]",Frontiers Media SA,resolved,unknown,0,,https://mp.weixin.qq.com/s/WF9YQz6_lCBo4rw_3ZeHWw,pending_clarivate_verification
biology,146,Marine Life Science & Technology,5.7,Q1,1区,,2096-6490,2662-1746,"[""2096-6490"",""2662-1746""]",Springer-Verlag,resolved,unknown,0,,https://mp.weixin.qq.com/s/WF9YQz6_lCBo4rw_3ZeHWw,pending_clarivate_verification
biology,147,Mycology-An International Journal On Fungal Biology,5.7,Q1,2区,,,,[],,unresolved,unknown,0,,https://mp.weixin.qq.com/s/WF9YQz6_lCBo4rw_3ZeHWw,pending_clarivate_verification
biology,148,MITOCHONDRION,5.7,Q1,3区,,1567-7249,,"[""1567-7249""]",Elsevier,resolved,unknown,0,,https://mp.weixin.qq.com/s/WF9YQz6_lCBo4rw_3ZeHWw,pending_clarivate_verification
biology,149,Essays in Biochemistry,5.7,Q1,2区,,0071-1365,1744-1358,"[""0071-1365"",""1744-1358""]",Portland Press,resolved,unknown,0,,https://mp.weixin.qq.com/s/WF9YQz6_lCBo4rw_3ZeHWw,pending_clarivate_verification
biology,150,ZOOLOGICAL RESEARCH,5.6,Q1,1区,,0254-5853,,"[""0254-5853""]",China Science Publishing & Media Ltd.,resolved,unknown,0,,https://mp.weixin.qq.com/s/WF9YQz6_lCBo4rw_3ZeHWw,pending_clarivate_verification
biology,151,BMC PLANT BIOLOGY,5.6,Q1,2区,,1471-2229,1471-2229,"[""1471-2229""]",Springer (Biomed Central Ltd.),resolved,unknown,0,,https://mp.weixin.qq.com/s/WF9YQz6_lCBo4rw_3ZeHWw,pending_clarivate_verification
biology,152,Current Research in Microbial Sciences,5.6,Q1,2区,,2666-5174,,"[""2666-5174""]",Elsevier,resolved,unknown,0,,https://mp.weixin.qq.com/s/WF9YQz6_lCBo4rw_3ZeHWw,pending_clarivate_verification
biology,153,New Biotechnology,5.6,Q1,2区,,1871-6784,,"[""1871-6784""]",Elsevier,resolved,unknown,0,,https://mp.weixin.qq.com/s/WF9YQz6_lCBo4rw_3ZeHWw,pending_clarivate_verification
biology,154,PROTEIN SCIENCE,5.6,Q1,3区,,0961-8368,1469-896X,"[""0961-8368"",""1469-896X""]",Wiley (John Wiley & Sons),resolved,unknown,0,,https://mp.weixin.qq.com/s/WF9YQz6_lCBo4rw_3ZeHWw,pending_clarivate_verification
biology,155,Non-coding RNA Research,5.6,Q1,2区,,2468-0540,,"[""2468-0540""]",Elsevier,resolved,unknown,0,,https://mp.weixin.qq.com/s/WF9YQz6_lCBo4rw_3ZeHWw,pending_clarivate_verification
biology,156,Artificial Cells Nanomedicine and Biotechnology,5.6,Q1,2区,,2169-1401,2169-141X,"[""2169-1401"",""2169-141X""]",Informa UK (Taylor & Francis),resolved,unknown,0,,https://mp.weixin.qq.com/s/WF9YQz6_lCBo4rw_3ZeHWw,pending_clarivate_verification
biology,157,Biomolecules,5.6,Q1,2区,,,2218-273X,"[""2218-273X""]",MDPI AG,resolved,unknown,0,,https://mp.weixin.qq.com/s/WF9YQz6_lCBo4rw_3ZeHWw,pending_clarivate_verification
biology,158,INTERNATIONAL JOURNAL OF MOLECULAR SCIENCES,5.6,Q1,3区,,,1422-0067,"[""1422-0067""]",MDPI AG,resolved,unknown,0,,https://mp.weixin.qq.com/s/WF9YQz6_lCBo4rw_3ZeHWw,pending_clarivate_verification
biology,159,BIOINFORMATICS,5.5,Q1,3区,,,,[],,ambiguous,unknown,0,,https://mp.weixin.qq.com/s/WF9YQz6_lCBo4rw_3ZeHWw,pending_clarivate_verification
biology,160,Biology Direct,5.5,Q1,2区,,1745-6150,1745-6150,"[""1745-6150""]",Springer (Biomed Central Ltd.),resolved,unknown,0,,https://mp.weixin.qq.com/s/WF9YQz6_lCBo4rw_3ZeHWw,pending_clarivate_verification
biology,161,Phenomics,5.5,Q1,2区,,2730-583X,2730-5848,"[""2730-583X"",""2730-5848""]",Springer-Verlag,resolved,unknown,0,,https://mp.weixin.qq.com/s/WF9YQz6_lCBo4rw_3ZeHWw,pending_clarivate_verification
biology,162,BMC BIOLOGY,5.4,Q1,2区,,1741-7007,1741-7007,"[""1741-7007""]",Springer (Biomed Central Ltd.),resolved,unknown,0,,https://mp.weixin.qq.com/s/WF9YQz6_lCBo4rw_3ZeHWw,pending_clarivate_verification
biology,163,BIOLOGICAL RESEARCH,5.4,Q1,2区,,0716-9760,0716-9760,"[""0716-9760"",""0717-6287""]",Springer-Verlag,resolved,unknown,0,,https://mp.weixin.qq.com/s/WF9YQz6_lCBo4rw_3ZeHWw,pending_clarivate_verification
biology,164,mBio,5.4,Q1,2区,,2150-7511,2150-7511,"[""2150-7511"",""2161-2129""]",American Society for Microbiology,resolved,unknown,0,,https://mp.weixin.qq.com/s/WF9YQz6_lCBo4rw_3ZeHWw,pending_clarivate_verification
biology,165,BMC MICROBIOLOGY,5.4,Q1,2区,,1471-2180,1471-2180,"[""1471-2180""]",Springer (Biomed Central Ltd.),resolved,unknown,0,,https://mp.weixin.qq.com/s/WF9YQz6_lCBo4rw_3ZeHWw,pending_clarivate_verification
biology,166,AMERICAN JOURNAL OF PHYSIOLOGY-CELL PHYSIOLOGY,5.4,Q1,3区,,,,[],,unresolved,unknown,0,,https://mp.weixin.qq.com/s/WF9YQz6_lCBo4rw_3ZeHWw,pending_clarivate_verification
biology,167,BOTANICAL REVIEW,5.4,Q1,2区,,,,[],,unresolved,unknown,0,,https://mp.weixin.qq.com/s/WF9YQz6_lCBo4rw_3ZeHWw,pending_clarivate_verification
biology,168,AIMS Microbiology,5.4,Q1,4区,,2471-1888,,"[""2471-1888""]",American Institute of Mathematical Sciences,resolved,unknown,0,,https://mp.weixin.qq.com/s/WF9YQz6_lCBo4rw_3ZeHWw,pending_clarivate_verification
biology,169,PHILOSOPHICAL TRANSACTIONS OF THE ROYAL SOCIETY B-BIOLOGICAL SCIENCES,5.3,Q1,1区,,,,[],,unresolved,unknown,0,,https://mp.weixin.qq.com/s/WF9YQz6_lCBo4rw_3ZeHWw,pending_clarivate_verification
biology,170,PLANT CELL REPORTS,5.3,Q1,2区,,0721-7714,1432-203X,"[""0721-7714"",""1432-203X""]",Springer-Verlag,resolved,unknown,0,,https://mp.weixin.qq.com/s/WF9YQz6_lCBo4rw_3ZeHWw,pending_clarivate_verification
biology,171,Probiotics and Antimicrobial Proteins,5.3,Q1,2区,,1867-1306,1867-1314,"[""1867-1306"",""1867-1314""]",Springer-Verlag,resolved,unknown,0,,https://mp.weixin.qq.com/s/WF9YQz6_lCBo4rw_3ZeHWw,pending_clarivate_verification
biology,172,Frontiers in Cell and Developmental Biology,5.3,Q1,2区,,,2296-634X,"[""2296-634X""]",Frontiers Media SA,resolved,unknown,0,,https://mp.weixin.qq.com/s/WF9YQz6_lCBo4rw_3ZeHWw,pending_clarivate_verification
biology,173,Plant Methods,5.2,Q1,2区,,1746-4811,1746-4811,"[""1746-4811""]",Springer (Biomed Central Ltd.),resolved,unknown,0,,https://mp.weixin.qq.com/s/WF9YQz6_lCBo4rw_3ZeHWw,pending_clarivate_verification
biology,174,Interdisciplinary Sciences-Computational Life Sciences,5.2,Q1,2区,,,,[],,unresolved,unknown,0,,https://mp.weixin.qq.com/s/WF9YQz6_lCBo4rw_3ZeHWw,pending_clarivate_verification
biology,175,BIOFACTORS,5.2,Q1,3区,,0951-6433,1872-8081,"[""0951-6433"",""1872-8081""]",Wiley (John Wiley & Sons),resolved,unknown,0,,https://mp.weixin.qq.com/s/WF9YQz6_lCBo4rw_3ZeHWw,pending_clarivate_verification
biology,176,Current Plant Biology,5.1,Q1,3区,,2214-6628,,"[""2214-6628""]",Elsevier,resolved,unknown,0,,https://mp.weixin.qq.com/s/WF9YQz6_lCBo4rw_3ZeHWw,pending_clarivate_verification
biology,177,ENVIRONMENTAL AND EXPERIMENTAL BOTANY,5.1,Q1,2区,,0098-8472,,"[""0098-8472""]",Elsevier,resolved,unknown,0,,https://mp.weixin.qq.com/s/WF9YQz6_lCBo4rw_3ZeHWw,pending_clarivate_verification
biology,178,JOURNAL OF PHYSIOLOGY AND BIOCHEMISTRY,5.1,Q1,3区,,1138-7548,1877-8755,"[""1138-7548"",""1877-8755""]",Springer-Verlag,resolved,unknown,0,,https://mp.weixin.qq.com/s/WF9YQz6_lCBo4rw_3ZeHWw,pending_clarivate_verification
biology,179,ANNALS OF MICROBIOLOGY,5.1,Q1,3区,,1590-4261,1869-2044,"[""1590-4261"",""1869-2044""]",Springer-Verlag,resolved,unknown,0,,https://mp.weixin.qq.com/s/WF9YQz6_lCBo4rw_3ZeHWw,pending_clarivate_verification
biology,180,GigaScience,5,Q1,2区,,2047-217X,2047-217X,"[""2047-217X""]",Oxford University Press,resolved,unknown,0,,https://mp.weixin.qq.com/s/WF9YQz6_lCBo4rw_3ZeHWw,pending_clarivate_verification
biology,181,Algal Research-Biomass Biofuels and Bioproducts,5,Q1,2区,,,,[],,unresolved,unknown,0,,https://mp.weixin.qq.com/s/WF9YQz6_lCBo4rw_3ZeHWw,pending_clarivate_verification
biology,182,BIOCHIMICA ET BIOPHYSICA ACTA-MOLECULAR BASIS OF DISEASE,5,Q1,2区,,,,[],,unresolved,unknown,0,,https://mp.weixin.qq.com/s/WF9YQz6_lCBo4rw_3ZeHWw,pending_clarivate_verification
biology,183,Biophysical Reviews,5,Q1,4区,,1867-2450,1867-2469,"[""1867-2450"",""1867-2469""]",Springer-Verlag,resolved,unknown,0,,https://mp.weixin.qq.com/s/WF9YQz6_lCBo4rw_3ZeHWw,pending_clarivate_verification
biology,184,CELL CALCIUM,4.9,Q1,2区,,0143-4160,,"[""0143-4160""]",Elsevier,resolved,unknown,0,,https://mp.weixin.qq.com/s/WF9YQz6_lCBo4rw_3ZeHWw,pending_clarivate_verification
biology,185,BIOLOGICAL PROCEDURES ONLINE,4.9,Q1,3区,,1480-9222,1480-9222,"[""1480-9222""]",Springer (Biomed Central Ltd.),resolved,unknown,0,,https://mp.weixin.qq.com/s/WF9YQz6_lCBo4rw_3ZeHWw,pending_clarivate_verification
biology,186,BioScience Trends,4.9,Q1,3区,,1881-7815,1881-7823,"[""1881-7815"",""1881-7823""]",International Research and Cooperation Association for Bio & Socio-Sciences Advancement,resolved,unknown,0,,https://mp.weixin.qq.com/s/WF9YQz6_lCBo4rw_3ZeHWw,pending_clarivate_verification
biology,187,JOURNAL OF PLANT PHYSIOLOGY,4.8,Q1,2区,,0176-1617,,"[""0176-1617""]",Elsevier,resolved,unknown,0,,https://mp.weixin.qq.com/s/WF9YQz6_lCBo4rw_3ZeHWw,pending_clarivate_verification
biology,188,Epigenetics Insights,4.8,Q1,4区,,,2516-8657,"[""2516-8657""]",Maximum Academic Press,resolved,unknown,0,,https://mp.weixin.qq.com/s/WF9YQz6_lCBo4rw_3ZeHWw,pending_clarivate_verification
biology,189,Plants-Basel,4.7,Q1,2区,,,,[],,unresolved,unknown,0,,https://mp.weixin.qq.com/s/WF9YQz6_lCBo4rw_3ZeHWw,pending_clarivate_verification
biology,190,PLANT AND CELL PHYSIOLOGY,4.7,Q1,2区,,0032-0781,1471-9053,"[""0032-0781"",""1471-9053""]",Oxford University Press,resolved,unknown,0,,https://mp.weixin.qq.com/s/WF9YQz6_lCBo4rw_3ZeHWw,pending_clarivate_verification
biology,191,Synthetic Biology,4.7,Q1,4区,,,2397-7000,"[""2397-7000""]",Oxford University Press,resolved,unknown,0,,https://mp.weixin.qq.com/s/WF9YQz6_lCBo4rw_3ZeHWw,pending_clarivate_verification
biology,192,EUROPEAN JOURNAL OF HUMAN GENETICS,4.6,Q1,2区,,1018-4813,1476-5438,"[""1018-4813"",""1476-5438""]",Springer Science and Business Media LLC,resolved,unknown,0,,https://mp.weixin.qq.com/s/WF9YQz6_lCBo4rw_3ZeHWw,pending_clarivate_verification
biology,193,STRUCTURE,4.6,Q1,2区,,0969-2126,1878-4186,"[""0969-2126"",""1878-4186""]",Elsevier,resolved,unknown,0,,https://mp.weixin.qq.com/s/WF9YQz6_lCBo4rw_3ZeHWw,pending_clarivate_verification
biology,194,PLANT SCIENCE,4.6,Q1,2区,,0168-9452,,"[""0168-9452""]",Elsevier,resolved,unknown,0,,https://mp.weixin.qq.com/s/WF9YQz6_lCBo4rw_3ZeHWw,pending_clarivate_verification
biology,195,Animal Microbiome,4.5,Q1,2区,,,2524-4671,"[""2524-4671""]",Springer (Biomed Central Ltd.),resolved,unknown,0,,https://mp.weixin.qq.com/s/WF9YQz6_lCBo4rw_3ZeHWw,pending_clarivate_verification
biology,196,Microbial Genomics,4.5,Q1,2区,,2057-5858,2057-5858,"[""2057-5858""]",Microbiology Society,resolved,unknown,0,,https://mp.weixin.qq.com/s/WF9YQz6_lCBo4rw_3ZeHWw,pending_clarivate_verification
biology,197,ACS Synthetic Biology,4.5,Q1,2区,,2161-5063,2161-5063,"[""2161-5063""]",American Chemical Society,resolved,unknown,0,,https://mp.weixin.qq.com/s/WF9YQz6_lCBo4rw_3ZeHWw,pending_clarivate_verification
biology,198,ACTA BIOCHIMICA ET BIOPHYSICA SINICA,4.5,Q1,2区,,1672-9145,1745-7270,"[""1672-9145"",""1745-7270""]",China Science Publishing & Media Ltd.,resolved,unknown,0,,https://mp.weixin.qq.com/s/WF9YQz6_lCBo4rw_3ZeHWw,pending_clarivate_verification
biology,199,Biophysics Reviews,4.5,Q1,4区,,,2688-4089,"[""2688-4089""]",American Institute of Physics,resolved,unknown,0,,https://mp.weixin.qq.com/s/WF9YQz6_lCBo4rw_3ZeHWw,pending_clarivate_verification
biology,200,PROGRESS IN BIOPHYSICS & MOLECULAR BIOLOGY,4.5,Q1,3区,,,,[],,unresolved,unknown,0,,https://mp.weixin.qq.com/s/WF9YQz6_lCBo4rw_3ZeHWw,pending_clarivate_verification
biology,201,npj Systems Biology and Applications,4.4,Q1,2区,,,2056-7189,"[""2056-7189""]",Springer Science and Business Media LLC,resolved,unknown,0,,https://mp.weixin.qq.com/s/WF9YQz6_lCBo4rw_3ZeHWw,pending_clarivate_verification
biology,202,BMC BIOINFORMATICS,4.4,Q1,4区,,1471-2105,1471-2105,"[""1471-2105""]",Springer (Biomed Central Ltd.),resolved,unknown,0,,https://mp.weixin.qq.com/s/WF9YQz6_lCBo4rw_3ZeHWw,pending_clarivate_verification
biology,203,Epigenetics & Chromatin,4.4,Q1,2区,,1756-8935,1756-8935,"[""1756-8935""]",Springer (Biomed Central Ltd.),resolved,unknown,0,,https://mp.weixin.qq.com/s/WF9YQz6_lCBo4rw_3ZeHWw,pending_clarivate_verification
biology,204,PLANTA,4.4,Q1,3区,,0032-0935,1432-2048,"[""0032-0935"",""1432-2048""]",Springer-Verlag,resolved,unknown,0,,https://mp.weixin.qq.com/s/WF9YQz6_lCBo4rw_3ZeHWw,pending_clarivate_verification
biology,205,MICROBIAL ECOLOGY,4.3,Q1,3区,,0095-3628,1432-184X,"[""0095-3628"",""1432-184X""]",Springer-Verlag,resolved,unknown,0,,https://mp.weixin.qq.com/s/WF9YQz6_lCBo4rw_3ZeHWw,pending_clarivate_verification
biology,206,Acta Crystallographica Section D-Structural Biology,4.3,Q1,4区,,,,[],,unresolved,unknown,0,,https://mp.weixin.qq.com/s/WF9YQz6_lCBo4rw_3ZeHWw,pending_clarivate_verification
biology,207,Evolution Letters,4.3,Q1,1区,,2056-3744,2056-3744,"[""2056-3744""]",Oxford University Press,resolved,unknown,0,,https://mp.weixin.qq.com/s/WF9YQz6_lCBo4rw_3ZeHWw,pending_clarivate_verification
biology,208,JOURNAL OF PHYCOLOGY,4.3,Q1,3区,,0022-3646,1529-8817,"[""0022-3646"",""1529-8817""]",Wiley (Blackwell Publishing),resolved,unknown,0,,https://mp.weixin.qq.com/s/WF9YQz6_lCBo4rw_3ZeHWw,pending_clarivate_verification
biology,209,Water Biology and Security,4.3,Q1,1区,,2772-7351,,"[""2772-7351""]",Elsevier,resolved,unknown,0,,https://mp.weixin.qq.com/s/WF9YQz6_lCBo4rw_3ZeHWw,pending_clarivate_verification
biology,210,Plant Genome,4.3,Q1,2区,,,,[],,unresolved,unknown,0,,https://mp.weixin.qq.com/s/WF9YQz6_lCBo4rw_3ZeHWw,pending_clarivate_verification
biology,211,Journal of Fungi,4.3,Q1,2区,,,2309-608X,"[""2309-608X""]",MDPI AG,resolved,unknown,0,,https://mp.weixin.qq.com/s/WF9YQz6_lCBo4rw_3ZeHWw,pending_clarivate_verification
biology,212,Biology-Basel,4.3,Q1,2区,,,,[],,unresolved,unknown,0,,https://mp.weixin.qq.com/s/WF9YQz6_lCBo4rw_3ZeHWw,pending_clarivate_verification
biology,213,FASEB JOURNAL,4.3,Q1,2区,,,,[],,unresolved,unknown,0,,https://mp.weixin.qq.com/s/WF9YQz6_lCBo4rw_3ZeHWw,pending_clarivate_verification
biology,214,Environmental Epigenetics,4.3,Q1,2区,,,2058-5888,"[""2058-5888""]",Oxford University Press,resolved,unknown,0,,https://mp.weixin.qq.com/s/WF9YQz6_lCBo4rw_3ZeHWw,pending_clarivate_verification
biology,215,Frontiers in Fungal Biology,4.3,Q1,4区,,,2673-6128,"[""2673-6128""]",Frontiers Media SA,resolved,unknown,0,,https://mp.weixin.qq.com/s/WF9YQz6_lCBo4rw_3ZeHWw,pending_clarivate_verification
biology,216,CURRENT OPINION IN GENETICS & DEVELOPMENT,4.3,Q1,2区,,0959-437X,,"[""0959-437X""]",Elsevier,resolved,unknown,0,,https://mp.weixin.qq.com/s/WF9YQz6_lCBo4rw_3ZeHWw,pending_clarivate_verification
biology,217,JOURNAL OF PLANT GROWTH REGULATION,4.2,Q1,3区,,0721-7595,1435-8107,"[""0721-7595"",""1435-8107""]",Springer-Verlag,resolved,unknown,0,,https://mp.weixin.qq.com/s/WF9YQz6_lCBo4rw_3ZeHWw,pending_clarivate_verification
biology,218,IEEE TRANSACTIONS ON NANOBIOSCIENCE,4.2,Q1,3区,,1536-1241,1558-2639,"[""1536-1241"",""1558-2639""]",Institute of Electrical and Electronics Engineers,resolved,unknown,0,,https://mp.weixin.qq.com/s/WF9YQz6_lCBo4rw_3ZeHWw,pending_clarivate_verification
biology,219,Current Research in Structural Biology,4.2,Q1,3区,,2665-928X,,"[""2665-928X""]",Elsevier,resolved,unknown,0,,https://mp.weixin.qq.com/s/WF9YQz6_lCBo4rw_3ZeHWw,pending_clarivate_verification
biology,220,Mobile DNA,4.2,Q1,3区,,1759-8753,1759-8753,"[""1759-8753""]",Springer (Biomed Central Ltd.),resolved,unknown,0,,https://mp.weixin.qq.com/s/WF9YQz6_lCBo4rw_3ZeHWw,pending_clarivate_verification
biology,221,Non-Coding RNA,4.2,Q1,3区,,,2311-553X,"[""2311-553X""]",MDPI AG,resolved,unknown,0,,https://mp.weixin.qq.com/s/WF9YQz6_lCBo4rw_3ZeHWw,pending_clarivate_verification
biology,222,HARMFUL ALGAE,4.1,Q1,2区,,1568-9883,,"[""1568-9883""]",Elsevier,resolved,unknown,0,,https://mp.weixin.qq.com/s/WF9YQz6_lCBo4rw_3ZeHWw,pending_clarivate_verification
biology,223,IEEE-ACM Transactions on Computational Biology and Bioinformatics,4.1,Q1,3区,,,,[],,unresolved,unknown,0,,https://mp.weixin.qq.com/s/WF9YQz6_lCBo4rw_3ZeHWw,pending_clarivate_verification
biology,224,MycoKeys,4.1,Q1,2区,,1314-4057,1314-4049,"[""1314-4049"",""1314-4057""]",Pensoft Publishers,resolved,unknown,0,,https://mp.weixin.qq.com/s/WF9YQz6_lCBo4rw_3ZeHWw,pending_clarivate_verification
biology,225,ANNALS OF BOTANY,4.1,Q1,2区,,0305-7364,1095-8290,"[""0305-7364"",""1095-8290""]",Oxford University Press,resolved,unknown,0,,https://mp.weixin.qq.com/s/WF9YQz6_lCBo4rw_3ZeHWw,pending_clarivate_verification
biology,226,Fungal Biology Reviews,4.1,Q1,2区,,1749-4613,,"[""1749-4613""]",Elsevier,resolved,unknown,0,,https://mp.weixin.qq.com/s/WF9YQz6_lCBo4rw_3ZeHWw,pending_clarivate_verification
biology,227,MYCOPATHOLOGIA,4.1,Q1,2区,,0301-486X,1573-0832,"[""0301-486X"",""1573-0832""]",Springer-Verlag,resolved,unknown,0,,https://mp.weixin.qq.com/s/WF9YQz6_lCBo4rw_3ZeHWw,pending_clarivate_verification
biology,228,Plant Signaling & Behavior,4.1,Q1,4区,,1559-2316,1559-2324,"[""1559-2316"",""1559-2324""]",Landes Bioscience,resolved,unknown,0,,https://mp.weixin.qq.com/s/WF9YQz6_lCBo4rw_3ZeHWw,pending_clarivate_verification
biology,229,DEVELOPMENT,4,Q1,2区,,,,[],,ambiguous,unknown,0,,https://mp.weixin.qq.com/s/WF9YQz6_lCBo4rw_3ZeHWw,pending_clarivate_verification
biology,230,Interface Focus,4,Q1,3区,,2042-8898,2042-8901,"[""2042-8898"",""2042-8901""]",The Royal Society,resolved,unknown,0,,https://mp.weixin.qq.com/s/WF9YQz6_lCBo4rw_3ZeHWw,pending_clarivate_verification
biology,231,Movement Ecology,4,Q1,1区,,2051-3933,2051-3933,"[""2051-3933""]",Springer (Biomed Central Ltd.),resolved,unknown,0,,https://mp.weixin.qq.com/s/WF9YQz6_lCBo4rw_3ZeHWw,pending_clarivate_verification
biology,232,MOLECULAR PHYLOGENETICS AND EVOLUTION,4,Q1,1区,,1055-7903,1095-9513,"[""1055-7903"",""1095-9513""]",Elsevier,resolved,unknown,0,,https://mp.weixin.qq.com/s/WF9YQz6_lCBo4rw_3ZeHWw,pending_clarivate_verification
biology,233,PHYSIOLOGIA PLANTARUM,4,Q1,2区,,0031-9317,1399-3054,"[""0031-9317"",""1399-3054""]",Wiley (Blackwell Publishing),resolved,unknown,0,,https://mp.weixin.qq.com/s/WF9YQz6_lCBo4rw_3ZeHWw,pending_clarivate_verification
biology,234,JOURNAL OF PHOTOCHEMISTRY AND PHOTOBIOLOGY B-BIOLOGY,4,Q1,2区,,,,[],,unresolved,unknown,0,,https://mp.weixin.qq.com/s/WF9YQz6_lCBo4rw_3ZeHWw,pending_clarivate_verification
biology,235,MYCORRHIZA,4,Q1,2区,,0940-6360,1432-1890,"[""0940-6360"",""1432-1890""]",Springer-Verlag,resolved,unknown,0,,https://mp.weixin.qq.com/s/WF9YQz6_lCBo4rw_3ZeHWw,pending_clarivate_verification
biology,236,DIFFERENTIATION,4,Q1,3区,,0301-4681,1432-0436,"[""0301-4681"",""1432-0436""]",Elsevier,resolved,unknown,0,,https://mp.weixin.qq.com/s/WF9YQz6_lCBo4rw_3ZeHWw,pending_clarivate_verification
biology,237,JOURNAL OF CELLULAR PHYSIOLOGY,4,Q1,3区,,0021-9541,1097-4652,"[""0021-9541"",""1097-4652""]",Wiley (John Wiley & Sons),resolved,unknown,0,,https://mp.weixin.qq.com/s/WF9YQz6_lCBo4rw_3ZeHWw,pending_clarivate_verification
biology,238,PLANT GROWTH REGULATION,4,Q1,3区,,0167-6903,1573-5087,"[""0167-6903"",""1573-5087""]",Springer-Verlag,resolved,unknown,0,,https://mp.weixin.qq.com/s/WF9YQz6_lCBo4rw_3ZeHWw,pending_clarivate_verification
biology,239,Current Opinion in Systems Biology,4,Q1,4区,,2452-3100,,"[""2452-3100""]",Elsevier,resolved,unknown,0,,https://mp.weixin.qq.com/s/WF9YQz6_lCBo4rw_3ZeHWw,pending_clarivate_verification
biology,240,Rhizosphere,3.9,Q1,3区,,2452-2198,,"[""2452-2198""]",Elsevier,resolved,unknown,0,,https://mp.weixin.qq.com/s/WF9YQz6_lCBo4rw_3ZeHWw,pending_clarivate_verification
biology,241,MOLECULAR PLANT-MICROBE INTERACTIONS,3.9,Q1,3区,,0894-0282,0894-0282,"[""0894-0282"",""1943-7706""]",Scientific Societies,resolved,unknown,0,,https://mp.weixin.qq.com/s/WF9YQz6_lCBo4rw_3ZeHWw,pending_clarivate_verification
biology,242,Alpine Botany,3.9,Q1,2区,,1664-2201,1664-221X,"[""1664-2201"",""1664-221X""]",Springer-Verlag,resolved,unknown,0,,https://mp.weixin.qq.com/s/WF9YQz6_lCBo4rw_3ZeHWw,pending_clarivate_verification
biology,243,Life-Basel,3.9,Q1,3区,,,,[],,unresolved,unknown,0,,https://mp.weixin.qq.com/s/WF9YQz6_lCBo4rw_3ZeHWw,pending_clarivate_verification
biology,244,Reproduction and Fertility,3.8,Q1,4区,,2633-8386,2633-8386,"[""2633-8386""]",Bioscientifica,resolved,unknown,0,,https://mp.weixin.qq.com/s/WF9YQz6_lCBo4rw_3ZeHWw,pending_clarivate_verification
biology,245,BIOCHIMICA ET BIOPHYSICA ACTA-MOLECULAR AND CELL BIOLOGY OF LIPIDS,3.8,Q1,2区,,,,[],,unresolved,unknown,0,,https://mp.weixin.qq.com/s/WF9YQz6_lCBo4rw_3ZeHWw,pending_clarivate_verification
biology,246,Integrative Zoology,3.7,Q1,1区,,,,[],,ambiguous,unknown,0,,https://mp.weixin.qq.com/s/WF9YQz6_lCBo4rw_3ZeHWw,pending_clarivate_verification
biology,247,MOLECULAR ECOLOGY,3.7,Q1,1区,,0962-1083,1365-294X,"[""0962-1083"",""1365-294X""]",Wiley (Blackwell Publishing),resolved,unknown,0,,https://mp.weixin.qq.com/s/WF9YQz6_lCBo4rw_3ZeHWw,pending_clarivate_verification
biology,248,PLoS Computational Biology,3.7,Q1,2区,,1553-734X,1553-7358,"[""1553-734X"",""1553-7358""]",Public Library of Science,resolved,unknown,0,,https://mp.weixin.qq.com/s/WF9YQz6_lCBo4rw_3ZeHWw,pending_clarivate_verification
biology,249,Animal Cells and Systems,3.6,Q1,3区,,1976-8354,2151-2485,"[""1976-8354"",""2151-2485""]",Informa UK (Taylor & Francis),resolved,unknown,0,,https://mp.weixin.qq.com/s/WF9YQz6_lCBo4rw_3ZeHWw,pending_clarivate_verification
biology,250,PROCEEDINGS OF THE ROYAL SOCIETY B-BIOLOGICAL SCIENCES,3.6,Q1,2区,,,,[],,unresolved,unknown,0,,https://mp.weixin.qq.com/s/WF9YQz6_lCBo4rw_3ZeHWw,pending_clarivate_verification
biology,251,JOURNAL OF APPLIED PHYCOLOGY,3.6,Q1,3区,,0921-8971,1573-5176,"[""0921-8971"",""1573-5176""]",Springer-Verlag,resolved,unknown,0,,https://mp.weixin.qq.com/s/WF9YQz6_lCBo4rw_3ZeHWw,pending_clarivate_verification
biology,252,Frontiers in Bioinformatics,3.6,Q1,4区,,,2673-7647,"[""2673-7647""]",Frontiers Media SA,resolved,unknown,0,,https://mp.weixin.qq.com/s/WF9YQz6_lCBo4rw_3ZeHWw,pending_clarivate_verification
biology,253,Scientifica,3.6,Q1,3区,,2090-908X,2090-908X,"[""2090-908X""]",Hindawi (Scientifica),resolved,unknown,0,,https://mp.weixin.qq.com/s/WF9YQz6_lCBo4rw_3ZeHWw,pending_clarivate_verification
biology,254,CORAL REEFS,3.5,Q1,2区,,0722-4028,1432-0975,"[""0722-4028"",""1432-0975""]",Springer-Verlag,resolved,unknown,0,,https://mp.weixin.qq.com/s/WF9YQz6_lCBo4rw_3ZeHWw,pending_clarivate_verification
biology,255,Frontiers in Marine Science,3.4,Q1,3区,,,2296-7745,"[""2296-7745""]",Frontiers Media SA,resolved,unknown,0,,https://mp.weixin.qq.com/s/WF9YQz6_lCBo4rw_3ZeHWw,pending_clarivate_verification
biology,256,COMPUTATIONAL BIOLOGY AND CHEMISTRY,3.4,Q1,4区,,1476-9271,,"[""1476-9271""]",Elsevier,resolved,unknown,0,,https://mp.weixin.qq.com/s/WF9YQz6_lCBo4rw_3ZeHWw,pending_clarivate_verification
biology,257,ALGAE,3.3,Q1,2区,,1226-2617,2093-0860,"[""1226-2617"",""2093-0860""]",The Korean Society of Phycology,resolved,unknown,0,,https://mp.weixin.qq.com/s/WF9YQz6_lCBo4rw_3ZeHWw,pending_clarivate_verification
biology,258,Life Sciences in Space Research,3.3,Q1,3区,,2214-5524,,"[""2214-5524""]",Elsevier,resolved,unknown,0,,https://mp.weixin.qq.com/s/WF9YQz6_lCBo4rw_3ZeHWw,pending_clarivate_verification
biology,259,MAMMAL REVIEW,3.3,Q1,2区,,0305-1838,1365-2907,"[""0305-1838"",""1365-2907""]",Wiley (Blackwell Publishing),resolved,unknown,0,,https://mp.weixin.qq.com/s/WF9YQz6_lCBo4rw_3ZeHWw,pending_clarivate_verification
biology,260,BIOESSAYS,3.3,Q1,3区,,0265-9247,1521-1878,"[""0265-9247"",""1521-1878""]",Wiley (John Wiley & Sons),resolved,unknown,0,,https://mp.weixin.qq.com/s/WF9YQz6_lCBo4rw_3ZeHWw,pending_clarivate_verification
biology,261,Vertebrate Zoology,3.2,Q1,2区,,1864-5755,2625-8498,"[""1864-5755"",""2625-8498""]",Pensoft Publishers,resolved,unknown,0,,https://mp.weixin.qq.com/s/WF9YQz6_lCBo4rw_3ZeHWw,pending_clarivate_verification
biology,262,JOURNAL OF THERMAL BIOLOGY,3.2,Q1,2区,,0306-4565,,"[""0306-4565""]",Elsevier,resolved,unknown,0,,https://mp.weixin.qq.com/s/WF9YQz6_lCBo4rw_3ZeHWw,pending_clarivate_verification
biology,263,TISSUE & CELL,3.1,Q1,3区,,,,[],,unresolved,unknown,0,,https://mp.weixin.qq.com/s/WF9YQz6_lCBo4rw_3ZeHWw,pending_clarivate_verification
biology,264,Egyptian Journal of Aquatic Research,3.1,Q1,3区,,,,[],,unresolved,unknown,0,,https://mp.weixin.qq.com/s/WF9YQz6_lCBo4rw_3ZeHWw,pending_clarivate_verification
biology,265,ZOOLOGICAL JOURNAL OF THE LINNEAN SOCIETY,3,Q1,2区,,0024-4082,1096-3642,"[""0024-4082"",""1096-3642""]",Oxford University Press,resolved,unknown,0,,https://mp.weixin.qq.com/s/WF9YQz6_lCBo4rw_3ZeHWw,pending_clarivate_verification
biology,266,JOURNAL OF EXPERIMENTAL BIOLOGY,3,Q1,2区,,0022-0949,1477-9145,"[""0022-0949"",""1477-9145""]",The Company of Biologists,resolved,unknown,0,,https://mp.weixin.qq.com/s/WF9YQz6_lCBo4rw_3ZeHWw,pending_clarivate_verification
biology,267,JOURNAL OF ZOOLOGICAL SYSTEMATICS AND EVOLUTIONARY RESEARCH,3,Q1,2区,,,,[],,unresolved,unknown,0,,https://mp.weixin.qq.com/s/WF9YQz6_lCBo4rw_3ZeHWw,pending_clarivate_verification
biology,268,IBIS,2.9,Q1,3区,,0019-1019,1474-919X,"[""0019-1019"",""1474-919X""]",Wiley (Blackwell Publishing),resolved,unknown,0,,https://mp.weixin.qq.com/s/WF9YQz6_lCBo4rw_3ZeHWw,pending_clarivate_verification
biology,269,HISTOCHEMISTRY AND CELL BIOLOGY,2.9,Q1,4区,,0948-6143,1432-119X,"[""0948-6143"",""1432-119X""]",Springer-Verlag,resolved,unknown,0,,https://mp.weixin.qq.com/s/WF9YQz6_lCBo4rw_3ZeHWw,pending_clarivate_verification
biology,270,Frontiers in Zoology,2.8,Q1,2区,,1742-9994,1742-9994,"[""1742-9994""]",Springer (Biomed Central Ltd.),resolved,unknown,0,,https://mp.weixin.qq.com/s/WF9YQz6_lCBo4rw_3ZeHWw,pending_clarivate_verification
biology,271,Zoological Letters,2.8,Q1,3区,,2056-306X,2056-306X,"[""2056-306X""]",Springer (Biomed Central Ltd.),resolved,unknown,0,,https://mp.weixin.qq.com/s/WF9YQz6_lCBo4rw_3ZeHWw,pending_clarivate_verification
biology,272,MARINE BIOTECHNOLOGY,2.8,Q1,3区,,1436-2228,1436-2236,"[""1436-2228"",""1436-2236""]",Springer-Verlag,resolved,unknown,0,,https://mp.weixin.qq.com/s/WF9YQz6_lCBo4rw_3ZeHWw,pending_clarivate_verification
biology,273,Ornithological Applications,2.7,Q1,2区,,0010-5422,1938-5129,"[""0010-5422"",""1938-5129"",""2732-4621""]",Oxford University Press,resolved,unknown,0,,https://mp.weixin.qq.com/s/WF9YQz6_lCBo4rw_3ZeHWw,pending_clarivate_verification
biology,274,FRESHWATER BIOLOGY,2.6,Q1,2区,,0046-5070,1365-2427,"[""0046-5070"",""1365-2427""]",Wiley (Blackwell Publishing),resolved,unknown,0,,https://mp.weixin.qq.com/s/WF9YQz6_lCBo4rw_3ZeHWw,pending_clarivate_verification
biology,275,COMPARATIVE BIOCHEMISTRY AND PHYSIOLOGY B-BIOCHEMISTRY & MOLECULAR BIOLOGY,2.5,Q1,4区,,,,[],,unresolved,unknown,0,,https://mp.weixin.qq.com/s/WF9YQz6_lCBo4rw_3ZeHWw,pending_clarivate_verification
biology,276,INTEGRATIVE AND COMPARATIVE BIOLOGY,2.4,Q1,3区,,1540-7063,1557-7023,"[""1540-7063"",""1557-7023""]",Oxford University Press,resolved,unknown,0,,https://mp.weixin.qq.com/s/WF9YQz6_lCBo4rw_3ZeHWw,pending_clarivate_verification
biology,277,JOURNAL OF INVERTEBRATE PATHOLOGY,2.4,Q1,2区,,0022-2011,1096-0805,"[""0022-2011"",""1096-0805""]",Elsevier,resolved,unknown,0,,https://mp.weixin.qq.com/s/WF9YQz6_lCBo4rw_3ZeHWw,pending_clarivate_verification
biology,278,American Journal of Biological Anthropology,2.4,Q1,2区,,2692-7691,2692-7691,"[""2692-7691""]",Wiley (John Wiley & Sons),resolved,unknown,0,,https://mp.weixin.qq.com/s/WF9YQz6_lCBo4rw_3ZeHWw,pending_clarivate_verification
biology,279,COMPARATIVE BIOCHEMISTRY AND PHYSIOLOGY A-MOLECULAR & INTEGRATIVE PHYSIOLOGY,2.4,Q1,3区,,,,[],,unresolved,unknown,0,,https://mp.weixin.qq.com/s/WF9YQz6_lCBo4rw_3ZeHWw,pending_clarivate_verification
biology,280,ANIMAL BEHAVIOUR,2.3,Q1,2区,,0003-3472,1095-8282,"[""0003-3472"",""1095-8282""]",Elsevier,resolved,unknown,0,,https://mp.weixin.qq.com/s/WF9YQz6_lCBo4rw_3ZeHWw,pending_clarivate_verification
biology,281,ANIMAL COGNITION,2.3,Q1,2区,,1435-9448,1435-9456,"[""1435-9448"",""1435-9456""]",Springer-Verlag,resolved,unknown,0,,https://mp.weixin.qq.com/s/WF9YQz6_lCBo4rw_3ZeHWw,pending_clarivate_verification
biology,282,REPRODUCTION FERTILITY AND DEVELOPMENT,2.3,Q1,4区,,1031-3613,1448-5990,"[""1031-3613"",""1448-5990""]",CSIRO Publishing,resolved,unknown,0,,https://mp.weixin.qq.com/s/WF9YQz6_lCBo4rw_3ZeHWw,pending_clarivate_verification
biology,283,Avian Research,2.2,Q1,1区,,2053-7166,2053-7166,"[""2053-7166""]",Elsevier,resolved,unknown,0,,https://mp.weixin.qq.com/s/WF9YQz6_lCBo4rw_3ZeHWw,pending_clarivate_verification
biology,284,INVERTEBRATE SYSTEMATICS,2.2,Q1,2区,,1445-5226,1447-2600,"[""1445-5226"",""1447-2600""]",CSIRO Publishing,resolved,unknown,0,,https://mp.weixin.qq.com/s/WF9YQz6_lCBo4rw_3ZeHWw,pending_clarivate_verification
biology,285,BMC Zoology,2.2,Q1,3区,,,2056-3132,"[""2056-3132""]",Springer (Biomed Central Ltd.),resolved,unknown,0,,https://mp.weixin.qq.com/s/WF9YQz6_lCBo4rw_3ZeHWw,pending_clarivate_verification
biology,286,Asian Herpetological Research,2.2,Q1,3区,,2095-0357,,"[""2095-0357""]",China Science Publishing & Media Ltd.,resolved,unknown,0,,https://mp.weixin.qq.com/s/WF9YQz6_lCBo4rw_3ZeHWw,pending_clarivate_verification
biology,287,Current Zoology,2.1,Q1,3区,,1674-5507,2396-9814,"[""1674-5507"",""2396-9814""]",Oxford University Press,resolved,unknown,0,,https://mp.weixin.qq.com/s/WF9YQz6_lCBo4rw_3ZeHWw,pending_clarivate_verification
biology,288,BIOACOUSTICS-THE INTERNATIONAL JOURNAL OF ANIMAL SOUND AND ITS RECORDING,2.1,Q1,4区,,,,[],,unresolved,unknown,0,,https://mp.weixin.qq.com/s/WF9YQz6_lCBo4rw_3ZeHWw,pending_clarivate_verification
biology,289,Zoologia,2.1,Q1,4区,,,,[],,unresolved,unknown,0,,https://mp.weixin.qq.com/s/WF9YQz6_lCBo4rw_3ZeHWw,pending_clarivate_verification
biology,290,Neotropical Ichthyology,2.1,Q1,3区,,1679-6225,1679-6225,"[""1679-6225"",""1982-0224""]",SciELO,resolved,unknown,0,,https://mp.weixin.qq.com/s/WF9YQz6_lCBo4rw_3ZeHWw,pending_clarivate_verification
biology,291,WILDLIFE BIOLOGY,2.1,Q1,3区,,0909-6396,1903-220X,"[""0909-6396"",""1903-220X""]",Wiley (John Wiley & Sons),resolved,unknown,0,,https://mp.weixin.qq.com/s/WF9YQz6_lCBo4rw_3ZeHWw,pending_clarivate_verification
biology,292,WILDLIFE MONOGRAPHS,2,Q1,2区,,0084-0173,1938-5455,"[""0084-0173"",""1938-5455""]",Wiley (John Wiley & Sons),resolved,unknown,0,,https://mp.weixin.qq.com/s/WF9YQz6_lCBo4rw_3ZeHWw,pending_clarivate_verification
biology,293,JOURNAL OF ZOOLOGY,2,Q1,3区,,0952-8369,1469-7998,"[""0952-8369"",""1469-7998""]",Wiley (Blackwell Publishing),resolved,unknown,0,,https://mp.weixin.qq.com/s/WF9YQz6_lCBo4rw_3ZeHWw,pending_clarivate_verification
biology,294,ZOOLOGICA SCRIPTA,2,Q1,2区,,0300-3256,1463-6409,"[""0300-3256"",""1463-6409""]",Wiley (Blackwell Publishing),resolved,unknown,0,,https://mp.weixin.qq.com/s/WF9YQz6_lCBo4rw_3ZeHWw,pending_clarivate_verification
biology,295,JOURNAL OF MAMMALIAN EVOLUTION,2,Q1,3区,,1064-7554,1573-7055,"[""1064-7554"",""1573-7055""]",Springer-Verlag,resolved,unknown,0,,https://mp.weixin.qq.com/s/WF9YQz6_lCBo4rw_3ZeHWw,pending_clarivate_verification
biology,296,Journal of Comparative Physiology B-Biochemical Systems and Environmental Physiology,2,Q1,3区,,,,[],,unresolved,unknown,0,,https://mp.weixin.qq.com/s/WF9YQz6_lCBo4rw_3ZeHWw,pending_clarivate_verification
biology,297,JOURNAL OF NEMATOLOGY,2,Q1,4区,,0022-300X,0022-300X,"[""0022-300X"",""2640-396X""]",De Gruyter Poland Sp. z o.o.,resolved,unknown,0,,https://mp.weixin.qq.com/s/WF9YQz6_lCBo4rw_3ZeHWw,pending_clarivate_verification
biology,298,BEHAVIORAL ECOLOGY AND SOCIOBIOLOGY,2,Q1,2区,,0340-5443,1432-0762,"[""0340-5443"",""1432-0762""]",Springer-Verlag,resolved,unknown,0,,https://mp.weixin.qq.com/s/WF9YQz6_lCBo4rw_3ZeHWw,pending_clarivate_verification
biology,299,Integrative Organismal Biology,2,Q1,2区,,,2517-4843,"[""2517-4843""]",Oxford University Press,resolved,unknown,0,,https://mp.weixin.qq.com/s/WF9YQz6_lCBo4rw_3ZeHWw,pending_clarivate_verification
biology,300,JOURNAL OF HELMINTHOLOGY,2,Q1,3区,,0022-149X,1475-2697,"[""0022-149X"",""1475-2697""]",Cambridge University Press,resolved,unknown,0,,https://mp.weixin.qq.com/s/WF9YQz6_lCBo4rw_3ZeHWw,pending_clarivate_verification
biology,301,JOURNAL OF AVIAN BIOLOGY,1.9,Q1,3区,,0908-8857,1600-048X,"[""0908-8857"",""1600-048X""]",Wiley (Blackwell Publishing),resolved,unknown,0,,https://mp.weixin.qq.com/s/WF9YQz6_lCBo4rw_3ZeHWw,pending_clarivate_verification
biology,302,Ornithology,1.9,Q1,3区,,0004-8038,1938-4254,"[""0004-8038"",""1938-4254"",""2732-4613""]",Oxford University Press,resolved,unknown,0,,https://mp.weixin.qq.com/s/WF9YQz6_lCBo4rw_3ZeHWw,pending_clarivate_verification
computer_science,1,IEEE Communications Surveys and Tutorials,50.6,Q1,1区,,,,[],,unresolved,unknown,0,,https://mp.weixin.qq.com/s/xzDW10m8GNqnEFDUPxwnUw,pending_clarivate_verification
computer_science,2,Foundations and Trends in Machine Learning,36.6,Q1,1区,,,,[],,unresolved,unknown,0,,https://mp.weixin.qq.com/s/xzDW10m8GNqnEFDUPxwnUw,pending_clarivate_verification
computer_science,3,PROCEEDINGS OF THE IEEE,30.9,Q1,1区,,0018-9219,1558-2256,"[""0018-9219"",""1558-2256""]",Institute of Electrical and Electronics Engineers,resolved,unknown,0,,https://mp.weixin.qq.com/s/xzDW10m8GNqnEFDUPxwnUw,pending_clarivate_verification
computer_science,4,ACM COMPUTING SURVEYS,30.4,Q1,1区,,0360-0300,1557-7341,"[""0360-0300"",""1557-7341""]",Association for Computing Machinery,resolved,unknown,0,,https://mp.weixin.qq.com/s/xzDW10m8GNqnEFDUPxwnUw,pending_clarivate_verification
computer_science,5,Nature Machine Intelligence,29.8,Q1,1区,,,2522-5839,"[""2522-5839""]",Springer Science and Business Media LLC,resolved,unknown,0,,https://mp.weixin.qq.com/s/xzDW10m8GNqnEFDUPxwnUw,pending_clarivate_verification
computer_science,6,Science Robotics,25.5,Q1,1区,,,2470-9476,"[""2470-9476""]",American Association for the Advancement of Science (AAAS),resolved,unknown,0,,https://mp.weixin.qq.com/s/xzDW10m8GNqnEFDUPxwnUw,pending_clarivate_verification
computer_science,7,Cyborg and Bionic Systems,20.9,Q1,1区,,,2692-7632,"[""2692-7632""]",American Association for the Advancement of Science (AAAS),resolved,unknown,0,,https://mp.weixin.qq.com/s/xzDW10m8GNqnEFDUPxwnUw,pending_clarivate_verification
computer_science,8,IEEE TRANSACTIONS ON PATTERN ANALYSIS AND MACHINE INTELLIGENCE,20.4,Q1,1区,,0162-8828,2160-9292,"[""0162-8828"",""1939-3539"",""2160-9292""]",Institute of Electrical and Electronics Engineers,resolved,unknown,0,,https://mp.weixin.qq.com/s/xzDW10m8GNqnEFDUPxwnUw,pending_clarivate_verification
computer_science,9,Nature Computational Science,20.3,Q1,1区,,,2662-8457,"[""2662-8457""]",Springer Science and Business Media LLC,resolved,unknown,0,,https://mp.weixin.qq.com/s/xzDW10m8GNqnEFDUPxwnUw,pending_clarivate_verification
computer_science,10,ARTIFICIAL INTELLIGENCE REVIEW,18.8,Q1,1区,,0269-2821,1573-7462,"[""0269-2821"",""1573-7462""]",Springer-Verlag,resolved,unknown,0,,https://mp.weixin.qq.com/s/xzDW10m8GNqnEFDUPxwnUw,pending_clarivate_verification
computer_science,11,IEEE-CAA Journal of Automatica Sinica,18.3,Q1,1区,,,,[],,unresolved,unknown,0,,https://mp.weixin.qq.com/s/xzDW10m8GNqnEFDUPxwnUw,pending_clarivate_verification
computer_science,12,Computer Science Review,17.5,Q1,1区,,1574-0137,,"[""1574-0137""]",Elsevier,resolved,unknown,0,,https://mp.weixin.qq.com/s/xzDW10m8GNqnEFDUPxwnUw,pending_clarivate_verification
computer_science,13,Information Fusion,17.4,Q1,1区,,1566-2535,,"[""1566-2535""]",Elsevier,resolved,unknown,0,,https://mp.weixin.qq.com/s/xzDW10m8GNqnEFDUPxwnUw,pending_clarivate_verification
computer_science,14,IEEE JOURNAL ON SELECTED AREAS IN COMMUNICATIONS,16.8,Q1,1区,,0733-8716,1558-0008,"[""0733-8716"",""1558-0008""]",Institute of Electrical and Electronics Engineers,resolved,unknown,0,,https://mp.weixin.qq.com/s/xzDW10m8GNqnEFDUPxwnUw,pending_clarivate_verification
computer_science,15,IEEE TRANSACTIONS ON EVOLUTIONARY COMPUTATION,15.9,Q1,1区,,1089-778X,1089-778X,"[""1089-778X"",""1941-0026""]",Institute of Electrical and Electronics Engineers,resolved,unknown,0,,https://mp.weixin.qq.com/s/xzDW10m8GNqnEFDUPxwnUw,pending_clarivate_verification
computer_science,16,IEEE TRANSACTIONS ON IMAGE PROCESSING,15.3,Q1,1区,,1057-7149,1941-0042,"[""1057-7149"",""1941-0042""]",Institute of Electrical and Electronics Engineers,resolved,unknown,0,,https://mp.weixin.qq.com/s/xzDW10m8GNqnEFDUPxwnUw,pending_clarivate_verification
computer_science,17,Wiley Interdisciplinary Reviews-Data Mining and Knowledge Discovery,15,Q1,3区,,,,[],,unresolved,unknown,0,,https://mp.weixin.qq.com/s/xzDW10m8GNqnEFDUPxwnUw,pending_clarivate_verification
computer_science,18,Foundations and Trends in Computer Graphics and Vision,14.7,Q1,2区,,,,[],,unresolved,unknown,0,,https://mp.weixin.qq.com/s/xzDW10m8GNqnEFDUPxwnUw,pending_clarivate_verification
computer_science,19,Annual Review of Control Robotics and Autonomous Systems,14.6,Q1,1区,,2573-5144,2573-5144,"[""2573-5144""]",Annual Reviews,resolved,unknown,0,,https://mp.weixin.qq.com/s/xzDW10m8GNqnEFDUPxwnUw,pending_clarivate_verification
computer_science,20,ANNUAL REVIEWS IN CONTROL,14.4,Q1,2区,,1367-5788,,"[""1367-5788""]",Elsevier,resolved,unknown,0,,https://mp.weixin.qq.com/s/xzDW10m8GNqnEFDUPxwnUw,pending_clarivate_verification
computer_science,21,Journal of Statistical Software,14.3,Q1,2区,,,1548-7660,"[""1548-7660""]",Foundation for Open Access Statistic,resolved,unknown,0,,https://mp.weixin.qq.com/s/xzDW10m8GNqnEFDUPxwnUw,pending_clarivate_verification
computer_science,22,COMPUTATIONAL LINGUISTICS,13.4,Q1,2区,,0891-2017,1530-9312,"[""0891-2017"",""1530-9312""]",MIT Press,resolved,unknown,0,,https://mp.weixin.qq.com/s/xzDW10m8GNqnEFDUPxwnUw,pending_clarivate_verification
computer_science,23,IEEE WIRELESS COMMUNICATIONS,13.4,Q1,2区,,1536-1284,1558-0687,"[""1070-9916"",""1536-1284"",""1558-0687""]",Institute of Electrical and Electronics Engineers,resolved,unknown,0,,https://mp.weixin.qq.com/s/xzDW10m8GNqnEFDUPxwnUw,pending_clarivate_verification
computer_science,24,ACM TRANSACTIONS ON GRAPHICS,13,Q1,1区,,0730-0301,1557-7368,"[""0730-0301"",""1557-7368""]",Association for Computing Machinery,resolved,unknown,0,,https://mp.weixin.qq.com/s/xzDW10m8GNqnEFDUPxwnUw,pending_clarivate_verification
computer_science,25,ROBOTICS AND COMPUTER-INTEGRATED MANUFACTURING,12.3,Q1,1区,,0736-5845,,"[""0736-5845""]",Elsevier,resolved,unknown,0,,https://mp.weixin.qq.com/s/xzDW10m8GNqnEFDUPxwnUw,pending_clarivate_verification
computer_science,26,Transactions of the Association for Computational Linguistics,11.7,Q1,2区,,,2307-387X,"[""2307-387X""]",MIT Press,resolved,unknown,0,,https://mp.weixin.qq.com/s/xzDW10m8GNqnEFDUPxwnUw,pending_clarivate_verification
computer_science,27,IEEE TRANSACTIONS ON KNOWLEDGE AND DATA ENGINEERING,11.6,Q1,1区,,1041-4347,1558-2191,"[""1041-4347"",""1558-2191"",""2326-3865""]",Institute of Electrical and Electronics Engineers,resolved,unknown,0,,https://mp.weixin.qq.com/s/xzDW10m8GNqnEFDUPxwnUw,pending_clarivate_verification
computer_science,28,IEEE Transactions on Affective Computing,11.3,Q1,1区,,1949-3045,1949-3045,"[""1949-3045"",""2371-9850""]",Institute of Electrical and Electronics Engineers,resolved,unknown,0,,https://mp.weixin.qq.com/s/xzDW10m8GNqnEFDUPxwnUw,pending_clarivate_verification
computer_science,29,IEEE Transactions on Cybernetics,11.3,Q1,1区,,2168-2267,2168-2275,"[""2168-2267"",""2168-2275""]",Institute of Electrical and Electronics Engineers,resolved,unknown,0,,https://mp.weixin.qq.com/s/xzDW10m8GNqnEFDUPxwnUw,pending_clarivate_verification
computer_science,30,ACM TRANSACTIONS ON INFORMATION SYSTEMS,11.2,Q1,2区,,1046-8188,1558-2868,"[""1046-8188"",""1558-2868""]",Association for Computing Machinery,resolved,unknown,0,,https://mp.weixin.qq.com/s/xzDW10m8GNqnEFDUPxwnUw,pending_clarivate_verification
computer_science,31,Journal of Industrial Information Integration,11.2,Q1,1区,,2452-414X,,"[""2452-414X""]",Elsevier,resolved,unknown,0,,https://mp.weixin.qq.com/s/xzDW10m8GNqnEFDUPxwnUw,pending_clarivate_verification
computer_science,32,IEEE Transactions on Robotics,11.1,Q1,1区,,1552-3098,1941-0468,"[""1546-1904"",""1552-3098"",""1941-0468""]",Institute of Electrical and Electronics Engineers,resolved,unknown,0,,https://mp.weixin.qq.com/s/xzDW10m8GNqnEFDUPxwnUw,pending_clarivate_verification
computer_science,33,IEEE TRANSACTIONS ON CIRCUITS AND SYSTEMS FOR VIDEO TECHNOLOGY,10.8,Q1,1区,,1051-8215,1558-2205,"[""1051-8215"",""1558-2205""]",Institute of Electrical and Electronics Engineers,resolved,unknown,0,,https://mp.weixin.qq.com/s/xzDW10m8GNqnEFDUPxwnUw,pending_clarivate_verification
computer_science,34,Journal of Big Data,10.8,Q1,2区,,2196-1115,2196-1115,"[""2196-1115""]",Springer (Biomed Central Ltd.),resolved,unknown,0,,https://mp.weixin.qq.com/s/xzDW10m8GNqnEFDUPxwnUw,pending_clarivate_verification
computer_science,35,Patterns,10.8,Q1,2区,,2666-3899,,"[""2666-3899""]",Elsevier,resolved,unknown,0,,https://mp.weixin.qq.com/s/xzDW10m8GNqnEFDUPxwnUw,pending_clarivate_verification
computer_science,36,ACM Transactions on Intelligent Systems and Technology,10.7,Q1,3区,,2157-6904,2157-6912,"[""2157-6904"",""2157-6912""]",Association for Computing Machinery,resolved,unknown,0,,https://mp.weixin.qq.com/s/xzDW10m8GNqnEFDUPxwnUw,pending_clarivate_verification
computer_science,37,IEEE TRANSACTIONS ON WIRELESS COMMUNICATIONS,10.3,Q1,1区,,1536-1276,1558-2248,"[""1536-1276"",""1558-2248""]",Institute of Electrical and Electronics Engineers,resolved,unknown,0,,https://mp.weixin.qq.com/s/xzDW10m8GNqnEFDUPxwnUw,pending_clarivate_verification
computer_science,38,INTERNATIONAL JOURNAL OF COMPUTER VISION,10.3,Q1,2区,,0920-5691,1573-1405,"[""0920-5691"",""1573-1405""]",Springer-Verlag,resolved,unknown,0,,https://mp.weixin.qq.com/s/xzDW10m8GNqnEFDUPxwnUw,pending_clarivate_verification
computer_science,39,IEEE TRANSACTIONS ON FUZZY SYSTEMS,10.2,Q1,1区,,1063-6706,1941-0034,"[""1063-6706"",""1941-0034""]",Institute of Electrical and Electronics Engineers,resolved,unknown,0,,https://mp.weixin.qq.com/s/xzDW10m8GNqnEFDUPxwnUw,pending_clarivate_verification
computer_science,40,International Journal of Artificial Intelligence in Education,10.1,Q1,2区,,1560-4292,1560-4306,"[""1560-4292"",""1560-4306""]",Elsevier,resolved,unknown,0,,https://mp.weixin.qq.com/s/xzDW10m8GNqnEFDUPxwnUw,pending_clarivate_verification
computer_science,41,COMPUTERS IN INDUSTRY,10,Q1,1区,,0166-3615,,"[""0166-3615""]",Elsevier,resolved,unknown,0,,https://mp.weixin.qq.com/s/xzDW10m8GNqnEFDUPxwnUw,pending_clarivate_verification
computer_science,42,Machine Intelligence Research,10,Q1,2区,,2731-538X,2731-5398,"[""2731-538X"",""2731-5398""]",Springer-Verlag,resolved,unknown,0,,https://mp.weixin.qq.com/s/xzDW10m8GNqnEFDUPxwnUw,pending_clarivate_verification
computer_science,43,IEEE TRANSACTIONS ON MULTIMEDIA,9.9,Q1,1区,,1520-9210,1941-0077,"[""1520-9210"",""1941-0077""]",Institute of Electrical and Electronics Engineers,resolved,unknown,0,,https://mp.weixin.qq.com/s/xzDW10m8GNqnEFDUPxwnUw,pending_clarivate_verification
computer_science,44,IEEE TRANSACTIONS ON CONSUMER ELECTRONICS,9.9,Q1,2区,,0098-3063,1558-4127,"[""0098-3063"",""1558-4127""]",Institute of Electrical and Electronics Engineers,resolved,unknown,0,,https://mp.weixin.qq.com/s/xzDW10m8GNqnEFDUPxwnUw,pending_clarivate_verification
computer_science,45,IEEE Transactions on Industrial Informatics,9.8,Q1,1区,,1551-3203,1941-0050,"[""1551-3203"",""1941-0050""]",Institute of Electrical and Electronics Engineers,resolved,unknown,0,,https://mp.weixin.qq.com/s/xzDW10m8GNqnEFDUPxwnUw,pending_clarivate_verification
computer_science,46,IEEE ROBOTICS & AUTOMATION MAGAZINE,9.8,Q1,3区,,1070-9932,1558-223X,"[""1070-9932"",""1558-223X""]",Institute of Electrical and Electronics Engineers,resolved,unknown,0,,https://mp.weixin.qq.com/s/xzDW10m8GNqnEFDUPxwnUw,pending_clarivate_verification
computer_science,47,IEEE Transactions on Neural Networks and Learning Systems,9.7,Q1,1区,,2162-237X,2162-2388,"[""2162-237X"",""2162-2388""]",Institute of Electrical and Electronics Engineers,resolved,unknown,0,,https://mp.weixin.qq.com/s/xzDW10m8GNqnEFDUPxwnUw,pending_clarivate_verification
computer_science,48,Swarm and Evolutionary Computation,9.6,Q1,2区,,2210-6502,,"[""2210-6502""]",Elsevier,resolved,unknown,0,,https://mp.weixin.qq.com/s/xzDW10m8GNqnEFDUPxwnUw,pending_clarivate_verification
computer_science,49,ACM Transactions on Computer-Human Interaction,9.6,Q1,1区,,1073-0516,1557-7325,"[""1073-0516"",""1557-7325""]",Association for Computing Machinery,resolved,unknown,0,,https://mp.weixin.qq.com/s/xzDW10m8GNqnEFDUPxwnUw,pending_clarivate_verification
computer_science,50,EXPERT SYSTEMS WITH APPLICATIONS,9.4,Q1,1区,,0957-4174,1873-6793,"[""0957-4174"",""1873-6793""]",Elsevier,resolved,unknown,0,,https://mp.weixin.qq.com/s/xzDW10m8GNqnEFDUPxwnUw,pending_clarivate_verification
computer_science,51,IEEE TRANSACTIONS ON INTELLIGENT TRANSPORTATION SYSTEMS,9.1,Q1,2区,,1524-9050,1558-0016,"[""1524-9050"",""1558-0016""]",Institute of Electrical and Electronics Engineers,resolved,unknown,0,,https://mp.weixin.qq.com/s/xzDW10m8GNqnEFDUPxwnUw,pending_clarivate_verification
computer_science,52,PATTERN RECOGNITION,9.1,Q1,1区,,0031-3203,,"[""0031-3203""]",Elsevier,resolved,unknown,0,,https://mp.weixin.qq.com/s/xzDW10m8GNqnEFDUPxwnUw,pending_clarivate_verification
computer_science,53,ENGINEERING APPLICATIONS OF ARTIFICIAL INTELLIGENCE,9,Q1,1区,,0952-1976,,"[""0952-1976""]",Elsevier,resolved,unknown,0,,https://mp.weixin.qq.com/s/xzDW10m8GNqnEFDUPxwnUw,pending_clarivate_verification
computer_science,54,High-Confidence Computing,9,Q1,3区,,2667-2952,,"[""2667-2952""]",Elsevier,resolved,unknown,0,,https://mp.weixin.qq.com/s/xzDW10m8GNqnEFDUPxwnUw,pending_clarivate_verification
computer_science,55,GetMobile-Mobile Computing & Communications Review,8.9,Q1,4区,,,,[],,unresolved,unknown,0,,https://mp.weixin.qq.com/s/xzDW10m8GNqnEFDUPxwnUw,pending_clarivate_verification
computer_science,56,IEEE TRANSACTIONS ON MOBILE COMPUTING,8.8,Q1,1区,,1536-1233,1558-0660,"[""1536-1233"",""1558-0660"",""2161-9875""]",Institute of Electrical and Electronics Engineers,resolved,unknown,0,,https://mp.weixin.qq.com/s/xzDW10m8GNqnEFDUPxwnUw,pending_clarivate_verification
computer_science,57,IEEE NETWORK,8.8,Q1,3区,,0890-8044,1558-156X,"[""0890-8044"",""1558-156X""]",Institute of Electrical and Electronics Engineers,resolved,unknown,0,,https://mp.weixin.qq.com/s/xzDW10m8GNqnEFDUPxwnUw,pending_clarivate_verification
computer_science,58,IEEE Internet of Things Journal,8.7,Q1,2区,,,2327-4662,"[""2327-4662""]",Institute of Electrical and Electronics Engineers,resolved,unknown,0,,https://mp.weixin.qq.com/s/xzDW10m8GNqnEFDUPxwnUw,pending_clarivate_verification
computer_science,59,IEEE Transactions on Information Forensics and Security,8.7,Q1,1区,,1556-6013,1556-6021,"[""1556-6013"",""1556-6021""]",Institute of Electrical and Electronics Engineers,resolved,unknown,0,,https://mp.weixin.qq.com/s/xzDW10m8GNqnEFDUPxwnUw,pending_clarivate_verification
computer_science,60,IEEE Journal of Selected Topics in Signal Processing,8.5,Q1,2区,,1932-4553,1941-0484,"[""1932-4553"",""1941-0484""]",Institute of Electrical and Electronics Engineers,resolved,unknown,0,,https://mp.weixin.qq.com/s/xzDW10m8GNqnEFDUPxwnUw,pending_clarivate_verification
computer_science,61,IEEE Vehicular Technology Magazine,8.5,Q1,3区,,1556-6072,1556-6080,"[""1556-6072"",""1556-6080""]",Institute of Electrical and Electronics Engineers,resolved,unknown,0,,https://mp.weixin.qq.com/s/xzDW10m8GNqnEFDUPxwnUw,pending_clarivate_verification
computer_science,62,IEEE TRANSACTIONS ON COMMUNICATIONS,8.4,Q1,2区,,0090-6778,1558-0857,"[""0090-6778"",""1558-0857""]",Institute of Electrical and Electronics Engineers,resolved,unknown,0,,https://mp.weixin.qq.com/s/xzDW10m8GNqnEFDUPxwnUw,pending_clarivate_verification
computer_science,63,IEEE Transactions on Systems Man Cybernetics-Systems,8.4,Q1,1区,,,,[],,unresolved,unknown,0,,https://mp.weixin.qq.com/s/xzDW10m8GNqnEFDUPxwnUw,pending_clarivate_verification
computer_science,64,Machine Learning and Knowledge Extraction,8.4,Q1,4区,,,2504-4990,"[""2504-4990""]",MDPI AG,resolved,unknown,0,,https://mp.weixin.qq.com/s/xzDW10m8GNqnEFDUPxwnUw,pending_clarivate_verification
computer_science,65,Computational Visual Media,8.3,Q1,2区,,2096-0433,2096-0662,"[""2096-0433"",""2096-0662""]",Tsinghua University Press,resolved,unknown,0,,https://mp.weixin.qq.com/s/xzDW10m8GNqnEFDUPxwnUw,pending_clarivate_verification
computer_science,66,IEEE COMMUNICATIONS MAGAZINE,8.3,Q1,2区,,0163-6804,1558-1896,"[""0163-6804"",""1558-1896""]",Institute of Electrical and Electronics Engineers,resolved,unknown,0,,https://mp.weixin.qq.com/s/xzDW10m8GNqnEFDUPxwnUw,pending_clarivate_verification
computer_science,67,INFORMATION PROCESSING & MANAGEMENT,8.1,Q1,1区,,0306-4573,,"[""0306-4573""]",Elsevier,resolved,unknown,0,,https://mp.weixin.qq.com/s/xzDW10m8GNqnEFDUPxwnUw,pending_clarivate_verification
computer_science,68,IEEE Transactions on Big Data,8.1,Q1,2区,,,2332-7790,"[""2332-7790""]",Institute of Electrical and Electronics Engineers,resolved,unknown,0,,https://mp.weixin.qq.com/s/xzDW10m8GNqnEFDUPxwnUw,pending_clarivate_verification
computer_science,69,Science China-Information Sciences,8.1,Q1,1区,,,,[],,unresolved,unknown,0,,https://mp.weixin.qq.com/s/xzDW10m8GNqnEFDUPxwnUw,pending_clarivate_verification
computer_science,70,IEEE Transactions on Cognitive Communications and Networking,8,Q1,1区,,,2332-7731,"[""2332-7731""]",Institute of Electrical and Electronics Engineers,resolved,unknown,0,,https://mp.weixin.qq.com/s/xzDW10m8GNqnEFDUPxwnUw,pending_clarivate_verification
computer_science,71,KNOWLEDGE-BASED SYSTEMS,8,Q1,1区,,0950-7051,,"[""0950-7051""]",Elsevier,resolved,unknown,0,,https://mp.weixin.qq.com/s/xzDW10m8GNqnEFDUPxwnUw,pending_clarivate_verification
computer_science,72,IEEE Transactions on Automation Science and Engineering,7.9,Q1,2区,,1545-5955,1558-3783,"[""1545-5955"",""1558-3783""]",Institute of Electrical and Electronics Engineers,resolved,unknown,0,,https://mp.weixin.qq.com/s/xzDW10m8GNqnEFDUPxwnUw,pending_clarivate_verification
computer_science,73,APPLIED SOFT COMPUTING,7.8,Q1,2区,,1568-4946,,"[""1568-4946""]",Elsevier,resolved,unknown,0,,https://mp.weixin.qq.com/s/xzDW10m8GNqnEFDUPxwnUw,pending_clarivate_verification
computer_science,74,IEEE Computational Intelligence Magazine,7.7,Q1,2区,,1556-603X,1556-6048,"[""1556-603X"",""1556-6048""]",Institute of Electrical and Electronics Engineers,resolved,unknown,0,,https://mp.weixin.qq.com/s/xzDW10m8GNqnEFDUPxwnUw,pending_clarivate_verification
computer_science,75,INTERNATIONAL JOURNAL OF ROBOTICS RESEARCH,7.7,Q1,2区,,,,[],,unresolved,unknown,0,,https://mp.weixin.qq.com/s/xzDW10m8GNqnEFDUPxwnUw,pending_clarivate_verification
computer_science,76,JOURNAL OF NETWORK AND COMPUTER APPLICATIONS,7.7,Q1,2区,,1084-8045,1095-8592,"[""1084-8045"",""1095-8592""]",Elsevier,resolved,unknown,0,,https://mp.weixin.qq.com/s/xzDW10m8GNqnEFDUPxwnUw,pending_clarivate_verification
computer_science,77,IEEE TRANSACTIONS ON VEHICULAR TECHNOLOGY,7.5,Q1,2区,,0018-9545,1939-9359,"[""0018-9545"",""1939-9359""]",Institute of Electrical and Electronics Engineers,resolved,unknown,0,,https://mp.weixin.qq.com/s/xzDW10m8GNqnEFDUPxwnUw,pending_clarivate_verification
computer_science,78,Cognitive Computation,7.4,Q1,3区,,1866-9956,1866-9964,"[""1866-9956"",""1866-9964""]",Springer-Verlag,resolved,unknown,0,,https://mp.weixin.qq.com/s/xzDW10m8GNqnEFDUPxwnUw,pending_clarivate_verification
computer_science,79,IEEE Transactions on Network Science and Engineering,7.3,Q1,2区,,2327-4697,2327-4697,"[""2327-4697"",""2334-329X""]",Institute of Electrical and Electronics Engineers,resolved,unknown,0,,https://mp.weixin.qq.com/s/xzDW10m8GNqnEFDUPxwnUw,pending_clarivate_verification
computer_science,80,Frontiers of Computer Science,7.3,Q1,2区,,2095-2228,2095-2236,"[""2095-2228"",""2095-2236""]",Springer-Verlag,resolved,unknown,0,,https://mp.weixin.qq.com/s/xzDW10m8GNqnEFDUPxwnUw,pending_clarivate_verification
computer_science,81,NEURAL NETWORKS,7.2,Q1,2区,,0893-6080,,"[""0893-6080""]",Elsevier,resolved,unknown,0,,https://mp.weixin.qq.com/s/xzDW10m8GNqnEFDUPxwnUw,pending_clarivate_verification
computer_science,82,COMMUNICATIONS OF THE ACM,7.1,Q1,3区,,0001-0782,1557-7317,"[""0001-0782"",""1557-7317""]",Association for Computing Machinery,resolved,unknown,0,,https://mp.weixin.qq.com/s/xzDW10m8GNqnEFDUPxwnUw,pending_clarivate_verification
computer_science,83,Internet of Things,7.1,Q1,2区,,2542-6605,,"[""2542-6605""]",Elsevier,resolved,unknown,0,,https://mp.weixin.qq.com/s/xzDW10m8GNqnEFDUPxwnUw,pending_clarivate_verification
computer_science,84,Digital Discovery,7.1,Q1,2区,,,2635-098X,"[""2635-098X""]",The Royal Society of Chemistry,resolved,unknown,0,,https://mp.weixin.qq.com/s/xzDW10m8GNqnEFDUPxwnUw,pending_clarivate_verification
computer_science,85,IEEE TRANSACTIONS ON AEROSPACE AND ELECTRONIC SYSTEMS,7,Q1,2区,,0018-9251,1557-9603,"[""0018-9251"",""1557-9603"",""2371-9877""]",Institute of Electrical and Electronics Engineers,resolved,unknown,0,,https://mp.weixin.qq.com/s/xzDW10m8GNqnEFDUPxwnUw,pending_clarivate_verification
computer_science,86,IEEE TRANSACTIONS ON AUTOMATIC CONTROL,7,Q1,2区,,0018-9286,1558-2523,"[""0018-9286"",""1558-2523"",""2334-3303""]",Institute of Electrical and Electronics Engineers,resolved,unknown,0,,https://mp.weixin.qq.com/s/xzDW10m8GNqnEFDUPxwnUw,pending_clarivate_verification
computer_science,87,ACM Transactions on Human-Robot Interaction,7,Q1,2区,,2573-9522,2573-9522,"[""2573-9522""]",Association for Computing Machinery,resolved,unknown,0,,https://mp.weixin.qq.com/s/xzDW10m8GNqnEFDUPxwnUw,pending_clarivate_verification
computer_science,88,ACM TRANSACTIONS ON SOFTWARE ENGINEERING AND METHODOLOGY,6.9,Q1,1区,,1049-331X,1557-7392,"[""1049-331X"",""1557-7392""]",Association for Computing Machinery,resolved,unknown,0,,https://mp.weixin.qq.com/s/xzDW10m8GNqnEFDUPxwnUw,pending_clarivate_verification
computer_science,89,ACM Transactions on Knowledge Discovery from Data,6.9,Q1,3区,,1556-4681,1556-472X,"[""1556-4681"",""1556-472X""]",Association for Computing Machinery,resolved,unknown,0,,https://mp.weixin.qq.com/s/xzDW10m8GNqnEFDUPxwnUw,pending_clarivate_verification
computer_science,90,IEEE Transactions on Green Communications and Networking,6.9,Q1,2区,,,2473-2400,"[""2473-2400""]",Institute of Electrical and Electronics Engineers,resolved,unknown,0,,https://mp.weixin.qq.com/s/xzDW10m8GNqnEFDUPxwnUw,pending_clarivate_verification
computer_science,91,IEEE CONTROL SYSTEMS MAGAZINE,6.9,Q1,3区,,0272-1708,2374-9385,"[""0272-1708"",""1941-000X"",""2374-9385""]",Institute of Electrical and Electronics Engineers,resolved,unknown,0,,https://mp.weixin.qq.com/s/xzDW10m8GNqnEFDUPxwnUw,pending_clarivate_verification
computer_science,92,IEEE Transactions on Dependable and Secure Computing,6.8,Q1,2区,,1545-5971,1941-0018,"[""0361-1434"",""1545-5971"",""1941-0018"",""2160-9209""]",Institute of Electrical and Electronics Engineers,resolved,unknown,0,,https://mp.weixin.qq.com/s/xzDW10m8GNqnEFDUPxwnUw,pending_clarivate_verification
computer_science,93,IEEE TRANSACTIONS ON VISUALIZATION AND COMPUTER GRAPHICS,6.8,Q1,2区,,1077-2626,1941-0506,"[""1077-2626"",""1941-0506"",""2160-9306""]",Institute of Electrical and Electronics Engineers,resolved,unknown,0,,https://mp.weixin.qq.com/s/xzDW10m8GNqnEFDUPxwnUw,pending_clarivate_verification
computer_science,94,COMPUTERS & SECURITY,6.8,Q1,2区,,0167-4048,,"[""0167-4048""]",Elsevier,resolved,unknown,0,,https://mp.weixin.qq.com/s/xzDW10m8GNqnEFDUPxwnUw,pending_clarivate_verification
computer_science,95,JOURNAL OF MACHINE LEARNING RESEARCH,6.8,Q1,4区,,1532-4435,,"[""1532-4435""]",Unmaintained records,resolved,unknown,0,,https://mp.weixin.qq.com/s/xzDW10m8GNqnEFDUPxwnUw,pending_clarivate_verification
computer_science,96,Fuzzy Optimization and Decision Making,6.7,Q1,3区,,1568-4539,1573-2908,"[""1568-4539"",""1573-2908""]",Springer-Verlag,resolved,unknown,0,,https://mp.weixin.qq.com/s/xzDW10m8GNqnEFDUPxwnUw,pending_clarivate_verification
computer_science,97,Advanced Intelligent Systems,6.7,Q1,3区,,2640-4567,2640-4567,"[""2640-4567""]",Wiley (John Wiley & Sons),resolved,unknown,0,,https://mp.weixin.qq.com/s/xzDW10m8GNqnEFDUPxwnUw,pending_clarivate_verification
computer_science,98,NEUROCOMPUTING,6.7,Q1,2区,,0925-2312,,"[""0925-2312""]",Elsevier,resolved,unknown,0,,https://mp.weixin.qq.com/s/xzDW10m8GNqnEFDUPxwnUw,pending_clarivate_verification
computer_science,99,Frontiers in Artificial Intelligence,6.7,Q1,4区,,,2624-8212,"[""2624-8212""]",Frontiers Media SA,resolved,unknown,0,,https://mp.weixin.qq.com/s/xzDW10m8GNqnEFDUPxwnUw,pending_clarivate_verification
computer_science,100,ISA TRANSACTIONS,6.6,Q1,2区,,0019-0578,,"[""0019-0578""]",Elsevier,resolved,unknown,0,,https://mp.weixin.qq.com/s/xzDW10m8GNqnEFDUPxwnUw,pending_clarivate_verification
computer_science,101,IEEE Open Journal of Vehicular Technology,6.6,Q1,2区,,,2644-1330,"[""2644-1330""]",Institute of Electrical and Electronics Engineers,resolved,unknown,0,,https://mp.weixin.qq.com/s/xzDW10m8GNqnEFDUPxwnUw,pending_clarivate_verification
computer_science,102,Blockchain-Research and Applications,6.5,Q1,2区,,,,[],,unresolved,unknown,0,,https://mp.weixin.qq.com/s/xzDW10m8GNqnEFDUPxwnUw,pending_clarivate_verification
computer_science,103,AI,6.5,Q1,4区,,,2673-2688,"[""2673-2688""]",MDPI AG,resolved,unknown,0,,https://mp.weixin.qq.com/s/xzDW10m8GNqnEFDUPxwnUw,pending_clarivate_verification
computer_science,104,INTEGRATED COMPUTER-AIDED ENGINEERING,6.4,Q1,2区,,1069-2509,1875-8835,"[""1069-2509"",""1875-8835""]",SAGE Publications,resolved,unknown,0,,https://mp.weixin.qq.com/s/xzDW10m8GNqnEFDUPxwnUw,pending_clarivate_verification
computer_science,105,ACM Transactions on Interactive Intelligent Systems,6.4,Q1,4区,,2160-6455,2160-6463,"[""2160-6455"",""2160-6463""]",Association for Computing Machinery,resolved,unknown,0,,https://mp.weixin.qq.com/s/xzDW10m8GNqnEFDUPxwnUw,pending_clarivate_verification
computer_science,106,Digital Communications and Networks,6.3,Q1,2区,,2352-8648,,"[""2352-8648""]",Elsevier,resolved,unknown,0,,https://mp.weixin.qq.com/s/xzDW10m8GNqnEFDUPxwnUw,pending_clarivate_verification
computer_science,107,IEEE Transactions on Services Computing,6.2,Q1,2区,,1939-1374,1939-1374,"[""1939-1374"",""2372-0204""]",Institute of Electrical and Electronics Engineers,resolved,unknown,0,,https://mp.weixin.qq.com/s/xzDW10m8GNqnEFDUPxwnUw,pending_clarivate_verification
computer_science,108,Sustainable Computing-Informatics & Systems,6.2,Q1,3区,,,,[],,unresolved,unknown,0,,https://mp.weixin.qq.com/s/xzDW10m8GNqnEFDUPxwnUw,pending_clarivate_verification
computer_science,109,AUTOMATICA,6.2,Q1,2区,,0005-1098,,"[""0005-1098""]",Elsevier,resolved,unknown,0,,https://mp.weixin.qq.com/s/xzDW10m8GNqnEFDUPxwnUw,pending_clarivate_verification
computer_science,110,IEEE Open Journal of the Communications Society,6.2,Q1,3区,,,2644-125X,"[""2644-125X""]",Institute of Electrical and Electronics Engineers,resolved,unknown,0,,https://mp.weixin.qq.com/s/xzDW10m8GNqnEFDUPxwnUw,pending_clarivate_verification
computer_science,111,Proceedings of the ACM on Interactive Mobile Wearable and Ubiquitous Technologies-IMWUT,6.2,Q1,3区,,,,[],,unresolved,unknown,0,,https://mp.weixin.qq.com/s/xzDW10m8GNqnEFDUPxwnUw,pending_clarivate_verification
computer_science,112,INTERNATIONAL JOURNAL OF HUMAN-COMPUTER INTERACTION,6.1,Q1,3区,,1044-7318,1532-7590,"[""1044-7318"",""1532-7590""]",Informa UK (Taylor & Francis),resolved,unknown,0,,https://mp.weixin.qq.com/s/xzDW10m8GNqnEFDUPxwnUw,pending_clarivate_verification
computer_science,113,Big Data Mining and Analytics,6.1,Q1,1区,,2096-0654,2096-0654,"[""2096-0654"",""2097-406X""]",Tsinghua University Press,resolved,unknown,0,,https://mp.weixin.qq.com/s/xzDW10m8GNqnEFDUPxwnUw,pending_clarivate_verification
computer_science,114,INFORMATION SCIENCES,6,Q1,2区,,0020-0255,,"[""0020-0255""]",Elsevier,resolved,unknown,0,,https://mp.weixin.qq.com/s/xzDW10m8GNqnEFDUPxwnUw,pending_clarivate_verification
computer_science,115,IEEE TRANSACTIONS ON SOFTWARE ENGINEERING,6,Q1,1区,,0098-5589,1939-3520,"[""0098-5589"",""1939-3520"",""2326-3881""]",Institute of Electrical and Electronics Engineers,resolved,unknown,0,,https://mp.weixin.qq.com/s/xzDW10m8GNqnEFDUPxwnUw,pending_clarivate_verification
computer_science,116,INTERNATIONAL JOURNAL OF HUMAN-COMPUTER STUDIES,6,Q1,2区,,1071-5819,1095-9300,"[""1071-5819"",""1095-9300""]",Elsevier,resolved,unknown,0,,https://mp.weixin.qq.com/s/xzDW10m8GNqnEFDUPxwnUw,pending_clarivate_verification
computer_science,117,IEEE Open Journal of the Computer Society,6,Q1,3区,,,2644-1268,"[""2644-1268""]",Institute of Electrical and Electronics Engineers,resolved,unknown,0,,https://mp.weixin.qq.com/s/xzDW10m8GNqnEFDUPxwnUw,pending_clarivate_verification
computer_science,118,ROBOTICS AND AUTONOMOUS SYSTEMS,6,Q1,2区,,0921-8890,,"[""0921-8890""]",Elsevier,resolved,unknown,0,,https://mp.weixin.qq.com/s/xzDW10m8GNqnEFDUPxwnUw,pending_clarivate_verification
computer_science,119,AUTONOMOUS ROBOTS,6,Q1,3区,,0929-5593,1573-7527,"[""0929-5593"",""1573-7527""]",Springer-Verlag,resolved,unknown,0,,https://mp.weixin.qq.com/s/xzDW10m8GNqnEFDUPxwnUw,pending_clarivate_verification
computer_science,120,IEEE TRANSACTIONS ON PARALLEL AND DISTRIBUTED SYSTEMS,5.9,Q1,2区,,1045-9219,1558-2183,"[""1045-9219"",""1558-2183"",""2161-9883""]",Institute of Electrical and Electronics Engineers,resolved,unknown,0,,https://mp.weixin.qq.com/s/xzDW10m8GNqnEFDUPxwnUw,pending_clarivate_verification
computer_science,121,Future Generation Computer Systems-The International Journal of eScience,5.9,Q1,2区,,,,[],,unresolved,unknown,0,,https://mp.weixin.qq.com/s/xzDW10m8GNqnEFDUPxwnUw,pending_clarivate_verification
computer_science,122,IEEE TRANSACTIONS ON ANTENNAS AND PROPAGATION,5.9,Q1,1区,,0018-926X,1558-2221,"[""0018-926X"",""1558-2221""]",Institute of Electrical and Electronics Engineers,resolved,unknown,0,,https://mp.weixin.qq.com/s/xzDW10m8GNqnEFDUPxwnUw,pending_clarivate_verification
computer_science,123,IEEE TRANSACTIONS ON BROADCASTING,5.9,Q1,2区,,0018-9316,1557-9611,"[""0018-9316"",""1557-9611""]",Institute of Electrical and Electronics Engineers,resolved,unknown,0,,https://mp.weixin.qq.com/s/xzDW10m8GNqnEFDUPxwnUw,pending_clarivate_verification
computer_science,124,HUMAN-COMPUTER INTERACTION,5.8,Q1,2区,,0737-0024,1532-7051,"[""0737-0024"",""1532-7051""]",Informa UK (Taylor & Francis),resolved,unknown,0,,https://mp.weixin.qq.com/s/xzDW10m8GNqnEFDUPxwnUw,pending_clarivate_verification
computer_science,125,IEEE Transactions on Network and Service Management,5.7,Q1,2区,,1932-4537,1932-4537,"[""1932-4537"",""2373-7379""]",Institute of Electrical and Electronics Engineers,resolved,unknown,0,,https://mp.weixin.qq.com/s/xzDW10m8GNqnEFDUPxwnUw,pending_clarivate_verification
computer_science,126,Vehicular Communications,5.7,Q1,2区,,2214-2096,,"[""2214-2096""]",Elsevier,resolved,unknown,0,,https://mp.weixin.qq.com/s/xzDW10m8GNqnEFDUPxwnUw,pending_clarivate_verification
computer_science,127,ACM Transactions on Multimedia Computing Communications and Applications,5.6,Q1,3区,,1551-6857,1551-6865,"[""1551-6857"",""1551-6865""]",Association for Computing Machinery,resolved,unknown,0,,https://mp.weixin.qq.com/s/xzDW10m8GNqnEFDUPxwnUw,pending_clarivate_verification
computer_science,128,Systems Science & Control Engineering,5.6,Q1,4区,,,2164-2583,"[""2164-2583""]",Informa UK (Taylor & Francis),resolved,unknown,0,,https://mp.weixin.qq.com/s/xzDW10m8GNqnEFDUPxwnUw,pending_clarivate_verification
computer_science,129,Cluster Computing-The Journal of Networks Software Tools and Applications,5.5,Q1,3区,,,,[],,unresolved,unknown,0,,https://mp.weixin.qq.com/s/xzDW10m8GNqnEFDUPxwnUw,pending_clarivate_verification
computer_science,130,Journal of Cloud Computing-Advances Systems and Applications,5.5,Q1,3区,,,,[],,unresolved,unknown,0,,https://mp.weixin.qq.com/s/xzDW10m8GNqnEFDUPxwnUw,pending_clarivate_verification
computer_science,131,COMPUTERS & ELECTRICAL ENGINEERING,5.5,Q1,3区,,0045-7906,,"[""0045-7906""]",Elsevier,resolved,unknown,0,,https://mp.weixin.qq.com/s/xzDW10m8GNqnEFDUPxwnUw,pending_clarivate_verification
computer_science,132,DATA MINING AND KNOWLEDGE DISCOVERY,5.5,Q1,3区,,1384-5810,1573-756X,"[""1384-5810"",""1573-756X""]",Springer-Verlag,resolved,unknown,0,,https://mp.weixin.qq.com/s/xzDW10m8GNqnEFDUPxwnUw,pending_clarivate_verification
computer_science,133,Optical Switching and Networking,5.5,Q1,4区,,1573-4277,,"[""1573-4277""]",Elsevier,resolved,unknown,0,,https://mp.weixin.qq.com/s/xzDW10m8GNqnEFDUPxwnUw,pending_clarivate_verification
computer_science,134,TSINGHUA SCIENCE AND TECHNOLOGY,5.4,Q1,2区,,,,[],,unresolved,unknown,0,,https://mp.weixin.qq.com/s/xzDW10m8GNqnEFDUPxwnUw,pending_clarivate_verification
computer_science,135,IEEE TRANSACTIONS ON RELIABILITY,5.4,Q1,2区,,0018-9529,1558-1721,"[""0018-9529"",""1558-1721""]",Institute of Electrical and Electronics Engineers,resolved,unknown,0,,https://mp.weixin.qq.com/s/xzDW10m8GNqnEFDUPxwnUw,pending_clarivate_verification
computer_science,136,Ad Hoc Networks,5.4,Q1,3区,,1570-8705,,"[""1570-8705""]",Elsevier,resolved,unknown,0,,https://mp.weixin.qq.com/s/xzDW10m8GNqnEFDUPxwnUw,pending_clarivate_verification
computer_science,137,VIRTUAL REALITY,5.4,Q1,2区,,1359-4338,1434-9957,"[""1359-4338"",""1434-9957""]",Springer-Verlag,resolved,unknown,0,,https://mp.weixin.qq.com/s/xzDW10m8GNqnEFDUPxwnUw,pending_clarivate_verification
computer_science,138,Artificial Intelligence and Law,5.3,Q1,2区,,0924-8463,1572-8382,"[""0924-8463"",""1572-8382""]",Springer-Verlag,resolved,unknown,0,,https://mp.weixin.qq.com/s/xzDW10m8GNqnEFDUPxwnUw,pending_clarivate_verification
computer_science,139,IEEE Transactions on Cloud Computing,5.3,Q1,2区,,,2168-7161,"[""2168-7161""]",Institute of Electrical and Electronics Engineers,resolved,unknown,0,,https://mp.weixin.qq.com/s/xzDW10m8GNqnEFDUPxwnUw,pending_clarivate_verification
computer_science,140,Array,5.3,Q1,4区,,,,[],,ambiguous,unknown,0,,https://mp.weixin.qq.com/s/xzDW10m8GNqnEFDUPxwnUw,pending_clarivate_verification
computer_science,141,IEEE Transactions on Control of Network Systems,5.3,Q1,3区,,,2325-5870,"[""2325-5870""]",Institute of Electrical and Electronics Engineers,resolved,unknown,0,,https://mp.weixin.qq.com/s/xzDW10m8GNqnEFDUPxwnUw,pending_clarivate_verification
computer_science,142,JOURNAL OF SYSTEMS ARCHITECTURE,5.3,Q1,3区,,1383-7621,,"[""1383-7621""]",Elsevier,resolved,unknown,0,,https://mp.weixin.qq.com/s/xzDW10m8GNqnEFDUPxwnUw,pending_clarivate_verification
computer_science,143,IEEE Transactions on Sustainable Computing,5.3,Q1,3区,,,2377-3782,"[""2377-3782""]",Institute of Electrical and Electronics Engineers,resolved,unknown,0,,https://mp.weixin.qq.com/s/xzDW10m8GNqnEFDUPxwnUw,pending_clarivate_verification
computer_science,144,CONTROL ENGINEERING PRACTICE,5.3,Q1,2区,,0967-0661,,"[""0967-0661""]",Elsevier,resolved,unknown,0,,https://mp.weixin.qq.com/s/xzDW10m8GNqnEFDUPxwnUw,pending_clarivate_verification
computer_science,145,IEEE-ACM TRANSACTIONS ON NETWORKING,5.3,Q1,3区,,,,[],,unresolved,unknown,0,,https://mp.weixin.qq.com/s/xzDW10m8GNqnEFDUPxwnUw,pending_clarivate_verification
computer_science,146,VLDB JOURNAL,5.3,Q1,2区,,,,[],,unresolved,unknown,0,,https://mp.weixin.qq.com/s/xzDW10m8GNqnEFDUPxwnUw,pending_clarivate_verification
computer_science,147,Big Data and Cognitive Computing,5.3,Q1,3区,,,2504-2289,"[""2504-2289""]",MDPI AG,resolved,unknown,0,,https://mp.weixin.qq.com/s/xzDW10m8GNqnEFDUPxwnUw,pending_clarivate_verification
computer_science,148,IEEE-ACM Transactions on Audio Speech and Language Processing,5.2,Q1,2区,,,,[],,unresolved,unknown,0,,https://mp.weixin.qq.com/s/xzDW10m8GNqnEFDUPxwnUw,pending_clarivate_verification
computer_science,149,ACM Transactions on Autonomous and Adaptive Systems,5.2,Q1,4区,,1556-4665,1556-4703,"[""1556-4665"",""1556-4703""]",Association for Computing Machinery,resolved,unknown,0,,https://mp.weixin.qq.com/s/xzDW10m8GNqnEFDUPxwnUw,pending_clarivate_verification
computer_science,150,IEEE Wireless Communications Letters,5.1,Q1,3区,,2162-2337,2162-2345,"[""2162-2337"",""2162-2345""]",Institute of Electrical and Electronics Engineers,resolved,unknown,0,,https://mp.weixin.qq.com/s/xzDW10m8GNqnEFDUPxwnUw,pending_clarivate_verification
computer_science,151,Journal of Optical Communications and Networking,5.1,Q1,2区,,1943-0620,1943-0639,"[""1943-0620"",""1943-0639""]",Optica Publishing Group,resolved,unknown,0,,https://mp.weixin.qq.com/s/xzDW10m8GNqnEFDUPxwnUw,pending_clarivate_verification
computer_science,152,ACM Transactions on Internet Technology,5.1,Q1,3区,,1533-5399,1557-6051,"[""1533-5399"",""1557-6051""]",Association for Computing Machinery,resolved,unknown,0,,https://mp.weixin.qq.com/s/xzDW10m8GNqnEFDUPxwnUw,pending_clarivate_verification
computer_science,153,IMAGE AND VISION COMPUTING,5,Q1,3区,,0262-8856,,"[""0262-8856""]",Elsevier,resolved,unknown,0,,https://mp.weixin.qq.com/s/xzDW10m8GNqnEFDUPxwnUw,pending_clarivate_verification
computer_science,154,International Journal of Information Security,5,Q1,4区,,1615-5262,1615-5270,"[""1615-5262"",""1615-5270""]",Springer-Verlag,resolved,unknown,0,,https://mp.weixin.qq.com/s/xzDW10m8GNqnEFDUPxwnUw,pending_clarivate_verification
computer_science,155,ACM Transactions on the Web,4.9,Q1,4区,,1559-1131,1559-114X,"[""1559-1131"",""1559-114X""]",Association for Computing Machinery,resolved,unknown,0,,https://mp.weixin.qq.com/s/xzDW10m8GNqnEFDUPxwnUw,pending_clarivate_verification
computer_science,156,IEEE Systems Journal,4.9,Q1,3区,,1932-8184,1937-9234,"[""1932-8184"",""1937-9234"",""2373-7816""]",Institute of Electrical and Electronics Engineers,resolved,unknown,0,,https://mp.weixin.qq.com/s/xzDW10m8GNqnEFDUPxwnUw,pending_clarivate_verification
computer_science,157,IEEE Transactions on Cognitive and Developmental Systems,4.7,Q1,3区,,2379-8920,2379-8939,"[""2379-8920"",""2379-8939""]",Institute of Electrical and Electronics Engineers,resolved,unknown,0,,https://mp.weixin.qq.com/s/xzDW10m8GNqnEFDUPxwnUw,pending_clarivate_verification
computer_science,158,International Journal of Critical Infrastructure Protection,4.6,Q1,3区,,1874-5482,,"[""1874-5482""]",Elsevier,resolved,unknown,0,,https://mp.weixin.qq.com/s/xzDW10m8GNqnEFDUPxwnUw,pending_clarivate_verification
computer_science,159,INFORMATION AND SOFTWARE TECHNOLOGY,4.6,Q1,2区,,0950-5849,,"[""0950-5849""]",Elsevier,resolved,unknown,0,,https://mp.weixin.qq.com/s/xzDW10m8GNqnEFDUPxwnUw,pending_clarivate_verification
computer_science,160,Romanian Journal of Information Science and Technology,4.6,Q1,4区,,1453-8245,,"[""1453-8245""]",Editura Academiei Române,resolved,unknown,0,,https://mp.weixin.qq.com/s/xzDW10m8GNqnEFDUPxwnUw,pending_clarivate_verification
computer_science,161,SIMULATION MODELLING PRACTICE AND THEORY,4.6,Q1,3区,,1569-190X,,"[""1569-190X""]",Elsevier,resolved,unknown,0,,https://mp.weixin.qq.com/s/xzDW10m8GNqnEFDUPxwnUw,pending_clarivate_verification
computer_science,162,COMPUTER STANDARDS & INTERFACES,4.6,Q1,2区,,0920-5489,,"[""0920-5489""]",Elsevier,resolved,unknown,0,,https://mp.weixin.qq.com/s/xzDW10m8GNqnEFDUPxwnUw,pending_clarivate_verification
computer_science,163,Big Data Research,4.6,Q1,3区,,2214-5796,,"[""2214-5796""]",Elsevier,resolved,unknown,0,,https://mp.weixin.qq.com/s/xzDW10m8GNqnEFDUPxwnUw,pending_clarivate_verification
computer_science,164,WORLD WIDE WEB-INTERNET AND WEB INFORMATION SYSTEMS,4.5,Q1,4区,,,,[],,unresolved,unknown,0,,https://mp.weixin.qq.com/s/xzDW10m8GNqnEFDUPxwnUw,pending_clarivate_verification
computer_science,165,International Journal of Software Science and Computational Intelligence-IJSSCI,4.5,Q1,4区,,,,[],,unresolved,unknown,0,,https://mp.weixin.qq.com/s/xzDW10m8GNqnEFDUPxwnUw,pending_clarivate_verification
computer_science,166,IEEE MICRO,4.4,Q1,3区,,0272-1732,1937-4143,"[""0272-1732"",""1937-4143""]",Institute of Electrical and Electronics Engineers,resolved,unknown,0,,https://mp.weixin.qq.com/s/xzDW10m8GNqnEFDUPxwnUw,pending_clarivate_verification
computer_science,167,Journal of Bionic Engineering,4.4,Q1,3区,,1672-6529,2543-2141,"[""1672-6529"",""2543-2141""]",Springer-Verlag,resolved,unknown,0,,https://mp.weixin.qq.com/s/xzDW10m8GNqnEFDUPxwnUw,pending_clarivate_verification
computer_science,168,Visual Informatics,4.4,Q1,2区,,2468-502X,,"[""2468-502X""]",Elsevier,resolved,unknown,0,,https://mp.weixin.qq.com/s/xzDW10m8GNqnEFDUPxwnUw,pending_clarivate_verification
computer_science,169,INTERNATIONAL JOURNAL OF SYSTEMS SCIENCE,4.3,Q1,4区,,0020-7721,1464-5319,"[""0020-7721"",""1464-5319""]",Informa UK (Taylor & Francis),resolved,unknown,0,,https://mp.weixin.qq.com/s/xzDW10m8GNqnEFDUPxwnUw,pending_clarivate_verification
computer_science,170,Data Science and Engineering,4.1,Q1,1区,,2364-1185,2364-1541,"[""2364-1185"",""2364-1541""]",Springer-Verlag,resolved,unknown,0,,https://mp.weixin.qq.com/s/xzDW10m8GNqnEFDUPxwnUw,pending_clarivate_verification
computer_science,171,EVOLUTIONARY COMPUTATION,4.1,Q1,3区,,1063-6560,1530-9304,"[""1063-6560"",""1530-9304""]",MIT Press,resolved,unknown,0,,https://mp.weixin.qq.com/s/xzDW10m8GNqnEFDUPxwnUw,pending_clarivate_verification
computer_science,172,Frontiers in Big Data,3.8,Q1,4区,,,2624-909X,"[""2624-909X""]",Frontiers Media SA,resolved,unknown,0,,https://mp.weixin.qq.com/s/xzDW10m8GNqnEFDUPxwnUw,pending_clarivate_verification
computer_science,173,Bioinspiration & Biomimetics,3.5,Q1,3区,,1748-3182,1748-3190,"[""1748-3182"",""1748-3190""]",IOP Publishing,resolved,unknown,0,,https://mp.weixin.qq.com/s/xzDW10m8GNqnEFDUPxwnUw,pending_clarivate_verification
computer_science,174,Nonlinear Analysis-Hybrid Systems,3.2,Q1,3区,,,,[],,unresolved,unknown,0,,https://mp.weixin.qq.com/s/xzDW10m8GNqnEFDUPxwnUw,pending_clarivate_verification
computer_science,175,INFORMATICA,3.2,Q1,3区,,,,[],,ambiguous,unknown,0,,https://mp.weixin.qq.com/s/xzDW10m8GNqnEFDUPxwnUw,pending_clarivate_verification
computer_science,176,EPJ Data Science,3.1,Q1,2区,,2193-1127,2193-1127,"[""2193-1127""]",Springer-Verlag,resolved,unknown,0,,https://mp.weixin.qq.com/s/xzDW10m8GNqnEFDUPxwnUw,pending_clarivate_verification
computer_science,177,INTERNATIONAL JOURNAL OF ROBUST AND NONLINEAR CONTROL,3.1,Q1,4区,,1049-8923,1099-1239,"[""1049-8923"",""1099-1239""]",Wiley (John Wiley & Sons),resolved,unknown,0,,https://mp.weixin.qq.com/s/xzDW10m8GNqnEFDUPxwnUw,pending_clarivate_verification
computer_science,178,SOCIAL NETWORKS,2.7,Q1,2区,,0378-8733,,"[""0378-8733""]",Elsevier,resolved,unknown,0,,https://mp.weixin.qq.com/s/xzDW10m8GNqnEFDUPxwnUw,pending_clarivate_verification
computer_science,179,International Journal of Dynamics and Control,2.7,Q1,4区,,2195-268X,2195-2698,"[""2195-268X"",""2195-2698""]",Springer-Verlag,resolved,unknown,0,,https://mp.weixin.qq.com/s/xzDW10m8GNqnEFDUPxwnUw,pending_clarivate_verification
computer_science,180,IEEE TRANSACTIONS ON INFORMATION THEORY,2.6,Q1,3区,,0018-9448,1557-9654,"[""0018-9448"",""1557-9654""]",Institute of Electrical and Electronics Engineers,resolved,unknown,0,,https://mp.weixin.qq.com/s/xzDW10m8GNqnEFDUPxwnUw,pending_clarivate_verification
computer_science,181,Natural Language Engineering,2.5,Q1,4区,,1351-3249,1469-8110,"[""1351-3249"",""1469-8110""]",Cambridge University Press,resolved,unknown,0,,https://mp.weixin.qq.com/s/xzDW10m8GNqnEFDUPxwnUw,pending_clarivate_verification
computer_science,182,Advances in Data Analysis and Classification,2.1,Q1,4区,,1862-5347,1862-5355,"[""1862-5347"",""1862-5355""]",Springer-Verlag,resolved,unknown,0,,https://mp.weixin.qq.com/s/xzDW10m8GNqnEFDUPxwnUw,pending_clarivate_verification
computer_science,183,JOURNAL OF CRYPTOLOGY,2.1,Q1,3区,,0933-2790,1432-1378,"[""0933-2790"",""1432-1378""]",Springer-Verlag,resolved,unknown,0,,https://mp.weixin.qq.com/s/xzDW10m8GNqnEFDUPxwnUw,pending_clarivate_verification
computer_science,184,OPTIMAL CONTROL APPLICATIONS & METHODS,2.1,Q1,4区,,,,[],,unresolved,unknown,0,,https://mp.weixin.qq.com/s/xzDW10m8GNqnEFDUPxwnUw,pending_clarivate_verification
